"id","title","description","availability","condition","price","link","image_link","brand","additional_image_link","color","google_product_category"
"1","サコッシュ 帆布の控えめスマートサコッシュ","厳選された高品質キャンバス素材を使用したサコッシュは、シンプルながらも洗練されたデザインが魅力。実用性にも優れ、日常使いやお出かけなど様々なシーンで活躍するアイテム。調節可能なストラップにより、快適な着用感を提供するこの帆布バッグは、機能性とスタイルを兼ね備えた必須アイテムです。","in stock","new","2420 JPY","https://www.sacoche-sacolla.jp/item/1","https://fulmo-img-server.com/sacoche-sacolla/7be920cacd3944409004d524bc4df2cd.jepg","sacoche sacolla","https://fulmo-img-server.com/sacoche-sacolla/bb7fca1dbd7a4192ae269bce4f5bbaa9.jepg,https://fulmo-img-server.com/sacoche-sacolla/b587fece019f405ebb652b4a9f571d1b.jepg,https://fulmo-img-server.com/sacoche-sacolla/18825e00844f4de3a52803b4e37ce1e8.jepg,https://fulmo-img-server.com/sacoche-sacolla/27eb10058a2349b38d8a5805336d3cd2.jepg","カーキ / ブラック / グレー / ホワイト / レッド","169"
"2","サコッシュ フラワーモチーフ付きバケツ型サコッシュ","上質なレザーを使用したバケツ型のサコッシュ。 フロントの花モチーフが特徴的で高級感を演出します。 長さ調節可能なショルダーストラップ付きで使い勝手抜群。 シンプルながら洗練されたデザインのサコッシュは、日常使いからお出かけまで幅広く活躍します。","out of stock","new","7180 JPY","https://www.sacoche-sacolla.jp/item/2","https://fulmo-img-server.com/sacoche-sacolla/af9519340cc746bbb3d0ec68e77623be.jepg","sacoche sacolla","https://fulmo-img-server.com/sacoche-sacolla/a928d8b7ace346d18dd38f5b325f8832.jepg,https://fulmo-img-server.com/sacoche-sacolla/d96e892571ba42c880a7a07bcfa78cce.jepg,https://fulmo-img-server.com/sacoche-sacolla/e53e87c673414f1490daae1c8c289722.jepg","ブラック / ブラウン","169"
"3","サコッシュ ミニマルスクエアショルダーバッグ","コンパクトながら機能的なサコッシュ。 上質なレザーを使用し、洗練された美しいフォルムが特徴。 ミニマルなデザインながらも収納力があり、フロントポケットも備えた実用性。 日常使いから旅行まで幅広く活躍する、肩掛けスタイルも楽しめる万能バッグです。","in stock","new","5600 JPY","https://www.sacoche-sacolla.jp/item/3","https://fulmo-img-server.com/sacoche-sacolla/d6a784c84e304707bda7ad073ea31171.jepg","sacoche sacolla","https://fulmo-img-server.com/sacoche-sacolla/b6ab2e4300ad48bdaaeb7882a0ab44d2.jepg,https://fulmo-img-server.com/sacoche-sacolla/040536b6c696403ca8d9e9488545cfa0.jepg,https://fulmo-img-server.com/sacoche-sacolla/77e70f94a5434d338ee83e7e88d0af77.jepg,https://fulmo-img-server.com/sacoche-sacolla/3d4c5032a20c4fe587c03e340244194c.jepg","ブラック / ブラウン / アプリコット / ベージュ","169"
"4","サコッシュ フラップ付きミニマルショルダーバッグ","スタイリッシュな角型デザインと大きめのフラップが特徴的な本革サコッシュ。 レザーの高級感と耐久性を兼ね備え、シンプルかつ洗練された外観が魅力。 日常使いからフォーマルシーンまで幅広く活躍する、レザーアイテムならではの上品さを感じる逸品。","in stock","new","6360 JPY","https://www.sacoche-sacolla.jp/item/4","https://fulmo-img-server.com/sacoche-sacolla/d3f9d75b19c04956abd395dbce497c65.jepg","sacoche sacolla","https://fulmo-img-server.com/sacoche-sacolla/287bebc1693e4f2b93eee12f70d51cab.jepg,https://fulmo-img-server.com/sacoche-sacolla/b6d1ae5691554c6cbf839f750c4cde79.jepg,https://fulmo-img-server.com/sacoche-sacolla/b4f61d3397da4f49b857b6383b25d46e.jepg,https://fulmo-img-server.com/sacoche-sacolla/4cb5fc54060c4707b8c71ab0a14e05cf.jepg","ブラック / ブラウン","169"
"5","サコッシュ ポレーヌ スムースレザー手提げバッグ","柔らかな曲線が魅力的な洗練されたレザーサコッシュ。ミニマルなデザインながら、存在感抜群のシルエットが上品さを引き立てる。日常のカジュアルシーンから特別なイベントまで、幅広く活躍する大人の女性にぴったりのアイテム。高級感あるレザーが、使うほどに味わい深くなり、永く愛用できる逸品です。","in stock","new","5260 JPY","https://www.sacoche-sacolla.jp/item/5","https://fulmo-img-server.com/sacoche-sacolla/b0a28ecdda75478bb86c4495b561bf1c.jepg","sacoche sacolla","https://fulmo-img-server.com/sacoche-sacolla/5ce4e3745c0a41319539d585b84dea02.jepg,https://fulmo-img-server.com/sacoche-sacolla/12fa32ad65d94147ae5b67b9a057be14.jepg,https://fulmo-img-server.com/sacoche-sacolla/5f8c67689e4143e69ed43c426a2cf301.jepg,https://fulmo-img-server.com/sacoche-sacolla/cfa454dbde7c423f9f82efb34d5b8dbd.jepg","ブラック / グレー / ホワイト / キャメル","169"
"6","サコッシュ ミニマルシックなフラップバッグ","洗練されたデザインが魅力のフラップ型サコッシュ。 上質なレザー素材と丁寧な縫製により、日常使いからお出かけまで幅広く活躍します。 小ぶりながら必需品をしっかり収納でき、調整可能なショルダーストラップで斜め掛けも可能な実用的なレザーサコッシュです。","in stock","new","2460 JPY","https://www.sacoche-sacolla.jp/item/6","https://fulmo-img-server.com/sacoche-sacolla/7b19be245f724d6e9390241f5e05bf6e.jepg","sacoche sacolla","https://fulmo-img-server.com/sacoche-sacolla/bb01875970dd421db4a87cc00cddc1a9.jepg,https://fulmo-img-server.com/sacoche-sacolla/a74e8d75f3034a209e9d277d99c3b2e4.jepg,https://fulmo-img-server.com/sacoche-sacolla/5b43617c802c41b4ae418acdaac93170.jepg","カーキ / ブラック / ホワイト / レッド / ブラウン","169"
"7","サコッシュ 都会的スマートレザーサコッシュ","高品質な本革を使用したサコッシュバッグ。洗練されたデザインに加え、複数のジッパーポケットが小物の整理を手助け。ショルダーストラップ付きで、カジュアルなシーンからビジネスシーンまで幅広く対応。特別な一品として、日常のスタイルに彩りを添えるアイテム。機能性とファッション性を兼ね備えた、あなたの必需品です。","in stock","new","5260 JPY","https://www.sacoche-sacolla.jp/item/7","https://fulmo-img-server.com/sacoche-sacolla/6274732a4b364749a8499cc9d877f055.jepg","sacoche sacolla","https://fulmo-img-server.com/sacoche-sacolla/24aa1e28402641d78db15feca829210e.jepg,https://fulmo-img-server.com/sacoche-sacolla/4b1a3094b45446168a55b3e6c7af4245.jepg,https://fulmo-img-server.com/sacoche-sacolla/18416f3e4e454f76a8f94958fbb293e9.jepg","ブラック","169"
"8","サコッシュ 収納力抜群のカメラマン用サコッシュ","カメラ愛好家のための実用的なサコッシュ。 上質なレザー素材を使用し、カメラや小物をしっかり収納できる機能性が魅力。 調節可能なショルダーストラップ付きで携帯に便利なサコッシュです。 デニムジャケットとの相性も抜群で、日常のカジュアルスタイリングにぴったりのレザーアイテム。","in stock","new","6780 JPY","https://www.sacoche-sacolla.jp/item/8","https://fulmo-img-server.com/sacoche-sacolla/d67d2fe83a2b4de799e8bc1754e6cfa3.jepg","sacoche sacolla","https://fulmo-img-server.com/sacoche-sacolla/c396141c7f43460f8b4a145bf5867cb8.jepg,https://fulmo-img-server.com/sacoche-sacolla/f4dc67a6df784e6d8e670818ab092fb5.jepg","ブラウン","169"
"9","サコッシュ クラシックレザーサコッシュ","高品質なレザーを使用したサコッシュ、耐久性に優れたしっかりとした作りが魅力。洗練されたデザインはデニムジャケットとも相性抜群。斜めがけスタイルで使いやすく、日常のコーディネートに華を添える。シンプルながらも上質な雰囲気が漂う、大人のカジュアルスタイルにぴったりのアイテム。","in stock","new","7280 JPY","https://www.sacoche-sacolla.jp/item/9","https://fulmo-img-server.com/sacoche-sacolla/ad8c94fe5bea4b16b0c3efb7e63b8946.jepg","sacoche sacolla","https://fulmo-img-server.com/sacoche-sacolla/0712363cc4364580bdfb1ec775cb0b55.jepg,https://fulmo-img-server.com/sacoche-sacolla/a54b67ca82434c14a9fd8748f22611ed.jepg,https://fulmo-img-server.com/sacoche-sacolla/3c59f07ae973406da782080de416c1af.jepg,https://fulmo-img-server.com/sacoche-sacolla/407938ffe8324f4ab3ae4c35b7b93d0b.jepg","ブラック","169"
"10","サコッシュ 上質レザーの多機能サコッシュ","高級本革を使用したサコッシュは、洗練されたデザインが魅力。スマートフォンや財布などの必需品をコンパクトに収め、ショルダーストラップで斜め掛けも楽しめる。ビジネスシーンからカジュアルな日常まで、スタイルを選ばず活躍する実用性抜群のアイテム。上質なレザーの質感が、持つ人のセンスを引き立てます。","in stock","new","7180 JPY","https://www.sacoche-sacolla.jp/item/10","https://fulmo-img-server.com/sacoche-sacolla/b1bfbaa62b21493ea8fdcbb850850a7f.jepg","sacoche sacolla","https://fulmo-img-server.com/sacoche-sacolla/774e3c36c7c34adf95003442cfb21fbc.jepg,https://fulmo-img-server.com/sacoche-sacolla/18f1baf9475f487fafa80e686b2698a4.jepg,https://fulmo-img-server.com/sacoche-sacolla/cb34f66232704c3d9de2c1d2a9640fb2.jepg,https://fulmo-img-server.com/sacoche-sacolla/a160208c66714973815c0a2cbeb4fb3d.jepg","ブラック","169"
"11","サコッシュ 紳士用スクエアショルダーバッグ","上質なレザーを使用した都会的なデザインのサコッシュ。 フロントのメタルパーツがアクセントになった洗練された雰囲気が魅力。 斜め掛けスタイルで快適な装着感を実現し、日常使いから軽めの出張まで幅広く活躍する実用的なサイズ感と機能性を兼ね備えています。","in stock","new","4060 JPY","https://www.sacoche-sacolla.jp/item/11","https://fulmo-img-server.com/sacoche-sacolla/5071f520b6fe4416aa116450de73bdb2.jepg","sacoche sacolla","https://fulmo-img-server.com/sacoche-sacolla/804af1e93793420187c1a3d6b019f0a2.jepg,https://fulmo-img-server.com/sacoche-sacolla/4c1de6fb29eb469e91a2bf9fdaa4961e.jepg,https://fulmo-img-server.com/sacoche-sacolla/01b52cea2c79427ebc599b16411d5352.jepg,https://fulmo-img-server.com/sacoche-sacolla/bd5080d1008148c483275943bb755fcd.jepg","ブラック","169"
"12","サコッシュ 編み込みデザイン サコッシュ","上質な編み込みレザーを使用したスタイリッシュなサコッシュ。耐久性と軽量性を兼ね備え、日常使いに最適。ショルダーストラップ付きで肩掛けも可能な実用的なデザイン。カジュアルからビジネスまで幅広く活用できる逸品。","in stock","new","10580 JPY","https://www.sacoche-sacolla.jp/item/12","https://fulmo-img-server.com/sacoche-sacolla/e2369079cb804113a2bd1f89b2b6ca5c.jepg","sacoche sacolla","https://fulmo-img-server.com/sacoche-sacolla/2cd3cb3b389f474786494368b3b3f83a.jepg,https://fulmo-img-server.com/sacoche-sacolla/afe0e56e8666466e8930c0796b6b02a4.jepg,https://fulmo-img-server.com/sacoche-sacolla/d23204d7f18645c9a350ff98b83a7cf1.jepg,https://fulmo-img-server.com/sacoche-sacolla/0534fd6fdda74b289e5c169581296b02.jepg","ブラック","169"
"13","サコッシュ 洗練シンプル サコッシュバッグ","上質なレザー素材を使用した洗練された都会的なサコッシュ。 薄型でありながら必要な収納力を備え、肩掛けスタイルで快適な使い心地。 日常使いからちょっとしたお出かけまで幅広く活躍する、ミニマルデザインながら存在感のある逸品。 サコッシュとしての機能性と上質なレザーの質感が調和した実用的な一品。","in stock","new","13930 JPY","https://www.sacoche-sacolla.jp/item/13","https://fulmo-img-server.com/sacoche-sacolla/b4284777089a467cb9ca0c47afc6a77c.jepg","sacoche sacolla","https://fulmo-img-server.com/sacoche-sacolla/8685947bbc91458b82a241d0c6830bc5.jepg,https://fulmo-img-server.com/sacoche-sacolla/81c6cc49db18410d81ba42eceebc98aa.jepg,https://fulmo-img-server.com/sacoche-sacolla/d47752e4b22f48abb2d2dd92d553e609.jepg,https://fulmo-img-server.com/sacoche-sacolla/4e89d2f19b4246afa9d038fcf7f0287c.jepg","ブラック / グリーン","169"
"14","サコッシュ レザーミニショルダーバッグ","本革を贅沢に使用したサコッシュは、洗練されたシンプルデザインが魅力。日常のスタイルに自然に溶け込み、コンパクトながら収納力も抜群。長さ調節可能なストラップにより、斜めがけスタイルも楽しめる実用性を兼ね備えたアイテム。上質なレザーが持つ独特の風合いが、使うほどに愛着を感じさせる一品です。","in stock","new","9000 JPY","https://www.sacoche-sacolla.jp/item/14","https://fulmo-img-server.com/sacoche-sacolla/e8e0580478d54b04a5052d5bc43e2712.jepg","sacoche sacolla","https://fulmo-img-server.com/sacoche-sacolla/edccc4f7c6724bc3b3c5dc049d1ac8b7.jepg,https://fulmo-img-server.com/sacoche-sacolla/5679152130d24054b348a7604e381f2a.jepg,https://fulmo-img-server.com/sacoche-sacolla/eb65583e45834d4588ef36b340513cc1.jepg,https://fulmo-img-server.com/sacoche-sacolla/77467e57ae43425ba901cc93aab76f8c.jepg","ブラック / ホワイト / グリーン","169"
"15","サコッシュ 上質な風合いのソフトレザーサコッシュ","上質な本革を使用したサコッシュ。柔らかな質感と高い耐久性が魅力で、日常使いにぴったりなコンパクトデザイン。ジッパー付きで安心感があり、肩掛けや手持ちができる2WAY仕様。シンプルさの中に機能性を備えた、大人のカジュアルスタイルにマッチするアイテム。どんなシーンでも活躍し、洗練された印象を与えます。","in stock","new","11980 JPY","https://www.sacoche-sacolla.jp/item/15","https://fulmo-img-server.com/sacoche-sacolla/822144555c304e79a1f739084d1687ed.jepg","sacoche sacolla","https://fulmo-img-server.com/sacoche-sacolla/93401540a00c4f25be0e06bf07097bf6.jepg,https://fulmo-img-server.com/sacoche-sacolla/424209669e73483580e174d8609ef918.jepg,https://fulmo-img-server.com/sacoche-sacolla/0d392de1a8814323b447e1ea4129eea5.jepg,https://fulmo-img-server.com/sacoche-sacolla/8bad60db30cd4318b87ec5814ccb58bb.jepg","ブラック / グリーン","169"
"16","サコッシュ シンプル上質レザークラッチバッグ","本革のサコッシュは、柔らかな質感と上品な艶が魅力。日常使いやビジネスシーンでも大活躍するスタイリッシュなデザイン。斜め掛けできるストラップ付きで、実用性も兼ね備えています。洗練された大人の雰囲気を引き立てる一品です。どんなシーンでも使いやすく、あなたのコーディネートに華を添えます。","in stock","new","13240 JPY","https://www.sacoche-sacolla.jp/item/16","https://fulmo-img-server.com/sacoche-sacolla/b8ac7001f907433cb0424c0e8bdc5db7.jepg","sacoche sacolla","https://fulmo-img-server.com/sacoche-sacolla/b913b5ba65ac40c8bc36375ad0a281b8.jepg,https://fulmo-img-server.com/sacoche-sacolla/c6b786e12f7447a88b90c33b6d8e37c8.jepg,https://fulmo-img-server.com/sacoche-sacolla/48922c9ca45146bda778fd48a7553847.jepg,https://fulmo-img-server.com/sacoche-sacolla/25332324c452403986db672d8dc252f0.jepg","ブラック","169"
"17","サコッシュ ミニマリスト向け革製サコッシュ","上質なレザーを使用した洗練されたサコッシュ。 柔らかな手触りと機能性を兼ね備えたコンパクトなデザイン。 ジッパー開閉で貴重品をしっかり保護し、調節可能なストラップで快適な斜め掛けスタイルを実現。 シンプルながら上品な雰囲気のサコッシュは、日常のあらゆるシーンで活躍します。","out of stock","new","11480 JPY","https://www.sacoche-sacolla.jp/item/17","https://fulmo-img-server.com/sacoche-sacolla/b76dd5d7229a4cd89f69e54ea9ec689b.jepg","sacoche sacolla","https://fulmo-img-server.com/sacoche-sacolla/2430d6ef6c2f45d0849d5c6e5a06b4c2.jepg,https://fulmo-img-server.com/sacoche-sacolla/42da24811d764e4f8670b9ba534e4d75.jepg","ブラウン","169"
"18","サコッシュ 上質な革のミニショルダーバッグ","コンパクトながら収納力抜群のレザーサコッシュ。 柔らかな革の質感と洗練されたデザインが魅力的な一品。 普段使いからちょっとしたお出かけまで幅広く活躍する、大人のための上質なサコッシュです。 肩掛けスタイルで手軽に持ち運べるため、実用性と上品さを兼ね備えています。","in stock","new","9840 JPY","https://www.sacoche-sacolla.jp/item/18","https://fulmo-img-server.com/sacoche-sacolla/552ef3155e1f4f43926d5b0240f5beb0.jepg","sacoche sacolla","https://fulmo-img-server.com/sacoche-sacolla/9c68e1b8cb054ee79ddf4dc71f87d0d1.jepg,https://fulmo-img-server.com/sacoche-sacolla/c11116b660ed4922962500fe379772b1.jepg,https://fulmo-img-server.com/sacoche-sacolla/d0f6f77f786048a7a0895c07db836e52.jepg,https://fulmo-img-server.com/sacoche-sacolla/92fb6248198c41daa41cfbb9b037da00.jepg","ブラック / ブラウン / グリーン / イエロー","169"
"19","サコッシュ 編み込みデザインのミニショルダーバッグ","洗練された編み込み模様が魅力のレザーサコッシュ。 上質なレザー素材で作られた、日常使いに最適なコンパクトサイズ。 カジュアルからフォーマルまで幅広いシーンで活躍する、スタイリッシュな小型ショルダーバッグです。 職人の技が光る繊細な編み込みデザインが高級感を演出します。","out of stock","new","8760 JPY","https://www.sacoche-sacolla.jp/item/19","https://fulmo-img-server.com/sacoche-sacolla/102c2131665f408d9e1d63789bce8b49.jepg","sacoche sacolla","https://fulmo-img-server.com/sacoche-sacolla/77c6eba69cfa42efb40f65a5d0eeb1e0.jepg,https://fulmo-img-server.com/sacoche-sacolla/797976c6d75344bc8869a05fa5e46ce2.jepg,https://fulmo-img-server.com/sacoche-sacolla/eff35a23291c495f8f8775745693fc55.jepg,https://fulmo-img-server.com/sacoche-sacolla/ad7b2e6967504a53a1d4b1412249ab98.jepg","ブラック / ホワイト / グリーン / シルバー","169"
"20","サコッシュ 都会派スタイリッシュショルダーポーチ","高級レザー素材のコンパクトサコッシュ。 街歩きにぴったりのサイズ感で、必要なものをすっきり収納できます。 調節可能なショルダーストラップ付きで、肩掛けやななめがけなど様々な使い方が楽しめる実用的なデザインです。 上質な本革の風合いを活かした、日常使いに最適なサコッシュです。","in stock","new","13200 JPY","https://www.sacoche-sacolla.jp/item/20","https://fulmo-img-server.com/sacoche-sacolla/6534092717e645c7a9352c5c390e32db.jepg","sacoche sacolla","https://fulmo-img-server.com/sacoche-sacolla/074072ee9a2b40a7b064ded67a5242c8.jepg,https://fulmo-img-server.com/sacoche-sacolla/2a244759ed5e49b88a5a92299d79da75.jepg,https://fulmo-img-server.com/sacoche-sacolla/b2e002c0a54f44c192f27d404d428d1b.jepg","ブラック","169"
"21","サコッシュ 革職人の逸品 ミニショルダーバッグ","上質なレザーを使用した洗練されたデザインのサコッシュ。 金具とロゴがアクセントとなり、シンプルながらも高級感あふれる仕上がり。 書類や小物をすっきり収納でき、斜めがけスタイルで快適な使用感。 ビジネスからカジュアルまで幅広く活躍し、使うほどに味わいが増す逸品。","in stock","new","3760 JPY","https://www.sacoche-sacolla.jp/item/21","https://fulmo-img-server.com/sacoche-sacolla/48c7cbf0bd0f40b2886ef023851c0b8d.jepg","sacoche sacolla","https://fulmo-img-server.com/sacoche-sacolla/7347b6d2b3934f3e819e231ea01fb21c.jepg,https://fulmo-img-server.com/sacoche-sacolla/a806fc9978184536a77b72241b8c2498.jepg,https://fulmo-img-server.com/sacoche-sacolla/643b4081eea34e988827b78d835c5fc1.jepg","","169"
"22","サコッシュ 上質な革のサコッシュバッグ","洗練されたデザインと機能性を兼ね備えた高級レザーサコッシュ。 コンパクトな形状ながら日常の必需品をすっきり収納可能。 上質なサコッシュは、ビジネスシーンからカジュアルな場面まで幅広く活躍する逸品。 肩掛けスタイルで快適な持ち運びを実現した実用的なレザーアイテム。","in stock","new","12780 JPY","https://www.sacoche-sacolla.jp/item/22","https://fulmo-img-server.com/sacoche-sacolla/c4cca701d2f14f1faa7406cc978ae66f.jepg","sacoche sacolla","https://fulmo-img-server.com/sacoche-sacolla/72434eb4894148e3bb3932c91218000b.jepg,https://fulmo-img-server.com/sacoche-sacolla/bb4fabe0912143fa91f75ff00eca6a09.jepg,https://fulmo-img-server.com/sacoche-sacolla/9098407b689f49bb981f2d8aa22979a2.jepg","ブラック / ブラウン","169"
"23","サコッシュ 上質革の都会派メッセンジャーバッグ","スタイリッシュで機能的な本革製サコッシュ。 洗練されたレザーデザインと耐久性を兼ね備え、ビジネスからカジュアルまで幅広いシーンで活躍。 上質な革の風合いが魅力的で、すっきりとしたフォルムが現代的な印象を与える逸品です。","in stock","new","10020 JPY","https://www.sacoche-sacolla.jp/item/23","https://fulmo-img-server.com/sacoche-sacolla/3281b383fc38404f99bc917978d2f181.jepg","sacoche sacolla","https://fulmo-img-server.com/sacoche-sacolla/e89f3aac42bb4d2ebabb4138be464eb1.jepg,https://fulmo-img-server.com/sacoche-sacolla/a14d716b14624fb5a49983f338a07ec9.jepg,https://fulmo-img-server.com/sacoche-sacolla/4284ae5415da427c95a35490760db988.jepg,https://fulmo-img-server.com/sacoche-sacolla/d083579afc9949718eaf5775ef47eadf.jepg,https://fulmo-img-server.com/sacoche-sacolla/a45b69df37cf42c497e15600ab7eabae.jepg,https://fulmo-img-server.com/sacoche-sacolla/5fd8f231586c478ea502ae91950c3c4e.jepg,https://fulmo-img-server.com/sacoche-sacolla/99246eacaf6843fba906ec3a1db2b2ed.jepg,https://fulmo-img-server.com/sacoche-sacolla/c104aee69baf499eae4e238a4fce3635.jepg","ブラック / レッド / ブラウン","169"
"24","サコッシュ ソフトスウェード三角型肩掛けバッグ","上質なレザー素材を使用した三角形シルエットが魅力的なサコッシュです。 柔らかなスウェード質感と調節可能なストラップで肩掛けスタイルが楽しめます。 広めの開口部で使いやすく、日常使いから外出まで幅広く活躍する洗練されたデザインのサコッシュです。","in stock","new","6780 JPY","https://www.sacoche-sacolla.jp/item/24","https://fulmo-img-server.com/sacoche-sacolla/22653db8c4d544cbbfa2d4d6b102e549.jepg","sacoche sacolla","https://fulmo-img-server.com/sacoche-sacolla/52a34c108b33494f864663c3f1de1c0b.jepg,https://fulmo-img-server.com/sacoche-sacolla/c98141431295441583b3ab3b8393bc1e.jepg,https://fulmo-img-server.com/sacoche-sacolla/0331e479c40a47dd951a166b6f8a58a9.jepg,https://fulmo-img-server.com/sacoche-sacolla/8cb899e9c79d4bc5b7b88d693a6d7a09.jepg,https://fulmo-img-server.com/sacoche-sacolla/5e49333cd6d34d529c07e37d684e66a4.jepg,https://fulmo-img-server.com/sacoche-sacolla/79bf1231a9e44b4ba8843421a5d34275.jepg,https://fulmo-img-server.com/sacoche-sacolla/90ae93ac5776422ba7139aaf05955d6f.jepg","レッド / ブラウン / ブルー","169"
"25","サコッシュ 職人技が光る本革ミニショルダーバッグ","上質な牛革を使用したレザーサコッシュ。使い込むほど深まる味わいが魅力です。 コンパクトながら機能的なデザインで、カジュアルからセミフォーマルまで幅広いシーンで活躍します。 ヴィンテージ感あふれる金具がアクセントとなり、日常使いに最適な一品です。 肩掛けスタイルで手軽に持ち運べるサコッシュとして、実用性と上質感を兼ね備えています。","in stock","new","3800 JPY","https://www.sacoche-sacolla.jp/item/25","https://fulmo-img-server.com/sacoche-sacolla/debbb6a375b7406eafc9831e49c19b70.jepg","sacoche sacolla","https://fulmo-img-server.com/sacoche-sacolla/39b0cb1a47394c158c3148bb195ef6a9.jepg,https://fulmo-img-server.com/sacoche-sacolla/ef5f55039a9a432fbab40ebb255cf48b.jepg,https://fulmo-img-server.com/sacoche-sacolla/4cd38634145a4ea1b74c1ec22c0fed3f.jepg","ブラウン","169"
"26","サコッシュ 多機能スマホポーチ","上質なレザーを使用したスタイリッシュなサコッシュ。 スマートフォンや小銭、カードなどの収納に便利な実用的デザイン。 長さ調節可能なストラップ付きで、斜めがけやショルダーとして多様なスタイルに対応。 日常使いに最適な機能性とおしゃれさを兼ね備えた、コンパクトながら収納力抜群のレザーサコッシュです。","in stock","new","4100 JPY","https://www.sacoche-sacolla.jp/item/26","https://fulmo-img-server.com/sacoche-sacolla/7ad44f64af834fae9d493e5074bef0fe.jepg","sacoche sacolla","https://fulmo-img-server.com/sacoche-sacolla/0958bbbfefad4820a8895aa4b24eb7c6.jepg,https://fulmo-img-server.com/sacoche-sacolla/0c09f1b76ca84facb464e60e4fd39ef7.jepg,https://fulmo-img-server.com/sacoche-sacolla/41d0154d03a143b6ac79ec9b5721dc3b.jepg,https://fulmo-img-server.com/sacoche-sacolla/27c6e45f7537464592e9dfb245c6dcb4.jepg,https://fulmo-img-server.com/sacoche-sacolla/0819f40a3cde4feca352d29623fb5894.jepg,https://fulmo-img-server.com/sacoche-sacolla/c0f451e339ae45c08567e064e8012f77.jepg","ブラック / グレー / ホワイト / ブラウン / グリーン / ピンク / キャラメル","169"
"27","サコッシュ シンプル機能美 小型肩掛けかばん","軽量ナイロン素材で作られた日常使いに最適なサコッシュ。 上品な質感と洗練されたデザインが魅力的です。 メインポケットと前面ポケットで収納力も抜群。 可愛らしい動物チャームがアクセントになり、カジュアルからきれいめまで幅広いコーディネートに対応します。","in stock","new","2200 JPY","https://www.sacoche-sacolla.jp/item/27","https://fulmo-img-server.com/sacoche-sacolla/c0ef45a496ca4f639ecd56453b004e1c.jepg","sacoche sacolla","https://fulmo-img-server.com/sacoche-sacolla/3c5fc85031c54a588e1ba6451795f847.jepg,https://fulmo-img-server.com/sacoche-sacolla/6b3b1bfdd0af4f16a77e6125f4e9757b.jepg,https://fulmo-img-server.com/sacoche-sacolla/dea2b2be8661476a964a7af6a6d9101a.jepg,https://fulmo-img-server.com/sacoche-sacolla/16b4f66c730d4ed582c64a40cc4e4a25.jepg,https://fulmo-img-server.com/sacoche-sacolla/be2bfa635dbc4c66b7fc092ac0f99e68.jepg,https://fulmo-img-server.com/sacoche-sacolla/d422e6035fa74de3bcd17c0a77d61202.jepg","グレー / グリーン / ピンク / ライトブルー / ダークブルー","169"
"28","サコッシュ 上質な革製ミニショルダーバッグ","コンパクトながら機能的な設計のレザーサコッシュ。 日常使いに最適な上質な革素材を使用し、柔らかな質感と耐久性を兼ね備えています。 調節可能なストラップで快適な着用感を実現。 小物の整理に便利なジッパー付きで、実用性も抜群です。","in stock","new","9040 JPY","https://www.sacoche-sacolla.jp/item/28","https://fulmo-img-server.com/sacoche-sacolla/cf7d2b37874343439671030a07582173.jepg","sacoche sacolla","https://fulmo-img-server.com/sacoche-sacolla/75575f5041904a68997a63caacd93236.jepg,https://fulmo-img-server.com/sacoche-sacolla/24cb2cf4d55949a2a2d4de7959ebfe35.jepg,https://fulmo-img-server.com/sacoche-sacolla/dc2d1d6a1b924e2b878f980a5244c0dc.jepg,https://fulmo-img-server.com/sacoche-sacolla/339c15692d324fc9802426ec495e0f92.jepg","カーキ / ブラック / グレー / ベージュ / グリーン / イエロー / ピンク / キャラメル","169"
"29","サコッシュ 軽量ミニショルダーバッグ","コンパクトでスタイリッシュなキャンバス製サコッシュ。耐久性に優れた帆布素材を使用し、小ぶりながらも収納力抜群。調節可能なストラップが体にしっかりフィットし、快適な着用感を提供。フロントポケット付きで小物の整理もスムーズに行える。日常使いから旅行シーンまで、多彩なシーンで活躍する実用的なアイテム。シンプルなデザインがどんなスタイルにもマッチします。","in stock","new","3160 JPY","https://www.sacoche-sacolla.jp/item/29","https://fulmo-img-server.com/sacoche-sacolla/5208b66195b7447c8166797fae604494.jepg","sacoche sacolla","https://fulmo-img-server.com/sacoche-sacolla/96553511e9824a4e89e40fce79f44315.jepg,https://fulmo-img-server.com/sacoche-sacolla/414d66a564094e689e0f4f7af09ba824.jepg,https://fulmo-img-server.com/sacoche-sacolla/557d83431750426f86b66329da9359ab.jepg","イエロー / ピンク / ライトブルー / パープル","169"
"30","サコッシュ マリンテイスト帆布サコッシュ","上質なキャンバスと麻混生地を使用したこちらのサコッシュは、日常使いにぴったりのアイテム。金属ボタンやアンカーロゴがさりげなくデザインにアクセントを加え、シンプルさの中に個性を引き立てます。調節可能なショルダーストラップで、快適なフィット感を実現。コンパクトながらも収納力は抜群で、必需品をしっかりと持ち運べます。飽きが来ないデザインで、長く愛用できる帆布バッグです。","in stock","new","2740 JPY","https://www.sacoche-sacolla.jp/item/30","https://fulmo-img-server.com/sacoche-sacolla/18dcd41fb9714b4fbea30696f950f4fb.jepg","sacoche sacolla","https://fulmo-img-server.com/sacoche-sacolla/acf31ace1c244e57bd7c1c71dc900426.jepg,https://fulmo-img-server.com/sacoche-sacolla/ec1aea64ca174511bcf004e56150c140.jepg,https://fulmo-img-server.com/sacoche-sacolla/bf48fd59959340e8b8a12c175ad81e8f.jepg,https://fulmo-img-server.com/sacoche-sacolla/85347a25d9274b6a94400df700f15ece.jepg,https://fulmo-img-server.com/sacoche-sacolla/58dbbc3b90944a1496cf3aba92de0dfa.jepg,https://fulmo-img-server.com/sacoche-sacolla/c78c6e71a34145998af9b983f9c5db7a.jepg,https://fulmo-img-server.com/sacoche-sacolla/a48700b7d9f54a568a40fafdaea48251.jepg,https://fulmo-img-server.com/sacoche-sacolla/e924bd4ba55c4d6ba65a655d532931fd.jepg","ブラック / ホワイト / グリーン / ライトブルー / ダークブルー","169"
"31","サコッシュ かわいいハートチャーム付きミニショルダーバッグ","軽量で丈夫なナイロン素材を使用した実用的なサコッシュ。 スマートフォンや財布など必需品がすっきり収まる絶妙なサイズ感。 可愛いハート型チャームがアクセントになった3つのジッパーポケット付き。 小物の整理も便利な機能性とデザイン性を兼ね備えたナイロンミニバッグ。","in stock","new","3080 JPY","https://www.sacoche-sacolla.jp/item/31","https://fulmo-img-server.com/sacoche-sacolla/7063caca433442d88caaf5701857f9f0.jepg","sacoche sacolla","https://fulmo-img-server.com/sacoche-sacolla/a75a0f78b96d4e2a9051ec6787383ee5.jepg,https://fulmo-img-server.com/sacoche-sacolla/d4ce26e1dab5417e8341e169ad068a2e.jepg,https://fulmo-img-server.com/sacoche-sacolla/ca43e2e58a56439dae51183dd73fa76f.jepg,https://fulmo-img-server.com/sacoche-sacolla/02357e5c658846738d0f94e09c0e5a85.jepg,https://fulmo-img-server.com/sacoche-sacolla/46823a5418bd40c8b2e430e5a3e10fe6.jepg,https://fulmo-img-server.com/sacoche-sacolla/028b9ba50d984bcfac8ba7792b854688.jepg,https://fulmo-img-server.com/sacoche-sacolla/14ccedcc86a849c5bd54e76c6179556e.jepg","ブラック / ピンク / ダークブルー / パープル / ブラック（プリント付） / パープル（プリント付） / ダークブルー（プリント付）","169"
"32","サコッシュ 上質な牛革製ミニショルダーバッグ","シンプルで洗練されたデザインのレザーサコッシュ。上質な牛革素材を使用し、高級感と耐久性を両立しています。 前面のジッパーポケットが実用的で、スクエア型のコンパクトなフォルムが特徴です。 日常使いからちょっとしたお出かけまで幅広く活躍する実用的な小型ショルダーバッグです。","in stock","new","5520 JPY","https://www.sacoche-sacolla.jp/item/32","https://fulmo-img-server.com/sacoche-sacolla/ce9c8f9837734126915a932b941a78c3.jepg","sacoche sacolla","https://fulmo-img-server.com/sacoche-sacolla/292d1fe516c142b7a623cdb817e12bc6.jepg,https://fulmo-img-server.com/sacoche-sacolla/fb253126fd6548deac6417ce3c6c2dc6.jepg,https://fulmo-img-server.com/sacoche-sacolla/446df49baa5f46ceb49077d7c27f3862.jepg,https://fulmo-img-server.com/sacoche-sacolla/c0bc2aa6b0f34f5bb591a2634d43f4a7.jepg","","169"
"33","サコッシュ 洗練ミニマル革製サコッシュ","上質なレザーを使用した洗練されたサコッシュ。 都会的な雰囲気と実用性を備えた小型ショルダーバッグです。 カジュアルからフォーマルまで幅広いシーンに対応し、軽量ながら必要な収納力を確保。 シンプルなデザインと質感が日常使いにぴったりの一品です。","in stock","new","3950 JPY","https://www.sacoche-sacolla.jp/item/33","https://fulmo-img-server.com/sacoche-sacolla/2999cde17470402c916c26c3993f119f.jepg","sacoche sacolla","https://fulmo-img-server.com/sacoche-sacolla/a05777c133ca46f48a496cabf575a739.jepg,https://fulmo-img-server.com/sacoche-sacolla/d50a74cd4da548579bc405cd982882c9.jepg,https://fulmo-img-server.com/sacoche-sacolla/2b47476a95dd4240b77609f339d9a17d.jepg,https://fulmo-img-server.com/sacoche-sacolla/5cfa08d9ffc54fc78a0c7f16c14e3831.jepg,https://fulmo-img-server.com/sacoche-sacolla/589ab6e075f54fc396f5b66f8403457a.jepg,https://fulmo-img-server.com/sacoche-sacolla/937403ebd72946068c5598c33b1b98cb.jepg","ブラック / グレー / ブラウン / モザイクカラー","169"
"34","サコッシュ 高級感あふれる本革ミニショルダーバッグ","上質な本革を使用したレザーサコッシュ。シンプルでスタイリッシュなデザインが魅力のミニショルダーバッグです。 コンパクトな形状ながら小物をしっかり収納でき、日常使いから旅行まで様々なシーンで活躍します。 耐久性と機能性を兼ね備えた、実用的な逸品です。","in stock","new","6060 JPY","https://www.sacoche-sacolla.jp/item/34","https://fulmo-img-server.com/sacoche-sacolla/07c5a9ffeac34203aedfe6bc6daf66e6.jepg","sacoche sacolla","https://fulmo-img-server.com/sacoche-sacolla/652af8c900944c3e9fec0a926d2a36ce.jepg,https://fulmo-img-server.com/sacoche-sacolla/5112056a695944d99f56b14bbdb07614.jepg,https://fulmo-img-server.com/sacoche-sacolla/aefe9863232646eb8f21ee7c1a6c02b6.jepg,https://fulmo-img-server.com/sacoche-sacolla/80fda2ee0de543439039a1fb6b14b2de.jepg","ブラック / ブラウン","169"
"35","サコッシュ 上質な本革ミニショルダーバッグ","シンプルでスタイリッシュなレザーサコッシュ。上質な本革素材が耐久性と高級感を演出します。 必需品をコンパクトに収納でき、薄型ながら実用的な内部設計が特徴です。 カジュアルからフォーマルまで幅広いシーンで活躍する万能サコッシュです。","in stock","new","3580 JPY","https://www.sacoche-sacolla.jp/item/35","https://fulmo-img-server.com/sacoche-sacolla/6cf570f024f444a1bb18bdc373eda5e0.jepg","sacoche sacolla","https://fulmo-img-server.com/sacoche-sacolla/16ae6e6f711c49e4b0d3879c47f2125d.jepg,https://fulmo-img-server.com/sacoche-sacolla/07dd36de3e5a4c95902221dfc9916754.jepg,https://fulmo-img-server.com/sacoche-sacolla/25abaf3bf5f44d56a13c871fdf75484f.jepg,https://fulmo-img-server.com/sacoche-sacolla/f067b4562f7f4e2aab5fbca994b2f372.jepg,https://fulmo-img-server.com/sacoche-sacolla/6d133988c1f54eb2bd03290a7810811b.jepg,https://fulmo-img-server.com/sacoche-sacolla/2bbcbebf5f0849d7b2769205365f51fd.jepg","カーキ / ブラック","169"
"36","サコッシュ ミニマリストのための多機能バッグ","コンパクトながら機能性抜群のサコッシュ。 軽量で耐久性に優れたナイロン素材を使用し、調節可能なストラップと便利な外ポケット付き。 カジュアルからビジネスまで幅広く活躍する実用的なデザインで、日常使いに最適。","out of stock","new","4800 JPY","https://www.sacoche-sacolla.jp/item/36","https://fulmo-img-server.com/sacoche-sacolla/421f642f19a847549d27328a01ac1c6c.jepg","sacoche sacolla","https://fulmo-img-server.com/sacoche-sacolla/484b21db82ca494285e8a44a5e926766.jepg,https://fulmo-img-server.com/sacoche-sacolla/877e273e13fb49078c8f80dfa6b91724.jepg,https://fulmo-img-server.com/sacoche-sacolla/fedb1189f06d4daaa6e5d70eccd0aa24.jepg,https://fulmo-img-server.com/sacoche-sacolla/bfee8bf680294dc9822892ef8fe5d02d.jepg,https://fulmo-img-server.com/sacoche-sacolla/403c11402bbd4dc99f76c0f704740d78.jepg,https://fulmo-img-server.com/sacoche-sacolla/4b64ab57ceb04fb3a9e8f8a121cb0d83.jepg,https://fulmo-img-server.com/sacoche-sacolla/82a2b2c40c404201932c463e96894508.jepg,https://fulmo-img-server.com/sacoche-sacolla/ffdf29a2a9b1480b9a0a6c89c3bd9d63.jepg,https://fulmo-img-server.com/sacoche-sacolla/786d1558984d4f5f81795f680eeed178.jepg","ライトブルー / ライトグリーン / ライトピンク","169"
"37","サコッシュ 機能性抜群のコンパクト革鞄","都会的な装いに映える高級レザーサコッシュ。 洗練されたフォルムながら実用的な収納力を備え、日常使いに最適。 上質なレザー素材が経年変化を楽しませる逸品。 長さ調節可能なストラップで斜め掛けも肩掛けも自在に楽しめる。","in stock","new","15000 JPY","https://www.sacoche-sacolla.jp/item/37","https://fulmo-img-server.com/sacoche-sacolla/f811e039404e4a66b25d5aeaf871e541.jepg","sacoche sacolla","https://fulmo-img-server.com/sacoche-sacolla/e36ed004ef294cde8c9b8ed3248f7643.jepg,https://fulmo-img-server.com/sacoche-sacolla/f5ea3dc121124f36837d4053f9b399eb.jepg,https://fulmo-img-server.com/sacoche-sacolla/400d519fbe684307aebe8c06cc4c608d.jepg,https://fulmo-img-server.com/sacoche-sacolla/704168fd683a44fea64624ca4790068d.jepg","ブラック","169"
"38","サコッシュ 多機能ミニマル革製ショルダーバッグ","洗練されたデザインの本革サコッシュ。 レザー素材の上質な風合いが長く楽しめる逸品。 コンパクトなフォルムながら必需品をすっきり収納可能。 ジーンズやカジュアルウェアに合わせやすく、日常使いに最適な実用性を備えています。","in stock","new","12820 JPY","https://www.sacoche-sacolla.jp/item/38","https://fulmo-img-server.com/sacoche-sacolla/ea848ae23b014d74807390d12671474a.jepg","sacoche sacolla","https://fulmo-img-server.com/sacoche-sacolla/b1f835bd3ef044f89f823d5230a6eda9.jepg,https://fulmo-img-server.com/sacoche-sacolla/0bce23c661084acdba225ffdf4a14ac9.jepg,https://fulmo-img-server.com/sacoche-sacolla/a73ecd6271ae4999bc25be677baf6bcf.jepg,https://fulmo-img-server.com/sacoche-sacolla/f799542c30bf4f8c9c932ee8adfbaad3.jepg,https://fulmo-img-server.com/sacoche-sacolla/a893c3e0097147f9b79f496d4ccb8f90.jepg","ブラック / ブラウン","169"
"39","サコッシュ 上質なレザーの職人技光る斜め掛けバッグ","柔らかな質感と優れた耐久性を誇ります。シンプルなデザインで、普段使いや旅行に最適。大きめのフラップが中身をしっかり守り、調節可能なストラップにより、快適な持ち運びを実現。スタイルを選ばず、日常のコーディネートに華を添える一品です。","in stock","new","4800 JPY","https://www.sacoche-sacolla.jp/item/39","https://fulmo-img-server.com/sacoche-sacolla/e8567e29701a445a9793cf2fa3df0ca0.jepg","sacoche sacolla","https://fulmo-img-server.com/sacoche-sacolla/7aeac6193a9e4747adce596720637ff0.jepg,https://fulmo-img-server.com/sacoche-sacolla/722375fe33474de2a89ee8cee064a616.jepg,https://fulmo-img-server.com/sacoche-sacolla/dd12dc5e871e4ee5b1274183f89f471a.jepg,https://fulmo-img-server.com/sacoche-sacolla/aac75e267a664df1970e372cf8795961.jepg,https://fulmo-img-server.com/sacoche-sacolla/03c308f1117d4910a33569dad152be73.jepg,https://fulmo-img-server.com/sacoche-sacolla/d2d9b92228b34599b61986508701bd32.jepg,https://fulmo-img-server.com/sacoche-sacolla/648404bc6ca14b71940e3455bef69e95.jepg,https://fulmo-img-server.com/sacoche-sacolla/5ca7056f93494e1ba7d4b27d7cfbac58.jepg,https://fulmo-img-server.com/sacoche-sacolla/367d8dca7aa84cc19bfa46f8cd7092d4.jepg","ブラック / グレー / ブラウン / ダークブラウン","169"
"40","サコッシュ レトロ調サコッシュ","上質なレザーを使用した洗練されたサコッシュ。柔らかな素材感と薄型デザインが魅力的な小型ショルダーバッグです。 シンプルながらも存在感のある佇まいで、ストライプシャツやデニムとの相性抜群。 カジュアルからセミフォーマルまで幅広いシーンで活躍する実用的なサコッシュアイテムです。","in stock","new","13660 JPY","https://www.sacoche-sacolla.jp/item/40","https://fulmo-img-server.com/sacoche-sacolla/d3c9e33059c742b0802dc925517e6ed2.jepg","sacoche sacolla","https://fulmo-img-server.com/sacoche-sacolla/3fdf841e9b4f4afeb9fdc453fc380a08.jepg,https://fulmo-img-server.com/sacoche-sacolla/661c3bdb206e4b93a79b9cc4742186d0.jepg,https://fulmo-img-server.com/sacoche-sacolla/58408abe5a814105b12fe0da15121a1d.jepg,https://fulmo-img-server.com/sacoche-sacolla/23f63c91993d4d3a961bd1e07ba6ba38.jepg","ブラック","169"
"41","サコッシュ 上質なミニマル革製サコッシュ","洗練されたデザインと機能性を兼ね備えた高級レザーサコッシュ。 スリムなフォルムながら収納力に優れ、日常使いから旅行まで幅広く活躍します。 上質なサコッシュとしての使い勝手の良さと、本革ならではの風合いが深まる経年変化も魅力。 男女問わず使えるシンプルなデザインで、肩掛けスタイルが洗練された印象を演出します。","in stock","new","4840 JPY","https://www.sacoche-sacolla.jp/item/41","https://fulmo-img-server.com/sacoche-sacolla/84679932067b4bf48b4afa1d445993f6.jepg","sacoche sacolla","https://fulmo-img-server.com/sacoche-sacolla/258c8c8c732e48f7844316988b3bb12b.jepg,https://fulmo-img-server.com/sacoche-sacolla/5fb14fbe0f8745bc867b4e4e0b7c48f6.jepg,https://fulmo-img-server.com/sacoche-sacolla/aebf2f216ffe43aa8902ce618ef0a14d.jepg,https://fulmo-img-server.com/sacoche-sacolla/c87efd047fef4d59af6f67ce5e5e14b3.jepg,https://fulmo-img-server.com/sacoche-sacolla/8a7bcbc69de54b909ef21c9418467740.jepg,https://fulmo-img-server.com/sacoche-sacolla/bdf72c32f772403ea3c625ea21745745.jepg,https://fulmo-img-server.com/sacoche-sacolla/6f46d0815d79469396e7dd8057758319.jepg,https://fulmo-img-server.com/sacoche-sacolla/0ffaf0817e42478f8bb7f25700a50c15.jepg,https://fulmo-img-server.com/sacoche-sacolla/2c71813b03dd44adbe1a0af3ae7977ca.jepg","ライトブラウン / レッドブラウン / グレー","169"
"42","サコッシュ 軽やかミニサコッシュ","上質なレザー素材を使用した洗練されたサコッシュ。 柔らかな質感と美しい表情が魅力のコンパクトなショルダーバッグです。 シンプルで洗練されたデザインは日常使いに最適。 便利なポケット付きで小物整理も簡単。 長さ調節可能なストラップで体にフィットする快適な携帯ができます。","in stock","new","3540 JPY","https://www.sacoche-sacolla.jp/item/42","https://fulmo-img-server.com/sacoche-sacolla/ac15993f60724f9eb12c69cd15f24ac0.jepg","sacoche sacolla","https://fulmo-img-server.com/sacoche-sacolla/86feaf3aec404c209a308939e8838416.jepg,https://fulmo-img-server.com/sacoche-sacolla/2b3474c0fdaa43fb82d551bcab3fc394.jepg,https://fulmo-img-server.com/sacoche-sacolla/02a7092c9e96494da2462b06796c3d43.jepg,https://fulmo-img-server.com/sacoche-sacolla/aa48ec5cb4d04f169bf85867d1616f74.jepg,https://fulmo-img-server.com/sacoche-sacolla/2d39d4a64b984c32b2647db225f887b1.jepg,https://fulmo-img-server.com/sacoche-sacolla/0863adfd8ee74a3e88b8f8fd11e093b0.jepg,https://fulmo-img-server.com/sacoche-sacolla/4a14bbfa8e4949139d3f74f01289d8f3.jepg,https://fulmo-img-server.com/sacoche-sacolla/fb9427d1b0ba4d82a50d95197efa9000.jepg,https://fulmo-img-server.com/sacoche-sacolla/9f64cad28cab44c2aa4cbb8a87d5f4b8.jepg","ブラック / イエロー / シルバー / ピンク / パスカルグリーン","169"
"43","サコッシュ パール付きミニショルダーバッグ","上品な小型デザインのレザーサコッシュ。 真珠風装飾をアクセントに添え、おしゃれな斜めがけスタイルを演出します。 キャラクターチャームが可愛らしさをプラスした実用的なアイテム。 日常使いからちょっとしたお出かけまで幅広く活躍します。","in stock","new","3160 JPY","https://www.sacoche-sacolla.jp/item/43","https://fulmo-img-server.com/sacoche-sacolla/0732429b051443c5b3c875eb89851656.jepg","sacoche sacolla","https://fulmo-img-server.com/sacoche-sacolla/b51ef6bbe51747c0988acd71458d5742.jepg,https://fulmo-img-server.com/sacoche-sacolla/fc0dba23cf8541a28e072faf2c59854a.jepg,https://fulmo-img-server.com/sacoche-sacolla/11a8301b18e64390a4cb40fab30c2b50.jepg,https://fulmo-img-server.com/sacoche-sacolla/bbf11de0ec2b4167aa2573c3fbb77031.jepg","ブラック / パスカルグリーン、ページュ","169"
"44","サコッシュ シンプル細身ミニサコッシュ","上質なレザーを使用した肌触り柔らかなサコッシュ。 スマートフォンがぴったり収まるコンパクトサイズで、日常の必需品をすっきり整理できます。 シンプルなデザインと機能性を兼ね備えたサコッシュは、お散歩やちょっとしたお出かけに最適な実用的なレザーアイテムです。 前ポケット付きで小物の取り出しもスムーズ。","in stock","new","5600 JPY","https://www.sacoche-sacolla.jp/item/44","https://fulmo-img-server.com/sacoche-sacolla/ae48f6116d24428eb5d220100a2d8afd.jepg","sacoche sacolla","https://fulmo-img-server.com/sacoche-sacolla/b31d30685d2e406897adef82b3c3c08d.jepg,https://fulmo-img-server.com/sacoche-sacolla/204022a1e79140289310bc4917e5c27d.jepg,https://fulmo-img-server.com/sacoche-sacolla/88c48a4a436a424ba716f0aefae532f0.jepg,https://fulmo-img-server.com/sacoche-sacolla/618d1af70ee74740936ca4cfe950be51.jepg","ブラック / イエロー / ページュ","169"
"45","サコッシュ 軽やかな本革ミニショルダーバッグ","上質なレザーを使用した軽量サコッシュ。柔らかな本革の質感が高級感を演出します。 コンパクトなサイズながら、スマートフォンや財布などの必需品をすっきり収納可能。 ファスナー付きで中身の安心感を確保し、調節可能なストラップで快適な装着感を実現したサコッシュです。 日常使いからちょっとしたお出かけまで幅広く活躍します。","in stock","new","4840 JPY","https://www.sacoche-sacolla.jp/item/45","https://fulmo-img-server.com/sacoche-sacolla/cefc948d88764be6b916ff907710f241.jepg","sacoche sacolla","https://fulmo-img-server.com/sacoche-sacolla/3c61045a94c04d1e93a143398548fcfd.jepg,https://fulmo-img-server.com/sacoche-sacolla/a7951093d19541f09113bb07101f460a.jepg,https://fulmo-img-server.com/sacoche-sacolla/65c06673b067450f80606ca678616096.jepg","カーキ / ブラック / ホワイト / レッド / グリーン / イエロー / パープル / ページュ","169"
"46","サコッシュ シンプル角型サコッシュ","上質なレザーを使用した洗練されたデザインのサコッシュ。 絶妙なサイズ感で日常使いに最適なショルダーバッグです。 シンプルな角型フォルムと高級感ある質感が様々なスタイルに調和し、長く愛用できる逸品。 フラップデザインで中身もしっかり保護するサコッシュです。","in stock","new","7960 JPY","https://www.sacoche-sacolla.jp/item/46","https://fulmo-img-server.com/sacoche-sacolla/8577922cddaf483190629d1e35484a04.jepg","sacoche sacolla","https://fulmo-img-server.com/sacoche-sacolla/a57e43ca430941b7a0bc001416765b07.jepg,https://fulmo-img-server.com/sacoche-sacolla/1db627a67135430fb0f7ae10946f6335.jepg,https://fulmo-img-server.com/sacoche-sacolla/bc6c4736471d463285f62040904c8e09.jepg,https://fulmo-img-server.com/sacoche-sacolla/51bb7ab656fe4bb99684f2b3c054590f.jepg,https://fulmo-img-server.com/sacoche-sacolla/7c548146db0645d69df2865d89b1ae1d.jepg,https://fulmo-img-server.com/sacoche-sacolla/82278d5003be4087bfa2fcb82580092a.jepg,https://fulmo-img-server.com/sacoche-sacolla/b751d54a3783403aa437655edd65b06a.jepg","","169"
"47","サコッシュ シンプル機能性ミニショルダーバッグ","上質なレザーで作られた洗練されたサコッシュ。 柔らかな質感と薄型デザインで体にしっかりフィットし、日常の持ち運びに最適。 スマートフォンや財布などの必需品がすっきり収まる実用的なミニショルダーバッグです。 シンプルで洗練されたフォルムが、どんなスタイルにも合わせやすい万能アイテム。","in stock","new","3300 JPY","https://www.sacoche-sacolla.jp/item/47","https://fulmo-img-server.com/sacoche-sacolla/006be617d08a439ea1808250d883cfe8.jepg","sacoche sacolla","https://fulmo-img-server.com/sacoche-sacolla/7f97fb0895e9443b850dc0b3d6f28c50.jepg,https://fulmo-img-server.com/sacoche-sacolla/7f24230f68304731847221f9f4f47d23.jepg,https://fulmo-img-server.com/sacoche-sacolla/71727618e060424380e0ce06146ed551.jepg","カーキ / ブラック / ホワイト","169"
"48","サコッシュ しなやかな革のウエストポーチ","上質なレザーを使用した薄型サコッシュ。 柔らかな質感としわ加工が施された独特の風合いが魅力的。 コンパクトながら収納力があり、フラップデザインで中身をしっかり保護。 日常使いに最適な斜め掛けタイプで、カジュアルからフォーマルまで幅広く活用できる実用的なレザーアイテム。","in stock","new","5680 JPY","https://www.sacoche-sacolla.jp/item/48","https://fulmo-img-server.com/sacoche-sacolla/1426257e0c644944b6083852d7f3bd74.jepg","sacoche sacolla","https://fulmo-img-server.com/sacoche-sacolla/64c6e959d49549fca56bb4e933ae7bca.jepg,https://fulmo-img-server.com/sacoche-sacolla/7b87d48c0c7844718b9717d255f0e279.jepg,https://fulmo-img-server.com/sacoche-sacolla/0163d30cb1c6405d8e05b1a932b3743d.jepg,https://fulmo-img-server.com/sacoche-sacolla/61b992e905994c17ab0a20a4f92c5eb7.jepg","ブラック","169"
"49","サコッシュ 軽量コンパクトサコッシュ","日常使いに最適な軽量サコッシュ。 高品質ナイロン素材で耐久性抜群。 ジッパー付きポケットで小物をすっきり整理できる実用的なデザイン。 調節可能なストラップで快適な着用感を実現。 スマートフォンや財布などの必需品をコンパクトに収納可能。","out of stock","new","3700 JPY","https://www.sacoche-sacolla.jp/item/49","https://fulmo-img-server.com/sacoche-sacolla/1e48e8384a2e48a09f1788053f21bff6.jepg","sacoche sacolla","https://fulmo-img-server.com/sacoche-sacolla/f72ff9d76f954b1db903cb5648508b07.jepg,https://fulmo-img-server.com/sacoche-sacolla/c51156a21bfd4e189d9df68c619c6b38.jepg,https://fulmo-img-server.com/sacoche-sacolla/2798623c80904e0fa419b86b6d8242a7.jepg,https://fulmo-img-server.com/sacoche-sacolla/a663b056fa584e7e89eef9a2e06e0105.jepg,https://fulmo-img-server.com/sacoche-sacolla/5f09eadb07c44924ba6c2e3e448e2a87.jepg,https://fulmo-img-server.com/sacoche-sacolla/407434d8ff994aa999bca099c36bf566.jepg","ブラック / グレー / ホワイト / グリーン / イエロー / ブルー","169"
"50","サコッシュ 高級感溢れる本革ボディバッグ","しなやかな本革素材を使用したレザーサコッシュです。 調節可能なストラップと大容量の収納スペースを備え、実用性に優れています。 洗練されたデザインと上質な質感で、普段使いからちょっとしたお出かけまで幅広く活躍する逸品です。","in stock","new","8800 JPY","https://www.sacoche-sacolla.jp/item/50","https://fulmo-img-server.com/sacoche-sacolla/f291961150354e0797140d1c999f48b5.jepg","sacoche sacolla","https://fulmo-img-server.com/sacoche-sacolla/2704f6ad85b54a23b0792dc639069dab.jepg,https://fulmo-img-server.com/sacoche-sacolla/ef23a3a274d74ffe8b7503302ee3fd53.jepg,https://fulmo-img-server.com/sacoche-sacolla/71725fe0c4ff48a396721f15b6dfa4e3.jepg,https://fulmo-img-server.com/sacoche-sacolla/261bcf38e6ed49b38e81a9359a56655f.jepg,https://fulmo-img-server.com/sacoche-sacolla/a55c08aead9a4474b99c60818149db58.jepg","ブラック / ブラウン","169"
"51","サコッシュ 軽量コンパクト多機能ショルダーバッグ","日常使いに最適なサコッシュタイプの小型バッグ。 高品質ナイロン素材で軽量かつ丈夫な作りが特徴。 外側と内側にポケットを備え、小物の整理整頓も簡単。 長さ調節可能なストラップで体にフィットする快適な使用感。 普段のお出かけやちょっとした旅行にぴったりの実用的なデザイン。","in stock","new","2420 JPY","https://www.sacoche-sacolla.jp/item/51","https://fulmo-img-server.com/sacoche-sacolla/e3131d9103fb43aab3c7fefdcd58bc91.jepg","sacoche sacolla","https://fulmo-img-server.com/sacoche-sacolla/76a6e6165efc4d2cb92e21d6f4313498.jepg,https://fulmo-img-server.com/sacoche-sacolla/a9432d80bb194bf4a6dd87f81ee6ec43.jepg,https://fulmo-img-server.com/sacoche-sacolla/f0097bf2e91f4d2e829836e97d805f09.jepg","ブラック","169"
"52","サコッシュ 市松模様のクラシック革製斜め掛けバッグ","洗練されたデザインと実用性を兼ね備えたレザーサコッシュ。 上質な革素材と伝統的な市松模様が融合し、スタイリッシュな印象を演出。 前面ポケット付きの機能的な設計で、日常使いからちょっとしたお出かけまで幅広く活躍する、大人の品格漂う逸品。","in stock","new","3040 JPY","https://www.sacoche-sacolla.jp/item/52","https://fulmo-img-server.com/sacoche-sacolla/0b14229b20a14847a3665e3058fc1379.jepg","sacoche sacolla","https://fulmo-img-server.com/sacoche-sacolla/20459dfaf955413d8e2dee16e3dc841d.jepg,https://fulmo-img-server.com/sacoche-sacolla/294dd367a2b34c5dbc1b7cc052ae1b48.jepg,https://fulmo-img-server.com/sacoche-sacolla/22e8ff73cca849e8adc4fce9d4ddf918.jepg,https://fulmo-img-server.com/sacoche-sacolla/a7e30908819c4948b99d22f03fda6f24.jepg","ブラック / ブラウン","169"
"53","サコッシュ 都会的シンプル斜め掛けバッグ","洗練された都会的デザインのレザーサコッシュ。 軽量で機能的な構造が日常使いに最適な斜め掛けバッグです。 上質な素材を使用した耐久性抜群のフォルムは、どんな装いにもマッチします。 大人の小物として人気の一品、スタイリッシュなレザーサコッシュをぜひお試しください。","in stock","new","3550 JPY","https://www.sacoche-sacolla.jp/item/53","https://fulmo-img-server.com/sacoche-sacolla/e75aab6f28f6457186dcd408d8cddcc1.jepg","sacoche sacolla","https://fulmo-img-server.com/sacoche-sacolla/20bcf25671f24f5191b0fd021902ea00.jepg,https://fulmo-img-server.com/sacoche-sacolla/359e3e3d19eb4d3bb8ce1581ee407403.jepg,https://fulmo-img-server.com/sacoche-sacolla/caaa8250ccfb4cb09e34e39069a30cdf.jepg,https://fulmo-img-server.com/sacoche-sacolla/e514e17327104408889763d2e82d5cc3.jepg,https://fulmo-img-server.com/sacoche-sacolla/5a4a167584c5436a98898b64c653ecc2.jepg,https://fulmo-img-server.com/sacoche-sacolla/83b23daf2ada4ea4a52510aa3391b628.jepg,https://fulmo-img-server.com/sacoche-sacolla/909154b4cc744ed2a4165f74f09650a7.jepg,https://fulmo-img-server.com/sacoche-sacolla/19ec844fea7843fc8e7bb1fb88ad1bcd.jepg,https://fulmo-img-server.com/sacoche-sacolla/304597c6c0f04889b1f121c2e3c96b00.jepg","ブラック / グレー / グリーン","169"
"54","サコッシュ 上質な革製クロスボディバッグ","スリムでスタイリッシュなデザインのレザーサコッシュ。 高級感のある本革素材を使用し、外側のジッパーポケットを含む複数の収納で機能性も抜群。 ビジネスからカジュアルまで幅広いシーンで活躍する実用的な斜めがけバッグ。","in stock","new","7460 JPY","https://www.sacoche-sacolla.jp/item/54","https://fulmo-img-server.com/sacoche-sacolla/7499914f99c04c829328cae0d466c43e.jepg","sacoche sacolla","https://fulmo-img-server.com/sacoche-sacolla/4e7cf7aeb14040259c0ce4b8f814fc15.jepg,https://fulmo-img-server.com/sacoche-sacolla/fa7913c0dba64dde8b4d4dc3ec41b5d1.jepg,https://fulmo-img-server.com/sacoche-sacolla/6626feed57404e5d80b3e342efdcc220.jepg,https://fulmo-img-server.com/sacoche-sacolla/e1c911aa4f1d469dbb21b448a35f80f6.jepg,https://fulmo-img-server.com/sacoche-sacolla/9049747b7b1f42ee93e41949966baa5b.jepg,https://fulmo-img-server.com/sacoche-sacolla/c4acff7fae484f1c8f9ffd94e8903241.jepg,https://fulmo-img-server.com/sacoche-sacolla/4be08944457f48168230ec240d1e95f3.jepg,https://fulmo-img-server.com/sacoche-sacolla/edaa487d55824c988dd95f4a987f45c5.jepg,https://fulmo-img-server.com/sacoche-sacolla/8066afe81df54ef4a3b55ce440ab63ba.jepg","ブラック","169"
"55","サコッシュ 高級感漂う本革メッセンジャーバッグ","しっとりとした質感の本革素材を使用したサコッシュ。 レザーの高級感と洗練されたシンプルデザインが魅力的。 フロントポケット付きの実用的な構造で、ビジネスからカジュアルまで幅広く活用できる。 耐久性と機能性を兼ね備えた日常使いに最適な逸品。","in stock","new","8260 JPY","https://www.sacoche-sacolla.jp/item/55","https://fulmo-img-server.com/sacoche-sacolla/a071777cf7794d3083939af23b5ff872.jepg","sacoche sacolla","https://fulmo-img-server.com/sacoche-sacolla/a3646ae90fac4e96b41d8b10fba08016.jepg,https://fulmo-img-server.com/sacoche-sacolla/52f2f9ad806645a68430252d0f06c6f4.jepg,https://fulmo-img-server.com/sacoche-sacolla/633a0b41d7b54d12a3faccb31f6126d0.jepg,https://fulmo-img-server.com/sacoche-sacolla/966a802047964a028c4c2bc83d10bbe6.jepg,https://fulmo-img-server.com/sacoche-sacolla/4579980ca6f7445483a20f8b601bec60.jepg,https://fulmo-img-server.com/sacoche-sacolla/caa6d69b122045dbac55e2b8c1df75f7.jepg","ブラック / ブラウン / ブルー","169"
"56","サコッシュ シンプル＆スタイリッシュサコッシュ","洗練された美しいレザーサコッシュ。日常使いに最適なコンパクトなサイズ感で、スマートフォンや財布などの必需品をスマートに収納。 細身のショルダーストラップでスタイリッシュに身につけられ、カジュアルからフォーマルまで幅広いシーンで活躍する実用的なアイテム。上質な革素材が長く愛用できる耐久性を実現。","out of stock","new","4280 JPY","https://www.sacoche-sacolla.jp/item/56","https://fulmo-img-server.com/sacoche-sacolla/ea49bd0427224121b5f074cb5fc96bed.jepg","sacoche sacolla","https://fulmo-img-server.com/sacoche-sacolla/682a013c5c6e4d6db63e734cb00797a7.jepg,https://fulmo-img-server.com/sacoche-sacolla/25f87a28a5104cf3acb43d40f73c3f02.jepg,https://fulmo-img-server.com/sacoche-sacolla/cd8d81afd339413a8d876ebc2493f6cc.jepg,https://fulmo-img-server.com/sacoche-sacolla/40531bf2ab9446daaa488bf3ae56455b.jepg,https://fulmo-img-server.com/sacoche-sacolla/b7045e2bc1ae451580f1c12f8ae15949.jepg,https://fulmo-img-server.com/sacoche-sacolla/81a1e1c092d949c29cbd135cfcffeaf7.jepg,https://fulmo-img-server.com/sacoche-sacolla/5778f4549aac4995b43a498fc00074bd.jepg,https://fulmo-img-server.com/sacoche-sacolla/be167d6dd72f4ca8b0590c3ab96d2349.jepg,https://fulmo-img-server.com/sacoche-sacolla/2776fb860fef44499c93fc6322206c1a.jepg","ブラック","169"
"57","サコッシュ 上質な市松模様メッセンジャーバッグ","上質なレザー素材が織りなす高級感あふれるサコッシュ。 洗練された市松模様と機能的なポケット配置で実用性を兼ね備えています。 スリムでスタイリッシュなフォルムは、ビジネスシーンからカジュアルな日常まで幅広く活躍する逸品です。","in stock","new","8580 JPY","https://www.sacoche-sacolla.jp/item/57","https://fulmo-img-server.com/sacoche-sacolla/666a643de12543a29b2bb90b192e70d8.jepg","sacoche sacolla","https://fulmo-img-server.com/sacoche-sacolla/55ba46ed96f84e60b52c1cef5e47326d.jepg,https://fulmo-img-server.com/sacoche-sacolla/c8fd7c1508d643e09e375ac34584a21a.jepg,https://fulmo-img-server.com/sacoche-sacolla/a62b442947824e9e8ea9be823d4d2990.jepg,https://fulmo-img-server.com/sacoche-sacolla/8d9b01df2538497dbefdcd63e14a7b73.jepg,https://fulmo-img-server.com/sacoche-sacolla/7c9657c6cd104b0b942d45c46155e84e.jepg,https://fulmo-img-server.com/sacoche-sacolla/cd8613a115e34fa0918eb84689ecf757.jepg,https://fulmo-img-server.com/sacoche-sacolla/fa6c4bde94ee459090cd6ebcd6c1e6fc.jepg","ブラック","169"
"58","サコッシュ 軽量カジュアルサコッシュ","日常使いに最適なサコッシュスタイルの小型ショルダーバッグ。 スマートフォンや財布など必需品をコンパクトに収納できる実用性抜群のデザイン。 高品質ナイロン素材で耐久性に優れ、アウトドアやちょっとしたお出かけにぴったり。 薄型でからだにフィットするシルエットで快適な装着感を実現。","out of stock","new","2920 JPY","https://www.sacoche-sacolla.jp/item/58","https://fulmo-img-server.com/sacoche-sacolla/e758e0aca3954d2f8f28ae5b2edbd7bc.jepg","sacoche sacolla","https://fulmo-img-server.com/sacoche-sacolla/72d72b643b1043e1bbcbec87b9743d87.jepg,https://fulmo-img-server.com/sacoche-sacolla/67a1fcc5524b4c5a9c42203f97795cdb.jepg,https://fulmo-img-server.com/sacoche-sacolla/ec77ffc182b34e31b5ae100515036386.jepg,https://fulmo-img-server.com/sacoche-sacolla/a4f5169a4b2e4c12ad14e080ffd664a3.jepg,https://fulmo-img-server.com/sacoche-sacolla/011d57c008db4b77affcb4700212d151.jepg,https://fulmo-img-server.com/sacoche-sacolla/c69d040293094cea841186c88cd18f01.jepg,https://fulmo-img-server.com/sacoche-sacolla/d78b755d4e454ff3b679c7ea9128d42c.jepg","ブラック / グリーン / オレンジ","169"
"59","シンプル上質レザーサコッシュ","しなやかなレザーを使用した長財布サイズのサコッシュ。スマートフォンや小物をしっかり収納でき、日常使いにぴったり。洗練されたデザインはカジュアルからフォーマルまで多彩なシーンで活躍し、持つ人の魅力を引き立てるアイテム。スタイルを問わず、あなたのコーディネートに華を添えます。","in stock","new","2380 JPY","https://www.sacoche-sacolla.jp/item/59","https://fulmo-img-server.com/sacoche-sacolla/5ffc3eb3521a4b1c888d0bf645544bc7.jepg","sacoche sacolla","https://fulmo-img-server.com/sacoche-sacolla/12b5a3663c264d4da7b44b1cfdd5d726.jepg,https://fulmo-img-server.com/sacoche-sacolla/1b47c95b24534235bedcf22692cb4b87.jepg,https://fulmo-img-server.com/sacoche-sacolla/440bde323fdb464da89d16fc54b90770.jepg,https://fulmo-img-server.com/sacoche-sacolla/3bfa01e8be0b4d4686729403e8f7b6ca.jepg,https://fulmo-img-server.com/sacoche-sacolla/af0b86bf76f04e87bfe50ac0f75dbf86.jepg,https://fulmo-img-server.com/sacoche-sacolla/9ad25dead0264e50b929e8cace24391a.jepg,https://fulmo-img-server.com/sacoche-sacolla/23c32e19b0bd415d9463b98a5f056f65.jepg,https://fulmo-img-server.com/sacoche-sacolla/451db60eef114d4c87d65639aea1f9ae.jepg,https://fulmo-img-server.com/sacoche-sacolla/dfda97c282ed40e7af48f06d6ca25e3d.jepg","ホワイト / ブラック / ブルー / ブラウン / ピンク","169"
"60","サコッシュ シンプル上質レザーポーチ","柔らかな本革を使用した大容量サコッシュ。ジッパー式でスムーズに開閉でき、内部はシンプルな設計で使いやすさを追求。デイリーユースから旅行シーンまで、スタイリッシュに活躍する実用的なアイテム。レザーの上質な質感が、どんなコーディネートにもマッチします。","in stock","new","11480 JPY","https://www.sacoche-sacolla.jp/item/60","https://fulmo-img-server.com/sacoche-sacolla/de2b3445ff8349d89ab819231dae8d05.jepg","sacoche sacolla","https://fulmo-img-server.com/sacoche-sacolla/d28e512a64524b65996958d84f795c5d.jepg,https://fulmo-img-server.com/sacoche-sacolla/83b8de88d67547dcb74451a1266eda51.jepg,https://fulmo-img-server.com/sacoche-sacolla/5ab289c0dd774e00a1361987651408b4.jepg,https://fulmo-img-server.com/sacoche-sacolla/93b55479c0874410ba734b14b6874b2d.jepg,https://fulmo-img-server.com/sacoche-sacolla/f33d8dde16c6475aad726981bcd52c72.jepg","ブラック","169"
"61","サコッシュ 洗練シンプルショルダーバッグ","しっとりとした質感の上質レザーを使用したミニマルデザインのサコッシュ。 洗練された長方形のシルエットと細身のストラップが都会的な印象を与えます。 日常使いからちょっとしたお出かけまで幅広く活躍する、大人の女性におすすめのアイテムです。","in stock","new","6520 JPY","https://www.sacoche-sacolla.jp/item/61","https://fulmo-img-server.com/sacoche-sacolla/e3d1956151c44f74902c0fe8d3f42e0f.jepg","sacoche sacolla","https://fulmo-img-server.com/sacoche-sacolla/cfe2f721f2e647e5a7fc628388c2d98d.jepg,https://fulmo-img-server.com/sacoche-sacolla/2d89b2195f5b44fd89d9e2ff4a519965.jepg,https://fulmo-img-server.com/sacoche-sacolla/d63d2c93adda4a2c874d11831ebe14d7.jepg,https://fulmo-img-server.com/sacoche-sacolla/13cfbb75f3fd4cbf9a36d1d0e8cf873c.jepg","ブラック","169"
"62","サコッシュ シンプル機能美ミニショルダー","洗練されたデザインと実用性を兼ね備えたレザーサコッシュ。 コンパクトな形状ながら必需品をしっかり収納できる機能性。 上質な革素材が高級感を演出し、シンプルなフォルムが洋服を選ばない。 日常使いから特別な日まで幅広く活躍する上品な逸品。","in stock","new","4000 JPY","https://www.sacoche-sacolla.jp/item/62","https://fulmo-img-server.com/sacoche-sacolla/6bf261bc00e444bf888835c3404185cf.jepg","sacoche sacolla","https://fulmo-img-server.com/sacoche-sacolla/c944dde9998942ac8280f733c652bfd4.jepg,https://fulmo-img-server.com/sacoche-sacolla/521e5cb6a9a44e97b6c703fd69639105.jepg,https://fulmo-img-server.com/sacoche-sacolla/7895730881d04de49c55773bb1e4d017.jepg,https://fulmo-img-server.com/sacoche-sacolla/4f71e4c4c2eb4e68bfd2e2c2f2e38cc7.jepg,https://fulmo-img-server.com/sacoche-sacolla/306dc730b7354d6bade5e8215d702ab9.jepg,https://fulmo-img-server.com/sacoche-sacolla/78e14aa458224b55bfc85c0e9713d879.jepg,https://fulmo-img-server.com/sacoche-sacolla/e11ff4ea6cb8484db0414d2efbd734c4.jepg,https://fulmo-img-server.com/sacoche-sacolla/75b83d30ced7467894c95d09961ebc82.jepg,https://fulmo-img-server.com/sacoche-sacolla/fd73e2b069c04e98b2636ce355b4ef3e.jepg","ブラック / ホワイト / レッド / ブラウン / ピンク","169"
"63","シンプル軽量サコッシュ","コンパクトで実用的なナイロン素材のサコッシュ。 薄手の生地で軽量ながら耐久性に優れており、日常のあらゆるシーンに最適です。 調節可能なショルダーストラップで斜め掛けも可能なシンプルデザインは、どんなコーディネートにも違和感なく馴染みます。 ミニマルなフォルムながら必要な小物を収納できる使い勝手の良さが魅力のサコッシュです。","in stock","new","4230 JPY","https://www.sacoche-sacolla.jp/item/63","https://fulmo-img-server.com/sacoche-sacolla/7dae41a4e3d2486abed6a96ebe569774.jepg","sacoche sacolla","https://fulmo-img-server.com/sacoche-sacolla/77745216a726443bb4afed5a58457a75.jepg,https://fulmo-img-server.com/sacoche-sacolla/ba073d35b99d42619862a06032c04c92.jepg,https://fulmo-img-server.com/sacoche-sacolla/556c7dbfb4f34988ba7171cdbe61df8e.jepg,https://fulmo-img-server.com/sacoche-sacolla/4111f06d04af4ea58fb7ecd758ff8886.jepg,https://fulmo-img-server.com/sacoche-sacolla/872fb7eaae364b3ab2c7d47f8ce6cd55.jepg,https://fulmo-img-server.com/sacoche-sacolla/2587fb120d9b402698abdfaa9ee298db.jepg,https://fulmo-img-server.com/sacoche-sacolla/1028d8396bc8495e927cc075419fee02.jepg,https://fulmo-img-server.com/sacoche-sacolla/e197234bc38a4527abaaf5caa553a83d.jepg,https://fulmo-img-server.com/sacoche-sacolla/0429f9dc84ec465dad2e532ae110f034.jepg","ブラック / ホワイト / グリーン","169"
"64","サコッシュ 上質な小型ショルダーバッグ","上質なレザー素材を使用した洗練されたサコッシュ。 柔らかな質感と美しい仕上げが特徴的な小型ショルダーバッグです。 長さ調節可能なストラップで斜め掛けスタイルも楽しめ、日常使いに最適。 コンパクトながら必需品をしっかり収納できる実用性も兼ね備えています。","in stock","new","4980 JPY","https://www.sacoche-sacolla.jp/item/64","https://fulmo-img-server.com/sacoche-sacolla/9820752b43584b43a6ca54a887dd1904.jepg","sacoche sacolla","https://fulmo-img-server.com/sacoche-sacolla/a5badf8b95dd4729ae6723c8ea9500b3.jepg,https://fulmo-img-server.com/sacoche-sacolla/de502ea9224b42b5bf3e0e698ec18f36.jepg,https://fulmo-img-server.com/sacoche-sacolla/1ddb14b1701540889220340571e398f7.jepg,https://fulmo-img-server.com/sacoche-sacolla/11377639afe1498eb12d0f4170b7e4f2.jepg,https://fulmo-img-server.com/sacoche-sacolla/8cabe929e1c34e25845f67d3201e8d72.jepg,https://fulmo-img-server.com/sacoche-sacolla/1cacad983daf4584b23744207a7d6bb0.jepg,https://fulmo-img-server.com/sacoche-sacolla/c7bafa8dfe914c22b7323df3feaa5782.jepg,https://fulmo-img-server.com/sacoche-sacolla/b8e79ddb0b7f41a88e2f6da0287f0100.jepg,https://fulmo-img-server.com/sacoche-sacolla/6a73ff7e28554dd4ae824f3b7dd27db2.jepg","ブラック / ブルー / グリーン / レッド","169"
"65","シンプル軽量サコッシュ","軽量で耐久性に優れたナイロン製サコッシュは、日常使いに最適なアイテム。調節可能なストラップにより、斜め掛けやショルダーバッグとしても自由にスタイルを変えられる。ジッパー付き内ポケットで小物をしっかり整理でき、快適さと機能性を兼ね備えたデザインが魅力。デイリーユースにぴったりなサコッシュで、アクティブなライフスタイルを楽しもう。","in stock","new","9040 JPY","https://www.sacoche-sacolla.jp/item/65","https://fulmo-img-server.com/sacoche-sacolla/37d807e99d174e868c7a787be2861e53.jepg","sacoche sacolla","https://fulmo-img-server.com/sacoche-sacolla/f38e4532ab27484797b1a347266c3f2c.jepg,https://fulmo-img-server.com/sacoche-sacolla/d6fbb298f9bf4718a98017b6eb31555f.jepg,https://fulmo-img-server.com/sacoche-sacolla/68a3a11bd5244946a726a6ba289aa01a.jepg,https://fulmo-img-server.com/sacoche-sacolla/3dd1120c04374be981c19f62065666fb.jepg,https://fulmo-img-server.com/sacoche-sacolla/c6e0a4bc093d421aa7dca580a6aed4b4.jepg","ブラック","169"
"66","サコッシュ 上質な大人の小物入れショルダー","上質なレザー素材を使用した洗練されたサコッシュポーチ。 シンプルなデザインと大容量の収納力が特徴で、日常使いから旅行まで幅広く活躍します。 柔らかな質感と丈夫な作りが魅力のアイテムです。 取り外し可能なストラップが付いており、クラッチバッグとしても使用できる実用的なサコッシュです。","in stock","new","3580 JPY","https://www.sacoche-sacolla.jp/item/66","https://fulmo-img-server.com/sacoche-sacolla/0b56b24e99e741dfb09b23b51b7813c5.jepg","sacoche sacolla","https://fulmo-img-server.com/sacoche-sacolla/0bac9037e27b4cc7a3596ec8fbb73e16.jepg,https://fulmo-img-server.com/sacoche-sacolla/4f1c6b4d7d2c466b948966ae45a37a02.jepg,https://fulmo-img-server.com/sacoche-sacolla/bc2fc361c7ed440398c4cecae76caff8.jepg,https://fulmo-img-server.com/sacoche-sacolla/6c347d2bff7f4fbcb783339448845ca8.jepg,https://fulmo-img-server.com/sacoche-sacolla/37573071e3c4421fa1ccc3705361ab5d.jepg,https://fulmo-img-server.com/sacoche-sacolla/3c657b6dab144ec4869c808269aa5fba.jepg,https://fulmo-img-server.com/sacoche-sacolla/d5f937fa31f8415cb2b0eb149f1a3bb0.jepg,https://fulmo-img-server.com/sacoche-sacolla/2e2d59f4328a40ec92b2e54126f6ce7e.jepg,https://fulmo-img-server.com/sacoche-sacolla/7b3133a32dba4bdd8be80d65fe5dd41b.jepg","ブラック","169"
"67","サコッシュ シンプル上質レザーショルダーバッグ","柔らかなレザー素材を使用したサコッシュは、程よい大きさが魅力です。カジュアルから上品なスタイルまで幅広くマッチし、日常使いに最適。調節可能なストラップにより、使い勝手も抜群。洗練されたデザインで、どんなシーンでも活躍します。","in stock","new","2420 JPY","https://www.sacoche-sacolla.jp/item/67","https://fulmo-img-server.com/sacoche-sacolla/99e5112da4994bdfa66f638c5c827aee.jepg","sacoche sacolla","https://fulmo-img-server.com/sacoche-sacolla/88106ec217a84cbeb2f90b976a459348.jepg,https://fulmo-img-server.com/sacoche-sacolla/cd20f8b02d454e7a9e935b2ccf659b2c.jepg,https://fulmo-img-server.com/sacoche-sacolla/0765bc24eb3d4f8194407ca0c9d3a7b0.jepg,https://fulmo-img-server.com/sacoche-sacolla/5ad7801d4c744c5daf8e8b4c5e97f22b.jepg,https://fulmo-img-server.com/sacoche-sacolla/4acb52a5230f4bf88cc8504922d92339.jepg,https://fulmo-img-server.com/sacoche-sacolla/3a1b8919d1244c2aaf820fbda4507e2d.jepg,https://fulmo-img-server.com/sacoche-sacolla/bbb57c1b7d08463ab57c90eae38ae87f.jepg,https://fulmo-img-server.com/sacoche-sacolla/638646e330594cd2892f8235eb022c78.jepg,https://fulmo-img-server.com/sacoche-sacolla/eb26a6effcc04ee2881acb70d0aa0b22.jepg","ホワイト / ブラック / ブラウン","169"
"68","サコッシュ シンプル革素材ミニショルダー","上質なレザー素材を使用した洗練されたサコッシュ。 柔らかな質感と軽量設計が特徴の革製ミニバッグです。 スマートフォンや財布など必需品をコンパクトに収納可能。 シンプルなフォルムで体に沿うフィット感があり、カジュアルからフォーマルまで幅広いスタイルに対応します。","in stock","new","9840 JPY","https://www.sacoche-sacolla.jp/item/68","https://fulmo-img-server.com/sacoche-sacolla/9032743a204f4d16b83511fe488c7254.jepg","sacoche sacolla","https://fulmo-img-server.com/sacoche-sacolla/173b06fbf8054dd2809a01853b68822c.jepg,https://fulmo-img-server.com/sacoche-sacolla/329905f6966c4e42a86303a796e3c436.jepg,https://fulmo-img-server.com/sacoche-sacolla/de9023acdfa14ee2929dcfd63715fc83.jepg,https://fulmo-img-server.com/sacoche-sacolla/80d65ebb995b4cd0a66c860ae8372710.jepg,https://fulmo-img-server.com/sacoche-sacolla/e47832a5111e460d844622f86c29cafd.jepg,https://fulmo-img-server.com/sacoche-sacolla/d1b60d2872a74378902ae9882b2e07e8.jepg,https://fulmo-img-server.com/sacoche-sacolla/e7be95b2331f46ba922f499c145f6d28.jepg,https://fulmo-img-server.com/sacoche-sacolla/b48f189586e24e5eb60ca4fab46da6e7.jepg,https://fulmo-img-server.com/sacoche-sacolla/4aa4dd28ab974406bd647d1dc6619946.jepg","ブラック / ブラウン / ホワイト / インゴッド","169"
"69","サコッシュ シンプル上質ミニショルダー","洗練されたデザインの小型サコッシュ。 上質なレザー素材を使用し、長さ調節可能なストラップ付き。 フロントの金具がアクセントになり、シンプルながら高級感があります。 普段使いからちょっとしたお出かけまで幅広く活躍する実用的なアイテムです。","in stock","new","8620 JPY","https://www.sacoche-sacolla.jp/item/69","https://fulmo-img-server.com/sacoche-sacolla/1d79132de5e446af974c9e822179f63e.jepg","sacoche sacolla","https://fulmo-img-server.com/sacoche-sacolla/cba62b757a4745d1ac41dc9714d002e8.jepg,https://fulmo-img-server.com/sacoche-sacolla/9e59e4b27076418cb550467390bc02c3.jepg,https://fulmo-img-server.com/sacoche-sacolla/01515a482b84458d976a97b8c57338ed.jepg,https://fulmo-img-server.com/sacoche-sacolla/1506165c8a224e4fb96d88bef7dda5aa.jepg,https://fulmo-img-server.com/sacoche-sacolla/a4a67bc9610749579da13c98cf13a625.jepg,https://fulmo-img-server.com/sacoche-sacolla/87765e88985749cba1cc14b2f6e8627a.jepg,https://fulmo-img-server.com/sacoche-sacolla/f352448e6f5549f4ba231b09377da693.jepg","ブラック / ホワイト","169"
"70","サコッシュ 上質な革素材のショルダーポーチ","スマートで洗練された印象のサコッシュ。上質なレザー素材を使用し、シンプルながら高級感のあるデザイン。 長さ調節可能なストラップ付きで、フォーマルなシーンからカジュアルな日常まで幅広く活躍します。 薄型ながら必要なものをしっかり収納できる実用性も備えたレザーサコッシュです。","in stock","new","4000 JPY","https://www.sacoche-sacolla.jp/item/70","https://fulmo-img-server.com/sacoche-sacolla/22e992efe3a44a47a42872058fa3ba19.jepg","sacoche sacolla","https://fulmo-img-server.com/sacoche-sacolla/afb0f9e56b0c4f06b660503831d7729a.jepg,https://fulmo-img-server.com/sacoche-sacolla/fae50f655e864d30bdff966b29686f05.jepg,https://fulmo-img-server.com/sacoche-sacolla/0685c0bb85c94ec4bfdb44b3b76ceec6.jepg,https://fulmo-img-server.com/sacoche-sacolla/33e95a116f964bc89e20a73ccabfc4f2.jepg,https://fulmo-img-server.com/sacoche-sacolla/668f9e647f6a4fc38d471657186c64e0.jepg,https://fulmo-img-server.com/sacoche-sacolla/a68da05df56142569f4323160625b186.jepg,https://fulmo-img-server.com/sacoche-sacolla/d3c4f83713594711b0e90c47f91c2c67.jepg,https://fulmo-img-server.com/sacoche-sacolla/8b0e7767cbfe45abac60fbb2d3e15876.jepg","ブラウン","169"
"71","シンプル上質サコッシュ","厳選された上質なレザーを使用した洗練されたサコッシュ。 柔らかな本革素材で軽量なため、長時間の使用でも肩への負担を軽減します。 実用的な内ポケット付きで小物整理も簡単に。 シンプルで美しいフォルムのサコッシュは、日常使いからきれいめコーデまで幅広く活躍します。","in stock","new","13200 JPY","https://www.sacoche-sacolla.jp/item/71","https://fulmo-img-server.com/sacoche-sacolla/1b287984aeb34d7ebd87195d66bf9d32.jepg","sacoche sacolla","https://fulmo-img-server.com/sacoche-sacolla/6b507466a9c0400a922223479257d7bd.jepg,https://fulmo-img-server.com/sacoche-sacolla/e8b0329b41854cff94fd7d2db927db28.jepg,https://fulmo-img-server.com/sacoche-sacolla/3ca62d51f0ba49c9838eceecfbe58885.jepg,https://fulmo-img-server.com/sacoche-sacolla/0d9bb877f04d4c7a9e5b7c032261c54a.jepg,https://fulmo-img-server.com/sacoche-sacolla/8ae81ea2cca94c46b267f78e02d1d848.jepg,https://fulmo-img-server.com/sacoche-sacolla/76dabf20a33045d289f7bba2ae91050c.jepg,https://fulmo-img-server.com/sacoche-sacolla/06e0550b6b404f83ac33939ef9a0d2a1.jepg,https://fulmo-img-server.com/sacoche-sacolla/46f72d9cae3240a89819776565c3bfe6.jepg,https://fulmo-img-server.com/sacoche-sacolla/9816bb71538849e5b7ceca600c59d950.jepg","イエロー / ブラウン / ブラック","169"
"72","サコッシュ ヴィンテージ風レザーミニショルダー","洗練されたデザインのレザーサコッシュ。柔らかな質感が特徴で、独特の風合いが持つ人の個性を引き立てる。小さなサイズ感は普段使いにぴったり。調節可能なストラップにより、使い勝手も抜群。スマートフォンや財布などの必需品をコンパクトに収納し、スタイリッシュにお出かけを楽しめる。シンプルさと機能性を兼ね備えた一品。","in stock","new","3540 JPY","https://www.sacoche-sacolla.jp/item/72","https://fulmo-img-server.com/sacoche-sacolla/8b314e747f744694939d3ac431e160e9.jepg","sacoche sacolla","https://fulmo-img-server.com/sacoche-sacolla/4d302e9dd72e481eae06bd311b70e4bc.jepg,https://fulmo-img-server.com/sacoche-sacolla/736981172a0e49548857606de32d7677.jepg,https://fulmo-img-server.com/sacoche-sacolla/677f05f4955546b59ece04399c4186bc.jepg,https://fulmo-img-server.com/sacoche-sacolla/e0b2593901f24831bd00bb30c263c621.jepg,https://fulmo-img-server.com/sacoche-sacolla/e384dec0eb1843bb8b027cd0c2206081.jepg,https://fulmo-img-server.com/sacoche-sacolla/c2e5667f67344f1d9cc44ca3f4aa077f.jepg,https://fulmo-img-server.com/sacoche-sacolla/c509fe15256e4a50949352493ce1b1d3.jepg","ダークブルー","169"
"73","サコッシュ シンプル上質レザーショルダーバッグ","上質なレザーを使用したサコッシュは、コンパクトながら必需品をしっかり収納。高級感あふれる素材感が魅力で、カジュアルなシーンからフォーマルな場面まで幅広く活躍します。長さ調節可能なストラップにより、使い勝手も抜群。シンプルで洗練されたデザインが、あなたのスタイルを一層引き立てます。","in stock","new","3800 JPY","https://www.sacoche-sacolla.jp/item/73","https://fulmo-img-server.com/sacoche-sacolla/4d5c5a1b391f47f480c5354e52ebc69d.jepg","sacoche sacolla","https://fulmo-img-server.com/sacoche-sacolla/37a90247df1941e4b2a8c330c7cfc5ad.jepg,https://fulmo-img-server.com/sacoche-sacolla/5b3bc2b52a354e37aec28e26a549fc51.jepg,https://fulmo-img-server.com/sacoche-sacolla/07af37259c524d01b444ff0e71bf6b48.jepg,https://fulmo-img-server.com/sacoche-sacolla/6c442c9242d74aad9e71b690de7216ac.jepg,https://fulmo-img-server.com/sacoche-sacolla/9163d499337e4de4b5059ea523c798e8.jepg,https://fulmo-img-server.com/sacoche-sacolla/f67c0b4bfedb4240b2152759c7ba7db6.jepg,https://fulmo-img-server.com/sacoche-sacolla/b2da8f9a0588436c94d8a6c4b46e5958.jepg,https://fulmo-img-server.com/sacoche-sacolla/c19f7a3e48ca4622965650f591fd69b4.jepg,https://fulmo-img-server.com/sacoche-sacolla/2445373c28284c168cc58875e0681c17.jepg","ブラック / ブラウン","169"
"74","サコッシュ シンプル&スタイリッシュ ミニショルダーバッグ","上質なレザーを使用した機能的なサコッシュ。 柔らかな質感の本革で作られた小ぶりなショルダーバッグです。 長さ調節可能なストラップ付きで、スマートフォンや小物の収納に便利なサイズ感。 金具のアクセントが上品さを添え、デイリーユースにぴったりの実用的なサコッシュです。","in stock","new","2200 JPY","https://www.sacoche-sacolla.jp/item/74","https://fulmo-img-server.com/sacoche-sacolla/841239a9d7ad46d0a4f570d8519627b1.jepg","sacoche sacolla","https://fulmo-img-server.com/sacoche-sacolla/0bec9e56fc8c40a89315fe5176aea325.jepg,https://fulmo-img-server.com/sacoche-sacolla/d79c1f6ab089475ab63c7ce44cbef3a0.jepg,https://fulmo-img-server.com/sacoche-sacolla/79104a2a70b6411696f0bd268d1f78f2.jepg,https://fulmo-img-server.com/sacoche-sacolla/0776c057b58f4640a8dfb69583bd164e.jepg,https://fulmo-img-server.com/sacoche-sacolla/1e74b3c8018f4fc4b1d1d6b981eb3125.jepg,https://fulmo-img-server.com/sacoche-sacolla/30aad6d24e22467ab095e0914f4f1929.jepg","ブラック / レッド","169"
"75","シンプル上品レザーサコッシュ","上質なレザーを使用したこのサコッシュは、柔らかな質感と洗練されたデザインが魅力。軽量で収納力に優れ、日常使いにぴったりなアイテム。ショルダーストラップは長さ調節可能で、使う人のスタイルにフィット。シンプルながらも高級感あふれる一品として、長く愛用できること間違いなし。","in stock","new","4420 JPY","https://www.sacoche-sacolla.jp/item/75","https://fulmo-img-server.com/sacoche-sacolla/7694b2fd262a4cd1b6d89e118fd2ac22.jepg","sacoche sacolla","https://fulmo-img-server.com/sacoche-sacolla/2637756f8abf4f3f9474578fa89b302f.jepg,https://fulmo-img-server.com/sacoche-sacolla/d39763e48f2645c7a6ffb736a2df4be1.jepg,https://fulmo-img-server.com/sacoche-sacolla/b0c2b5fa26ef4ab98f0fff69272c37ec.jepg,https://fulmo-img-server.com/sacoche-sacolla/6a56403b05244cd781f6332ba81b57ba.jepg,https://fulmo-img-server.com/sacoche-sacolla/c4123efd3e8f4adba71edfeaf50ad73d.jepg,https://fulmo-img-server.com/sacoche-sacolla/635b3fd36f0e43789976cef1db73c520.jepg,https://fulmo-img-server.com/sacoche-sacolla/cd24819602f24616b99cba8f2dec75d2.jepg,https://fulmo-img-server.com/sacoche-sacolla/69fc882a66e94d2d9159a2bb2b02531c.jepg","ブラック / ブルー / ネイビー","169"
"76","サコッシュ 上質な革のお出かけポーチ","上質なレザーを使用した機能的なサコッシュ。 柔らかな質感と高い耐久性を兼ね備えた革素材を採用。 ジッパー開閉式で中身をしっかり保護し、取り外し可能な細めのストラップ付き。 日常使いから旅行まで幅広く活躍する実用的なレザーアイテム。","in stock","new","2460 JPY","https://www.sacoche-sacolla.jp/item/76","https://fulmo-img-server.com/sacoche-sacolla/a5c1e5d753be412b8c4d7806f9d20a3b.jepg","sacoche sacolla","https://fulmo-img-server.com/sacoche-sacolla/d04ba89627d74859a09f45497348afe7.jepg,https://fulmo-img-server.com/sacoche-sacolla/1a440f25ca6743f8964ba1a6f4f84f66.jepg,https://fulmo-img-server.com/sacoche-sacolla/8625f1255cdc4fb380422ce2295411d0.jepg,https://fulmo-img-server.com/sacoche-sacolla/6aabd405776c48d7bb2edb73ab2d1b60.jepg,https://fulmo-img-server.com/sacoche-sacolla/41af20f2148b4c1ea35887a0abc71297.jepg","ブラウン","169"
"77","柔らかなレザーサコッシュバッグ","上質な本革を使用したサコッシュは、シンプルで洗練されたデザインが魅力。普段使いにぴったりのサイズ感で、長財布もすっきり収納可能。ジッパー付きなので、中身が見えず安心して利用できる。デイリースタイルを格上げするアイテムとして、あらゆるシーンで活躍します。","in stock","new","10260 JPY","https://www.sacoche-sacolla.jp/item/77","https://fulmo-img-server.com/sacoche-sacolla/8995830504ed484db26dcf72ac676ef9.jepg","sacoche sacolla","https://fulmo-img-server.com/sacoche-sacolla/971fc3cae46f4928aa706e66648fa1b9.jepg,https://fulmo-img-server.com/sacoche-sacolla/789fb884a450464d89687219b9d618c0.jepg,https://fulmo-img-server.com/sacoche-sacolla/6dc71fd271f8476783361d519e3d4dea.jepg,https://fulmo-img-server.com/sacoche-sacolla/89af2683bad84b13a08ec1f89e51be65.jepg,https://fulmo-img-server.com/sacoche-sacolla/bf3eb1759b384219871954c098a4953f.jepg,https://fulmo-img-server.com/sacoche-sacolla/44562b44ec654b8184f6cd120902af85.jepg,https://fulmo-img-server.com/sacoche-sacolla/5bccfc4224354112a047abc39a00be85.jepg,https://fulmo-img-server.com/sacoche-sacolla/172a730223d341c2bca05ed280ff4298.jepg,https://fulmo-img-server.com/sacoche-sacolla/5de32357a01548539a28abdc8623baae.jepg","カーキ / ブラック / イエロー","169"
"78","サコッシュ 上質な革のミニショルダーバッグ","上質なレザーを使用した洗練されたサコッシュ。 コンパクトなフォルムながら機能的な設計で、日常使いに最適なバッグです。 高級感ある革素材が耐久性を保証し、ジッパー付きメインコンパートメントで小物もしっかり収納。 肩掛けしやすい調節可能なストラップで、スタイリッシュに持ち運べます。","out of stock","new","13660 JPY","https://www.sacoche-sacolla.jp/item/78","https://fulmo-img-server.com/sacoche-sacolla/b0c846fb55bb487c8b17dc3efff41eea.jepg","sacoche sacolla","https://fulmo-img-server.com/sacoche-sacolla/67e4ee63414347b8941affb9258a393e.jepg,https://fulmo-img-server.com/sacoche-sacolla/f88254409b974b4eb24bc8aa430ef1ab.jepg,https://fulmo-img-server.com/sacoche-sacolla/2f4ba09986c44509bb9a0ca1b1c7c3e9.jepg,https://fulmo-img-server.com/sacoche-sacolla/85651063d82f400ebdb790ec6391c672.jepg,https://fulmo-img-server.com/sacoche-sacolla/e3431e2da31e4022bbcdd58698d7df0f.jepg,https://fulmo-img-server.com/sacoche-sacolla/d469329b40f5474ca92f4eeec3985d41.jepg,https://fulmo-img-server.com/sacoche-sacolla/a5f92e3755054490b383902a5ff4c2ee.jepg","ブラック","169"
"79","シンプル軽量サコッシュ","洗練された印象を与えるレザーサコッシュ。柔らかな素材による心地よい触感と、持ち運びに便利なサイズが日常使いにぴったり。シンプルなデザインは多様なスタイルに調和し、実用性と上品さを兼ね備えた一品。どんなシーンでも活躍する、あなたの必需品となることでしょう。","in stock","new","3080 JPY","https://www.sacoche-sacolla.jp/item/79","https://fulmo-img-server.com/sacoche-sacolla/a1d01760bd2d4dd6a7d056711e545710.jepg","sacoche sacolla","https://fulmo-img-server.com/sacoche-sacolla/82bd714c8e974ba89ccea7bad0788b32.jepg,https://fulmo-img-server.com/sacoche-sacolla/a90cba3dd84846ca8a07f5ff80b1d869.jepg,https://fulmo-img-server.com/sacoche-sacolla/513b94f5dfc2413cb66bbc1b78abe0e8.jepg,https://fulmo-img-server.com/sacoche-sacolla/87bda6e23d904a6082d99613e09852e5.jepg,https://fulmo-img-server.com/sacoche-sacolla/4df8b5d0826c442dbd3f89598e2ca818.jepg,https://fulmo-img-server.com/sacoche-sacolla/fba2db8713da49e28335f0b740c591e0.jepg,https://fulmo-img-server.com/sacoche-sacolla/70f9f17ad0194b82a8e22254c9df0397.jepg,https://fulmo-img-server.com/sacoche-sacolla/cea311d0a22f42c494d64b452cdc0b0f.jepg,https://fulmo-img-server.com/sacoche-sacolla/8dc6dd2774a14c94a79531eefc18ea6f.jepg","ブラック / モザイク","169"
"80","シンプル上質レザーサコッシュ","しなやかなレザーを活かした軽量サコッシュ。日常使いにぴったりなサイズ感と、肩掛けしやすいストラップが魅力。ビジネスシーンからカジュアルなお出かけまで、幅広く活躍するデザイン。洗練された印象を与えつつ、機能性も兼ね備えた一品。","in stock","new","14460 JPY","https://www.sacoche-sacolla.jp/item/80","https://fulmo-img-server.com/sacoche-sacolla/b25d35bbc8a949219fc70aae9f0f1e26.jepg","sacoche sacolla","https://fulmo-img-server.com/sacoche-sacolla/e3df6cfdf51840539566de411976a3b0.jepg,https://fulmo-img-server.com/sacoche-sacolla/22f9216d98464e0bac33e751d33a2760.jepg,https://fulmo-img-server.com/sacoche-sacolla/1cb1c4f505fd47209f945685b44a19ad.jepg,https://fulmo-img-server.com/sacoche-sacolla/dd0e4a86e9aa4fb3abb260d87cb84233.jepg,https://fulmo-img-server.com/sacoche-sacolla/8408b5c126854e149932a4108160b241.jepg,https://fulmo-img-server.com/sacoche-sacolla/eba425333015425086c72fff2433d04b.jepg,https://fulmo-img-server.com/sacoche-sacolla/3e9010f624cf4ddf976a434125e6fca7.jepg,https://fulmo-img-server.com/sacoche-sacolla/93a3e471e9ee4d198ab7a2ebe7c30aa6.jepg,https://fulmo-img-server.com/sacoche-sacolla/9b798a8ee6334b76a02ca4f52c0e17b7.jepg","ブラック / ブラウン","169"
"81","サコッシュ 円形スマイル柄ショルダーバッグ","愛らしいスマイル柄が魅力の円形レザーサコッシュ。 コンパクトなフォルムながら必需品をしっかり収納できる実用性を備えています。 遊び心あふれるデザインとサコッシュタイプの使いやすさが日常のカジュアルコーデに彩りを添えます。 肩掛けスタイルで両手が自由に使える機能的な一品です。","in stock","new","5980 JPY","https://www.sacoche-sacolla.jp/item/81","https://fulmo-img-server.com/sacoche-sacolla/b3e47acc517f4a3a84fb813ab7b33807.jepg","sacoche sacolla","https://fulmo-img-server.com/sacoche-sacolla/b8c41a33a21d4f66953e0c136b6ebef4.jepg,https://fulmo-img-server.com/sacoche-sacolla/b64629f549384271be73cda12e543c13.jepg,https://fulmo-img-server.com/sacoche-sacolla/03e82ff3a69742babf2a3dc8ebeced74.jepg,https://fulmo-img-server.com/sacoche-sacolla/9d52ce519ccd412aa3866f3c81120e08.jepg","ブラック / レッド / グリーン / ブルー","169"
"82","サコッシュ 都会的なシンプル二層ショルダー","高級レザーを使用した洗練されたサコッシュ。 スマートフォンやタブレットを収納できる機能的な二層構造で、日常使いからビジネスシーンまで幅広く活躍します。 軽量設計で肩への負担を軽減し、長時間の外出も快適に過ごせる実用性を兼ね備えています。 上質な素材感と洗練されたデザインで、あらゆるコーディネートに調和します。","in stock","new","4800 JPY","https://www.sacoche-sacolla.jp/item/82","https://fulmo-img-server.com/sacoche-sacolla/488ec9975605492997426968c7a05bbd.jepg","sacoche sacolla","https://fulmo-img-server.com/sacoche-sacolla/f5cc15b1c3184f8a8349ed0a1417e159.jepg,https://fulmo-img-server.com/sacoche-sacolla/b17de92910514bfda733a139302559b6.jepg,https://fulmo-img-server.com/sacoche-sacolla/525b5e7650be4c8fb7692796ba2ed73e.jepg,https://fulmo-img-server.com/sacoche-sacolla/25b491cae40c410fa62e17a6ea039fa9.jepg,https://fulmo-img-server.com/sacoche-sacolla/7aad4b4800204368a05c22a1d8bcd94e.jepg,https://fulmo-img-server.com/sacoche-sacolla/a9b4c64d235f4f79b3edfe26741625cb.jepg,https://fulmo-img-server.com/sacoche-sacolla/a07039e7349c43e991e9be06678fcce1.jepg,https://fulmo-img-server.com/sacoche-sacolla/99aa8db2af5945949e8e4d699208d977.jepg","ブラック / グレー / レッド / ブルー","169"
"83","ミニマルシンプルサコッシュ","柔らかなレザーを使用した小ぶりなサコッシュは、エレガントでありながら機能性も兼ね備えたアイテム。ストラップは長さ調節が可能で、カジュアルからフォーマルなシーンまで幅広く対応。洗練されたミニマルデザインが魅力を引き立て、日常使いにぴったりの逸品。どんなスタイルにもマッチし、持つ人の個性を引き立てます。","in stock","new","7360 JPY","https://www.sacoche-sacolla.jp/item/83","https://fulmo-img-server.com/sacoche-sacolla/422d37bd03c14028829c433e5db76d31.jepg","sacoche sacolla","https://fulmo-img-server.com/sacoche-sacolla/8171f726237d4711945216ab688e9d60.jepg,https://fulmo-img-server.com/sacoche-sacolla/fd56ad61e7da494aa093226cc877d4be.jepg,https://fulmo-img-server.com/sacoche-sacolla/ec4eaf6b4a6b4bb689fe92ecf26fff87.jepg,https://fulmo-img-server.com/sacoche-sacolla/d0240509327f4d8488423f19753db470.jepg,https://fulmo-img-server.com/sacoche-sacolla/37e33375b7b64648a5f5db934663bad4.jepg,https://fulmo-img-server.com/sacoche-sacolla/02470f37df764406970ee8b991057acf.jepg,https://fulmo-img-server.com/sacoche-sacolla/4b1b1ddabd234f60bbc7bfd1838b10a6.jepg,https://fulmo-img-server.com/sacoche-sacolla/3c7e0b25ab6d472f9384d6dfaf394ca8.jepg,https://fulmo-img-server.com/sacoche-sacolla/ed1084bad110421eb5f93243a4a41892.jepg","アプリコット / ホワイト / ブラック / ブラウン","169"
"84","サコッシュ 上質素材のミニショルダーバッグ","上質なレザーを使用した洗練されたサコッシュ。 柔らかな質感と機能性を兼ね備えたコンパクトなデザイン。 フロントポケットと内部の収納で小物の整理も簡単。 カジュアルからフォーマルまで幅広いシーンで活躍する実用的なレザーアイテム。 肩掛けストラップで快適な着用感も魅力。","in stock","new","3460 JPY","https://www.sacoche-sacolla.jp/item/84","https://fulmo-img-server.com/sacoche-sacolla/af31efeeec6a423289e31ecef1e73fba.jepg","sacoche sacolla","https://fulmo-img-server.com/sacoche-sacolla/a8022651ddf544a59a95a987a7a7de24.jepg,https://fulmo-img-server.com/sacoche-sacolla/c1d9c37680c54200b524ba24eb375ec7.jepg,https://fulmo-img-server.com/sacoche-sacolla/fb8834b23cf7488fbbd1179c8c01b87b.jepg,https://fulmo-img-server.com/sacoche-sacolla/1c22c90b18f24daeaf0602e0197f3595.jepg,https://fulmo-img-server.com/sacoche-sacolla/130b114112a74dec8413e7aa1dc9f661.jepg,https://fulmo-img-server.com/sacoche-sacolla/6c44dc9da0f74184b32fc3f6dbf6acbf.jepg","ブラック / ブラウン","169"
"85","サコッシュ シンプル多機能ショルダーバッグ","上質なレザーを使用した機能的なサコッシュ。コンパクトながら収納力抜群で、前面ポケットと内部仕切りが小物整理に便利。 調節可能なストラップ付きで斜めがけスタイルも楽しめる実用的なデザイン。普段使いからちょっとしたお出かけまで幅広く活躍。","in stock","new","3680 JPY","https://www.sacoche-sacolla.jp/item/85","https://fulmo-img-server.com/sacoche-sacolla/2ff53084b84b4dbaa3322061d7bc8901.jepg","sacoche sacolla","https://fulmo-img-server.com/sacoche-sacolla/cd6149b6f3a84d1086bf0497179c4855.jepg,https://fulmo-img-server.com/sacoche-sacolla/d4cfee53794844c8b9c124b3f015d07b.jepg,https://fulmo-img-server.com/sacoche-sacolla/33fb4b00e83849d383136c6f496f8c81.jepg","ブラウン / ブラック / ブルー / レッド / グリーン","169"
"86","サコッシュ チェック柄メッセージトート","軽量で扱いやすいナイロン製のサコッシュ。チェック柄にポジティブなメッセージが映えるデザインで、カジュアルなスタイルにマッチします。普段使いに最適な実用性を兼ね備え、ちょっとしたお出かけやお買い物にも便利。シンプルながらおしゃれなアイテムとして、毎日のコーディネートに彩りを添えます。","in stock","new","3880 JPY","https://www.sacoche-sacolla.jp/item/86","https://fulmo-img-server.com/sacoche-sacolla/2dc221dc3a354c429de5da5e9ec2c38e.jepg","sacoche sacolla","https://fulmo-img-server.com/sacoche-sacolla/6b7f9a6afe8a4839a1374231f7b11f24.jepg,https://fulmo-img-server.com/sacoche-sacolla/5d9eafc48bf24ad69a1dd85ac7764931.jepg,https://fulmo-img-server.com/sacoche-sacolla/918d996222e94fe4ae6a7a15a8292c55.jepg,https://fulmo-img-server.com/sacoche-sacolla/954d232438064e9f88b956ae2b6e2a65.jepg,https://fulmo-img-server.com/sacoche-sacolla/4bc5c94bdc4b49d6aba37224252b6092.jepg,https://fulmo-img-server.com/sacoche-sacolla/82901feac8c74f73be4ae011f0b97ca9.jepg,https://fulmo-img-server.com/sacoche-sacolla/3359d17a028246d587fc3ecc2453e9f8.jepg,https://fulmo-img-server.com/sacoche-sacolla/e1ca286cab6346c08e391d378d31f431.jepg,https://fulmo-img-server.com/sacoche-sacolla/94b8366a112349b8b318d6c67f57119b.jepg","ブラック / チェック柄","169"
"87","クロコ型押しサコッシュバッグ","高級感あふれるクロコダイル型押しレザーを用いたサコッシュバッグ。洗練されたデザインは、カジュアルな日常使いからビジネスシーンまで幅広く対応。コンパクトなサイズながら、必要なアイテムをしっかり収納できる実用性も魅力。スタイルを格上げする一品として、どんなコーディネートにもマッチします。持つことで感じる上質さが、日々の生活に彩りを添えます。","in stock","new","6100 JPY","https://www.sacoche-sacolla.jp/item/87","https://fulmo-img-server.com/sacoche-sacolla/5ab6f5892f5640ed87e89961c2e609b9.jepg","sacoche sacolla","https://fulmo-img-server.com/sacoche-sacolla/fcbb1923ad9f46a3a0b4474e54164733.jepg,https://fulmo-img-server.com/sacoche-sacolla/d9527d4972d84523ac0089eae2bf8f55.jepg,https://fulmo-img-server.com/sacoche-sacolla/795c855d72f340c39e7814a8d81b3c4d.jepg","ブラック","169"
"88","サコッシュ 高級感漂う多機能ボディバッグ","上質な型押しレザーを使用した機能性抜群のサコッシュ。 複数のポケットと調節可能なストラップで、スマートフォンやお財布などの必需品をコンパクトに収納。 カジュアルからビジネスまで幅広く活躍する実用的なレザーアイテム。","in stock","new","3580 JPY","https://www.sacoche-sacolla.jp/item/88","https://fulmo-img-server.com/sacoche-sacolla/60704d07dd2543349f7023d728a8b5bb.jepg","sacoche sacolla","https://fulmo-img-server.com/sacoche-sacolla/a3a6f0c64e26434e8595d3f193c2c860.jepg,https://fulmo-img-server.com/sacoche-sacolla/dd8ac3cf88e44c05881b88bae7466f69.jepg,https://fulmo-img-server.com/sacoche-sacolla/1c4a7faaccde40b5bd8ed0a808e36212.jepg,https://fulmo-img-server.com/sacoche-sacolla/de44b1f895d645bd9a64ce0e3116cb13.jepg,https://fulmo-img-server.com/sacoche-sacolla/337602f95d63495a8166923a03420a68.jepg,https://fulmo-img-server.com/sacoche-sacolla/fd866fd07b62476b882eae18cb2b8c8d.jepg,https://fulmo-img-server.com/sacoche-sacolla/8f27d0d3981047ba8702e55ccce1b401.jepg,https://fulmo-img-server.com/sacoche-sacolla/5f53ce65061145a192535c368546590b.jepg","ブラック / ブラウン","169"
"89","上質シンプル小型サコッシュ","上質なレザーを使用した洗練されたサコッシュ。なめらかな質感の本革素材が高級感を演出します。 長さ調節可能なショルダーストラップで斜め掛けやクロスボディスタイルに対応。 日常使いに最適なコンパクトサイズで、スマートフォンや財布などの必需品をすっきり収納できる実用的なサコッシュです。","in stock","new","3230 JPY","https://www.sacoche-sacolla.jp/item/89","https://fulmo-img-server.com/sacoche-sacolla/4644a48d26cd4b5da8b096f89208a368.jepg","sacoche sacolla","https://fulmo-img-server.com/sacoche-sacolla/33e033a262a94a118766f956398e0ee7.jepg,https://fulmo-img-server.com/sacoche-sacolla/5ce605cc8c484311967a9dde0f7298a6.jepg,https://fulmo-img-server.com/sacoche-sacolla/c77952b7a5d54b34b8ea40296c04204f.jepg,https://fulmo-img-server.com/sacoche-sacolla/36d49b87fd034255be29b3ddc21fa951.jepg,https://fulmo-img-server.com/sacoche-sacolla/05b27faa161f496699a1a2d8c33c9b7c.jepg,https://fulmo-img-server.com/sacoche-sacolla/ac9ad6c1ffb84b61a01b274f16e13b87.jepg,https://fulmo-img-server.com/sacoche-sacolla/5321a84666454884a15c8ff7a8ae2db3.jepg,https://fulmo-img-server.com/sacoche-sacolla/837475c8710f4b8bbccec063d3f98299.jepg","ブラック / ホワイト / イエロー / ピンク","169"
"90","ミニマリスト風 柔らか質感サコッシュ","シンプルで洗練されたデザインのレザーサコッシュ。 上質な素材を使用した小型ショルダーバッグで、柔らかい質感が魅力。 日常使いに最適で、スマートフォンや財布などの必需品をコンパクトに収納可能。 カジュアルからフォーマルまで幅広いスタイルに合わせやすい実用的なレザーサコッシュです。","in stock","new","2420 JPY","https://www.sacoche-sacolla.jp/item/90","https://fulmo-img-server.com/sacoche-sacolla/367189679d5d4330bba19ae30c4e9059.jepg","sacoche sacolla","https://fulmo-img-server.com/sacoche-sacolla/697be3009d514c15ad2611df07611dd3.jepg,https://fulmo-img-server.com/sacoche-sacolla/4b49d12a6bed4211b87e388cdff76b5b.jepg,https://fulmo-img-server.com/sacoche-sacolla/fc94427d40b04296af11b435eca2d4d8.jepg,https://fulmo-img-server.com/sacoche-sacolla/ddde5a55aac447f1997f0bd083cec746.jepg,https://fulmo-img-server.com/sacoche-sacolla/98b4f0581fc64687828c0316cf962e27.jepg,https://fulmo-img-server.com/sacoche-sacolla/8b11dcb0a53a476eb6afb29abca81d7e.jepg,https://fulmo-img-server.com/sacoche-sacolla/190b14626b664ac0bc3c5f83d3f0c02e.jepg,https://fulmo-img-server.com/sacoche-sacolla/d65520c815a3429a8c39f7518f822e48.jepg,https://fulmo-img-server.com/sacoche-sacolla/f80e29399dba4fb1b1f36e21c9fca5fb.jepg","カーキ / ブラック / ピンク / ホワイト","169"
"91","サコッシュ 柔らかな曲線のスマホポーチ","上質なレザー素材で仕立てた洗練されたサコッシュ。 長めのストラップで斜め掛けでき、スマートフォンにぴったりサイズのポーチです。 シンプルなデザインで日常使いに最適。 柔らかな質感と機能性を兼ね備えた、大人のカジュアルスタイルにマッチする逸品です。","in stock","new","3160 JPY","https://www.sacoche-sacolla.jp/item/91","https://fulmo-img-server.com/sacoche-sacolla/c99d3a8fb0ce40bd8172eb874858ebed.jepg","sacoche sacolla","https://fulmo-img-server.com/sacoche-sacolla/c7b06b81b96441bb91650466a1b1e355.jepg,https://fulmo-img-server.com/sacoche-sacolla/da4d873f7c764642a3116aed3e0bad21.jepg,https://fulmo-img-server.com/sacoche-sacolla/d5efad0098f0490b999311665cc45dc3.jepg,https://fulmo-img-server.com/sacoche-sacolla/7a6c6efbeea544ce8fc5005f50e99cc7.jepg","ブラック / ホワイト / ブラウン / ライトブルー / ライトブラウン","169"
"92","サコッシュ ミニマルポシェット","高級レザーを使用した洗練されたサコッシュ。 コンパクトながら機能的な設計で、スマートフォンや財布などの必需品をすっきり収納。 シンプルな美しさと上質な素材感が魅力の、日常使いに最適なユニセックスアイテム。 細身のショルダーストラップで快適な装着感を実現しています。","in stock","new","3580 JPY","https://www.sacoche-sacolla.jp/item/92","https://fulmo-img-server.com/sacoche-sacolla/14e9c33b6bd442448525b15b36b022d4.jepg","sacoche sacolla","https://fulmo-img-server.com/sacoche-sacolla/3e5648c30e7b436cbd5bd4747d67710c.jepg,https://fulmo-img-server.com/sacoche-sacolla/b9866d7958bd4844b36fee531258ff53.jepg,https://fulmo-img-server.com/sacoche-sacolla/37628243097e4687a323e5b11c5fc7de.jepg,https://fulmo-img-server.com/sacoche-sacolla/7503644fcd664f48b4dcd9716ffc4627.jepg,https://fulmo-img-server.com/sacoche-sacolla/b567e4dcef29400e95721c79b70cd82c.jepg,https://fulmo-img-server.com/sacoche-sacolla/173ffcd852104451b99a034d238eb79c.jepg,https://fulmo-img-server.com/sacoche-sacolla/340e1c7a115f4f08bad7ae9c8c17b119.jepg,https://fulmo-img-server.com/sacoche-sacolla/6eccac8e57c54551827ce037004f4201.jepg,https://fulmo-img-server.com/sacoche-sacolla/f2929ce18c484fb1b2c610347ac172d9.jepg","ブラック / ホワイト","169"
"93","スマートフォン用レザーサコッシュ","デザイン性と機能性を兼ね備えたレザーサコッシュ。スマートフォンをぴったり収納でき、長めのストラップで斜め掛けにも対応。シンプルかつ洗練された印象を与え、日常使いにぴったり。軽量で持ち運びも楽々、おしゃれなアクセントとしてどんなスタイルにもマッチします。上質なレザー素材が魅力を引き立て、毎日のコーディネートを格上げします。","in stock","new","4000 JPY","https://www.sacoche-sacolla.jp/item/93","https://fulmo-img-server.com/sacoche-sacolla/09ba6c00a3d04a368b423437ab5f13cc.jepg","sacoche sacolla","","シルバー","169"
"94","サコッシュ スマート携帯財布ポシェット","上質なレザーを使用した柔らかな質感のサコッシュ。 スマートフォンや小物を収納できる実用的な内部設計。 調節可能なショルダーストラップ付きで手ぶらでのお出かけに最適。 日常使いからちょっとしたお出かけまで幅広く活躍する洗練されたデザインの逸品。","in stock","new","3580 JPY","https://www.sacoche-sacolla.jp/item/94","https://fulmo-img-server.com/sacoche-sacolla/fe17b67fb682449fbae4a23cb43db8f6.jepg","sacoche sacolla","https://fulmo-img-server.com/sacoche-sacolla/b0d9a46b9bf2493593f7ebea9009b5f8.jepg,https://fulmo-img-server.com/sacoche-sacolla/12592c4ff2434973a57c53fc1b692ca5.jepg,https://fulmo-img-server.com/sacoche-sacolla/7f0032f2ed3748e2b97da8f734a4c56e.jepg,https://fulmo-img-server.com/sacoche-sacolla/af83f332e08043519cca5ec06c601828.jepg","ブラック / グレー / レッド / アプリコット / グリーン / ブルー","169"
"95","コンパクトサコッシュバッグ","耐久性のあるナイロン素材を使用した機能的なサコッシュ。 軽量でコンパクトなデザインながら小物収納に便利なポケット付き。 長さ調整可能なストラップで体にフィットし、快適な着用感を実現。 シンプルなフォルムで日常コーデに溶け込み、実用性とスタイルを両立したミニショルダーバッグです。","in stock","new","2960 JPY","https://www.sacoche-sacolla.jp/item/95","https://fulmo-img-server.com/sacoche-sacolla/eeadd4ceb19c40a7ad0ecf93df6ca118.jepg","sacoche sacolla","https://fulmo-img-server.com/sacoche-sacolla/7eac898454ea4553b634f03d4b252f87.jepg,https://fulmo-img-server.com/sacoche-sacolla/57223219581c4adb976bf250146b6895.jepg,https://fulmo-img-server.com/sacoche-sacolla/a20af1dcd2874138a9316c36eccfb3b0.jepg,https://fulmo-img-server.com/sacoche-sacolla/145c19a8240b4f5f8e891a6339ff2874.jepg,https://fulmo-img-server.com/sacoche-sacolla/0b90d7f8102c495ba2899f92bdbf9443.jepg,https://fulmo-img-server.com/sacoche-sacolla/e2bbd7e355fe455ea4673656a8e1f9d6.jepg,https://fulmo-img-server.com/sacoche-sacolla/4b3de6bcf99e4f5aa907d639cdb7e6b5.jepg,https://fulmo-img-server.com/sacoche-sacolla/0fe0c160a93c4d0a82b9b28e07f12f0e.jepg,https://fulmo-img-server.com/sacoche-sacolla/c2246e2da5f142378e9cbfabcc9f50e0.jepg","ブラック / オレンジ / クリーム","169"
"96","軽量サコッシュショルダーバッグ","薄型でコンパクトなサコッシュは、ナイロン素材を使用し、耐久性と防水性を兼ね備えています。日常使いにぴったりで、ジッパー付きのデザインが中身をしっかり保護。軽量だから、長時間持ち歩いても疲れ知らず。シンプルな見た目は、さまざまなスタイルにマッチし、どんなシーンでも活躍します。","in stock","new","6000 JPY","https://www.sacoche-sacolla.jp/item/96","https://fulmo-img-server.com/sacoche-sacolla/1aed73924c5e4d55abe25bc1f6d2595d.jepg","sacoche sacolla","https://fulmo-img-server.com/sacoche-sacolla/faa9aa6d48d34609ae49b12cc514c9da.jepg,https://fulmo-img-server.com/sacoche-sacolla/673eb69ddf4642a4b96fc637bcb72a06.jepg,https://fulmo-img-server.com/sacoche-sacolla/ca7b76a07f9242a8b54ed1c7d3a33e8f.jepg,https://fulmo-img-server.com/sacoche-sacolla/de46a3b879a649b59b8473c530ec8a66.jepg","ブラック / グリーン","169"
"97","軽量サコッシュバッグ","しなやかで耐久性に優れたナイロン素材を使用したサコッシュ。軽量ながらもしっかりとした作りで、日常のさまざまなシーンにぴったり。調節可能なショルダーストラップにより、快適な着用感を実現。シンプルなデザインはカジュアルからフォーマルまで、幅広いスタイルにマッチします。収納力もあり、使い勝手の良さが魅力の一品。","in stock","new","3950 JPY","https://www.sacoche-sacolla.jp/item/97","https://fulmo-img-server.com/sacoche-sacolla/f372bee2b2c94319807f6e13766815df.jepg","sacoche sacolla","https://fulmo-img-server.com/sacoche-sacolla/75b4d841acf742a59fd10a0f30694892.jepg,https://fulmo-img-server.com/sacoche-sacolla/e9a0f0e5774446289e28350c71722218.jepg,https://fulmo-img-server.com/sacoche-sacolla/87e993d7d1fe414e8f7e749be7aee905.jepg,https://fulmo-img-server.com/sacoche-sacolla/853ce4d8ca774ddabac05000c1e889ab.jepg,https://fulmo-img-server.com/sacoche-sacolla/182194b6e0884d1fb8a952a44e8499f7.jepg,https://fulmo-img-server.com/sacoche-sacolla/fd9eeb4dc70c4081b25f3cb6ce80218f.jepg,https://fulmo-img-server.com/sacoche-sacolla/1b3a0658eb9a45d9ba5ab48720e3fb90.jepg,https://fulmo-img-server.com/sacoche-sacolla/e68c3dfebb8a40dab8cc9ddc881a7305.jepg,https://fulmo-img-server.com/sacoche-sacolla/59321870cca0422b9fc99971001e5aa0.jepg","オレンジ / ブラック / ホワイト / グリーン / イエロー","169"
"98","シンプル肩掛けサコッシュ","軽量かつ耐久性に優れたキャンバス素材を採用したサコッシュは、日常の使用からアウトドアまで幅広いシーンで活躍。調整可能なショルダーストラップが体にフィットし、快適な着用感を提供。洗練されたミニマルデザインにより、あらゆるスタイルにマッチし、帆布の上質な質感がアクセントとなります。実用性とスタイルを兼ね備えたこのサコッシュで、あなたのコーディネートを引き立ててください。","in stock","new","2320 JPY","https://www.sacoche-sacolla.jp/item/98","https://fulmo-img-server.com/sacoche-sacolla/28cd50811a3045b9990dc37a4f9ec1b0.jepg","sacoche sacolla","https://fulmo-img-server.com/sacoche-sacolla/f8839f8d70364cfba1422b2bb05b9d0b.jepg,https://fulmo-img-server.com/sacoche-sacolla/d0b6d340400b4ef48f430abbdc79840c.jepg,https://fulmo-img-server.com/sacoche-sacolla/7d54b6ed4c8d49be943f21f01c563255.jepg","ブラック / ホワイト","169"
"99","都会的スタイル サコッシュバッグ","コンパクトながら収納力抜群のサコッシュ。 高品質なナイロン素材を使用し、防水性に優れているため貴重品の持ち運びに最適。 調節可能なストラップで体にフィットする快適な装着感を実現。 日常使いからアウトドアまで幅広く活躍する実用的なサコッシュです。","in stock","new","3160 JPY","https://www.sacoche-sacolla.jp/item/99","https://fulmo-img-server.com/sacoche-sacolla/d61e8e5111554ea9a0dee09167da8d81.jepg","sacoche sacolla","https://fulmo-img-server.com/sacoche-sacolla/c5561d29cde94cd081131bd894203832.jepg,https://fulmo-img-server.com/sacoche-sacolla/ccc1bf657df24dc1b59cd23850f5b981.jepg,https://fulmo-img-server.com/sacoche-sacolla/858fca73790d4ba9ab6524eefc3367b6.jepg,https://fulmo-img-server.com/sacoche-sacolla/5c3e581f34e447509721b6670a738854.jepg,https://fulmo-img-server.com/sacoche-sacolla/e3b3f2a143a04648b52afd4aa2a438d0.jepg,https://fulmo-img-server.com/sacoche-sacolla/fae6708f69ab41ddbc1f325bdecb4603.jepg,https://fulmo-img-server.com/sacoche-sacolla/ff1ee02b99804e14a3e540ca05ed8699.jepg,https://fulmo-img-server.com/sacoche-sacolla/be0ec6fc53ef4bdfac4f74f10fb4e3a7.jepg,https://fulmo-img-server.com/sacoche-sacolla/59f19b6c9ed242f18129f4023fc61ac3.jepg","ブラック","169"
"100","軽量コンパクト多機能サコッシュ","ナイロン製のサコッシュは、軽量で耐久性に優れ、日常使いやアウトドアシーンに最適。ジップポケットにより小物をすっきり整理でき、斜めがけできるショルダーストラップが便利。シンプルなデザインでコーディネートしやすく、スタイルを選ばず活躍するアイテム。手軽に持ち運べるので、さまざまなシーンで重宝すること間違いなし。","out of stock","new","16030 JPY","https://www.sacoche-sacolla.jp/item/100","https://fulmo-img-server.com/sacoche-sacolla/f5ee20e75da146aeb683d8cae8b16a38.jepg","sacoche sacolla","https://fulmo-img-server.com/sacoche-sacolla/f8c3283a6456491880a6b5aefa480d36.jepg,https://fulmo-img-server.com/sacoche-sacolla/728eef30f53544b6a12e96dafb4f6c62.jepg,https://fulmo-img-server.com/sacoche-sacolla/365919da98714454a765ba3c6947c800.jepg,https://fulmo-img-server.com/sacoche-sacolla/d38bdfd6f7cc4a6abfbf45dd8ef63acf.jepg,https://fulmo-img-server.com/sacoche-sacolla/c009c7dee0f94853bcb3cbd81bcc858e.jepg,https://fulmo-img-server.com/sacoche-sacolla/085f6b50919f4c0bae77013a3f304b2f.jepg,https://fulmo-img-server.com/sacoche-sacolla/b3043ba3e21c47308daab5257265dde2.jepg,https://fulmo-img-server.com/sacoche-sacolla/0383cb7c7ff049fc93dffc98697f5d52.jepg,https://fulmo-img-server.com/sacoche-sacolla/9af48f8c032e4a21980bbb52868e2bbf.jepg","グリーン","169"
"101","ミニマル軽量サコッシュ","薄型軽量の高機能サコッシュ。 丈夫なナイロン素材を採用し、耐久性に優れた肩掛けバッグです。 シンプルなデザインで日常使いからアウトドアまで幅広く活躍。 実用的な内部ポケット付きで小物の整理も簡単です。 薄手でも収納力があり、肩にかけた時のシルエットもすっきりとしています。","out of stock","new","4480 JPY","https://www.sacoche-sacolla.jp/item/101","https://fulmo-img-server.com/sacoche-sacolla/8292b0d164864c0599e3d58198f5c000.jepg","sacoche sacolla","https://fulmo-img-server.com/sacoche-sacolla/1c5752fa9ee44590aa5af7efeb21efe5.jepg,https://fulmo-img-server.com/sacoche-sacolla/325f32a840d14aec82c6ec939ec39dae.jepg,https://fulmo-img-server.com/sacoche-sacolla/749ea19dbf834fafa3587cf086ee1c65.jepg,https://fulmo-img-server.com/sacoche-sacolla/9e5ede8f5c2c4a318fb3861de046224f.jepg,https://fulmo-img-server.com/sacoche-sacolla/7d2e15799ef8480080a6bb2b4595570f.jepg,https://fulmo-img-server.com/sacoche-sacolla/926108dbde544cde9d529e87d4e36851.jepg,https://fulmo-img-server.com/sacoche-sacolla/bb436482612d4f1d84b51d94c62ac7d1.jepg,https://fulmo-img-server.com/sacoche-sacolla/65e42f75c46c415b8abe938047dc0688.jepg,https://fulmo-img-server.com/sacoche-sacolla/d77a019940054d618491669d446a001c.jepg","オレンジ / ブラック / ホワイト / グリーン / イエロー","169"
"102","軽量コンパクトサコッシュ","軽量で機能的なサコッシュ。 高品質ナイロン素材で防水性に優れ、旅行や日常使いに最適。 調節可能なショルダーストラップで体にフィットし、スタイリッシュな装いに。 フロントジッパーポケット付きで小物の収納も便利。 シンプルなデザインでどんなコーディネートにも合わせやすい万能バッグ。","in stock","new","3720 JPY","https://www.sacoche-sacolla.jp/item/102","https://fulmo-img-server.com/sacoche-sacolla/dbb9c4a1c54842bdb79e2cbbc9c75944.jepg","sacoche sacolla","https://fulmo-img-server.com/sacoche-sacolla/3b3551bf7dce402f9db8bb878a1a5ad0.jepg,https://fulmo-img-server.com/sacoche-sacolla/7d260021613c421490cd5f41bfdbe9c6.jepg,https://fulmo-img-server.com/sacoche-sacolla/4c005bb313a34957ac4658926db7b029.jepg,https://fulmo-img-server.com/sacoche-sacolla/4cef97ff4ab540ed84925f73ca633da1.jepg,https://fulmo-img-server.com/sacoche-sacolla/50385cf1bdea43bda68d4c713a4f832b.jepg,https://fulmo-img-server.com/sacoche-sacolla/8bc8106fbedf4ace819d7080213e3c09.jepg,https://fulmo-img-server.com/sacoche-sacolla/b9de66d2f6b742aa8f02f54a90248583.jepg,https://fulmo-img-server.com/sacoche-sacolla/d18e93d54465482c979640eb1b29a699.jepg,https://fulmo-img-server.com/sacoche-sacolla/60bba873cce04ddf9bc3d832d1fef2b8.jepg","グリーン / オフホワイト / ブラック / イエロー","169"
"103","都会的な洗練サコッシュ","上質な光沢感のあるナイロン素材を使用したサコッシュ。 スタイリッシュな曲線デザインで、どんな装いにも映える洗練された佇まい。 長さ調節可能なストラップ付きで、肩掛けから斜め掛けまで自在に調整可能。 実用性と美しさを兼ね備えた、日常使いに最適なサコッシュです。","in stock","new","4420 JPY","https://www.sacoche-sacolla.jp/item/103","https://fulmo-img-server.com/sacoche-sacolla/0b2ab59321b04b3ca9b2a9f169d0c19b.jepg","sacoche sacolla","https://fulmo-img-server.com/sacoche-sacolla/cfbdd0d0e1664c84b6b4ded5f9dc2767.jepg,https://fulmo-img-server.com/sacoche-sacolla/1d086abd5d174e51ba749222db55b0f5.jepg,https://fulmo-img-server.com/sacoche-sacolla/eae51239986e442280924b8c7b5b071f.jepg,https://fulmo-img-server.com/sacoche-sacolla/6d68c198f3464f178c9db74a60900b37.jepg,https://fulmo-img-server.com/sacoche-sacolla/7a041fcbb8274ca48669d5ee7aa77ffa.jepg,https://fulmo-img-server.com/sacoche-sacolla/d991920cb59a4706be4bd819920e451c.jepg,https://fulmo-img-server.com/sacoche-sacolla/6a39e24d83f144dda10e857c16a81ea8.jepg,https://fulmo-img-server.com/sacoche-sacolla/df71aacd22f44862bfbeea564b79a683.jepg,https://fulmo-img-server.com/sacoche-sacolla/24d31673a5434c46bf81e712e6a390d6.jepg","ブラック / カーキ / ホワイト","169"
"104","軽量防水サコッシュ","コンパクトで機能的なナイロン素材のサコッシュ。 軽量で耐久性に優れた生地を使用し、複数のポケット付きで小物の整理に便利。 調節可能なストラップで快適な斜め掛けが可能。 タウンユースからアウトドアまで幅広く活躍する実用的なアイテム。","in stock","new","3080 JPY","https://www.sacoche-sacolla.jp/item/104","https://fulmo-img-server.com/sacoche-sacolla/52ae9cfa8ad3460f99e03e904821cb65.jepg","sacoche sacolla","https://fulmo-img-server.com/sacoche-sacolla/3216cae583354563900afed5f07fff8c.jepg,https://fulmo-img-server.com/sacoche-sacolla/a0469a46b88f4f888d9310bb8b6ee1de.jepg,https://fulmo-img-server.com/sacoche-sacolla/4fc3bdb00eb441df94479299b403a94a.jepg,https://fulmo-img-server.com/sacoche-sacolla/511f92472cc44724bf9aad4afa040fda.jepg,https://fulmo-img-server.com/sacoche-sacolla/2a59dbc62a0b428d8af7f8f3840abd1c.jepg,https://fulmo-img-server.com/sacoche-sacolla/896e7a5b14e14b7cab8a7eac0b5525b4.jepg,https://fulmo-img-server.com/sacoche-sacolla/79459cf4a3bf4b0697e9dcabe588761f.jepg,https://fulmo-img-server.com/sacoche-sacolla/a3a7228ac2784cbbb3e17780ad93ce5d.jepg,https://fulmo-img-server.com/sacoche-sacolla/82b306ac7dd74ecebf519897690378f4.jepg","ブラック / グレー / ホワイト / レッド / イエロー","169"
"105","軽量薄型サコッシュ","使いやすさと機能性を兼ね備えた薄型のサコッシュ。 耐久性に優れたナイロン素材を使用し、軽量ながら強度も確保。 調節可能なストラップで快適な肩掛けができ、体にフィットする設計。 ジッパー付きのメインポケットで荷物をしっかり収納でき、日常使いからレジャーまで幅広く活躍する実用的なバッグ。","in stock","new","3750 JPY","https://www.sacoche-sacolla.jp/item/105","https://fulmo-img-server.com/sacoche-sacolla/39585bb51faa4a9090e774db3cc701ef.jepg","sacoche sacolla","https://fulmo-img-server.com/sacoche-sacolla/e7850a21336c4a0ba6bb48004187c336.jepg,https://fulmo-img-server.com/sacoche-sacolla/4a9d77547d4943a8804d62ac18a2e042.jepg,https://fulmo-img-server.com/sacoche-sacolla/94913927203541b68978e3b73a224b4f.jepg,https://fulmo-img-server.com/sacoche-sacolla/9e46cd14cde04c68bd959f4e006a469c.jepg,https://fulmo-img-server.com/sacoche-sacolla/9aa6a51f655441ccb4771bc7f68e4ccf.jepg,https://fulmo-img-server.com/sacoche-sacolla/3117c28c0106442890cfe17b1aea654c.jepg,https://fulmo-img-server.com/sacoche-sacolla/6bae40931b134fc990cad7526ed438cf.jepg,https://fulmo-img-server.com/sacoche-sacolla/e49f66c7af05476491afaf59b79e48b9.jepg,https://fulmo-img-server.com/sacoche-sacolla/34337a0f808544d196fffebc9d744a54.jepg","ブラック / グレー / パープル / オレンジ / ネイビー / ローズ","169"
"106","軽量コンパクトサコッシュ","薄型で収納力に優れたナイロン製サコッシュ。調節可能なショルダーストラップにより、快適な着用感を実現。デイリーの必需品をスマートに持ち運べる実用的なデザインで、アウトドアやカジュアルなシーンにもぴったり。軽量かつ耐久性のあるナイロン素材が、安心して使用できる一品。洗練されたスタイルで、個性を引き立てるアイテムとしてもおすすめ。","in stock","new","4940 JPY","https://www.sacoche-sacolla.jp/item/106","https://fulmo-img-server.com/sacoche-sacolla/cd1573dbed164900a1abbc3072d8bc76.jepg","sacoche sacolla","https://fulmo-img-server.com/sacoche-sacolla/04f8ba5cfe8e48168a302a4c8454e17d.jepg,https://fulmo-img-server.com/sacoche-sacolla/01d864bd17b54230a3c8c3451fc43a48.jepg,https://fulmo-img-server.com/sacoche-sacolla/a9b280e315714ea88be647deff7ce598.jepg,https://fulmo-img-server.com/sacoche-sacolla/5d121f4dbe404b3986759e09010ffaf1.jepg,https://fulmo-img-server.com/sacoche-sacolla/881611238f6a49e194bfc97126b5ddc0.jepg,https://fulmo-img-server.com/sacoche-sacolla/9e0cd947e2c8467087a47598a782d58f.jepg,https://fulmo-img-server.com/sacoche-sacolla/f0e3c5273613418f9efad727d9c3dcf6.jepg,https://fulmo-img-server.com/sacoche-sacolla/15d9772e1ffe47d8920942ee58237262.jepg,https://fulmo-img-server.com/sacoche-sacolla/7fb5d048851b46a0850f9b6d28d36d36.jepg","ダークブルー / グレー / ベージュ","169"
"107","軽量多機能サコッシュバッグ","軽量ナイロン素材で作られた薄型サコッシュ。 収納力抜群のショルダーバッグで、長さ調節可能なストラップにより快適な着用感を実現。 外側には小物をすっきり整理できる便利なポケット付き。 耐久性のあるナイロン素材を使用したシンプルデザインで、日常使いからアウトドアまで幅広いシーンで活躍します。","out of stock","new","7960 JPY","https://www.sacoche-sacolla.jp/item/107","https://fulmo-img-server.com/sacoche-sacolla/9e5d316cd317487da7916a7679f2d38f.jepg","sacoche sacolla","https://fulmo-img-server.com/sacoche-sacolla/709da68eb96d40469d56ab31f74bd41a.jepg,https://fulmo-img-server.com/sacoche-sacolla/aa8fda67d7464da7ab410130013b4cb3.jepg,https://fulmo-img-server.com/sacoche-sacolla/16a547718ca04c92ae4348d7174bb647.jepg,https://fulmo-img-server.com/sacoche-sacolla/761e82471f6b4c0f8da74b6dc8f975aa.jepg,https://fulmo-img-server.com/sacoche-sacolla/432bfa7caf184d609213e2df40fff471.jepg,https://fulmo-img-server.com/sacoche-sacolla/b11128b370824cc5b6f0c7bbd1d34baf.jepg","ブラック / カーキ","169"
"108","サコッシュ シンプル薄型ショルダーポーチ","洗練された薄型サコッシュ。 厳選されたレザー素材で作られた上質な質感が特徴。 スマートフォンや財布などの必需品をすっきり収納できる実用性。 シンプルなデザインと絶妙なサイズ感で、日常使いに最適。 長く愛用できる職人技が光る逸品。","in stock","new","14460 JPY","https://www.sacoche-sacolla.jp/item/108","https://fulmo-img-server.com/sacoche-sacolla/5c129813bfd44a16ac780ca894de77d8.jepg","sacoche sacolla","https://fulmo-img-server.com/sacoche-sacolla/17ba6a443b2244a7a9bc460799259fe3.jepg,https://fulmo-img-server.com/sacoche-sacolla/b0ad5b0dd90e43c6b3810937819a41b5.jepg,https://fulmo-img-server.com/sacoche-sacolla/e9ed8447d790454dba0662ff870f92a3.jepg,https://fulmo-img-server.com/sacoche-sacolla/af83dd5c658840b9b40e8f2e2fb12c9f.jepg,https://fulmo-img-server.com/sacoche-sacolla/37661adb30934be59d919715df80108d.jepg,https://fulmo-img-server.com/sacoche-sacolla/a24f483048be4d45ab69c665d3974d31.jepg,https://fulmo-img-server.com/sacoche-sacolla/1a70f32fddc2404f9c9957932c23ac2f.jepg,https://fulmo-img-server.com/sacoche-sacolla/da0614ed70f0499f844fc605cd5e815e.jepg","ブラック / ブラウン","169"
"109","アウトドア用サコッシュバッグ","軽量かつ耐久性に優れたナイロン素材を採用した多機能サコッシュ。調節可能なストラップに加え、複数のポケットを備え、使い勝手も抜群。防水性を持ち、アウトドアや日常のタウンユースにぴったりのスタイリッシュなデザインが魅力。どんなシーンでも活躍し、必要なアイテムをスマートに持ち運べます。","in stock","new","18750 JPY","https://www.sacoche-sacolla.jp/item/109","https://fulmo-img-server.com/sacoche-sacolla/e3828c634d984f368c6aa1d58726dec6.jepg","sacoche sacolla","https://fulmo-img-server.com/sacoche-sacolla/b2dbbd1aacef4fa4b03c69c8e4265d6a.jepg,https://fulmo-img-server.com/sacoche-sacolla/4814dfdbfedb4b7daee370cf11489d2a.jepg,https://fulmo-img-server.com/sacoche-sacolla/f153ecb329714823a776300eab84042a.jepg,https://fulmo-img-server.com/sacoche-sacolla/734705f1a4ca4ac0a61fa2e449c96d71.jepg","ブラック / グレー / グリーン","169"
"110","サコッシュ 都会的ミニマリストショルダー","軽量で耐久性に優れたナイロン製サコッシュは、コンパクトなサイズでありながら必要なアイテムをしっかり収納可能。スリムなデザインは日常のコーディネートにもマッチし、調節可能なストラップにより斜め掛けスタイルも楽しめる。シンプルかつスタイリッシュな印象を持ちながら、実用性を兼ね備えた必携アイテム。どんなシーンでも活躍する一品。","out of stock","new","5480 JPY","https://www.sacoche-sacolla.jp/item/110","https://fulmo-img-server.com/sacoche-sacolla/42e695e1096c40e28d2cd6f5528e8a5a.jepg","sacoche sacolla","https://fulmo-img-server.com/sacoche-sacolla/02040cabc0e34a48aee26ca50389a072.jepg,https://fulmo-img-server.com/sacoche-sacolla/ed6d3bd2f1ec4988a0e516811db4fa67.jepg,https://fulmo-img-server.com/sacoche-sacolla/16d6023c0aaa450d8c920b660d27bba5.jepg,https://fulmo-img-server.com/sacoche-sacolla/243b23ffe6e5413fa5aeccc95d549d61.jepg,https://fulmo-img-server.com/sacoche-sacolla/9c4d6b45cdc24dfe8a284f85b8eaefb5.jepg,https://fulmo-img-server.com/sacoche-sacolla/86d7780aa0ed458e8a3bf8668a4f9430.jepg,https://fulmo-img-server.com/sacoche-sacolla/28f648d8a33f4232b568c75fe79a41dc.jepg,https://fulmo-img-server.com/sacoche-sacolla/3d7507a1b8614e3cbd029d6a11dd0d5c.jepg,https://fulmo-img-server.com/sacoche-sacolla/7dd2cb17471141289b4b463f847ff768.jepg","ブラック","169"
"111","サコッシュ 軽量コンパクト携帯ポーチ","軽量で耐久性に優れたナイロン製サコッシュ。薄型なので持ち運びが容易で、日常の小物収納に最適。ストラップは長さ調節が可能で、シーンを選ばず使える実用的なデザインが魅力。アウトドアや旅行にもぴったりなアイテム。シンプルなスタイルで、どんなコーディネートにも馴染む。","in stock","new","3160 JPY","https://www.sacoche-sacolla.jp/item/111","https://fulmo-img-server.com/sacoche-sacolla/69c31bff067c488d9154df2e5e2c0ce4.jepg","sacoche sacolla","https://fulmo-img-server.com/sacoche-sacolla/9558c3760d104772abaaa1cff7837816.jepg,https://fulmo-img-server.com/sacoche-sacolla/e040606d45f6425e9a8f7d379f0abb96.jepg,https://fulmo-img-server.com/sacoche-sacolla/bf8af7a5cf694517b247b31e29e49d56.jepg,https://fulmo-img-server.com/sacoche-sacolla/264903e7ed224e7f8fda83e5a3754090.jepg,https://fulmo-img-server.com/sacoche-sacolla/e5587b51aef5442fb6f12a16a75e375e.jepg,https://fulmo-img-server.com/sacoche-sacolla/e7ed0077d666488aab79c004d2b860e1.jepg,https://fulmo-img-server.com/sacoche-sacolla/fb04f46bc56a4a16b1919aa84aa0788e.jepg,https://fulmo-img-server.com/sacoche-sacolla/da8c6e6b032e4e6794ca04806deedce3.jepg,https://fulmo-img-server.com/sacoche-sacolla/e046a65285734c04ac1aac1e927350db.jepg","ホワイト / ブラック / グリーン","169"
"112","マルチユースサコッシュバッグ","高品質ナイロン素材を使用した軽量サコッシュ。 調節可能なストラップで斜め掛けや肩掛けが自在。 ジッパーポケット付きで小物整理も簡単。 薄型ながら収納力抜群の実用的デザイン。 カジュアルからビジネスまで幅広い場面で活躍する万能バッグ。","in stock","new","4480 JPY","https://www.sacoche-sacolla.jp/item/112","https://fulmo-img-server.com/sacoche-sacolla/6971fd41880241ad8113ae24d791180f.jepg","sacoche sacolla","https://fulmo-img-server.com/sacoche-sacolla/95905012e84449639e9dfc1bb112ceae.jepg,https://fulmo-img-server.com/sacoche-sacolla/6d317bcbc899463ca8119721cac55f3f.jepg,https://fulmo-img-server.com/sacoche-sacolla/0e6fb11cf0f64138a191d01277dbf94b.jepg","ブラック / グレー","169"
"113","サコッシュ マルチユース斜め掛けポーチ","耐久性に優れたナイロン素材を使用した軽量サコッシュ。 日常使いに最適な大きさと機能性を備えた斜め掛けポーチです。 前面ポケット付きで小物の整理もしやすく、アウトドアやカジュアルな外出時に重宝します。 シンプルなデザインで長く愛用できる実用的なアイテムです。","in stock","new","5680 JPY","https://www.sacoche-sacolla.jp/item/113","https://fulmo-img-server.com/sacoche-sacolla/99558420c6da45c38803bfb67b068711.jepg","sacoche sacolla","https://fulmo-img-server.com/sacoche-sacolla/fe6b45ee8dfa491eb12db04576f0a5a3.jepg,https://fulmo-img-server.com/sacoche-sacolla/6c5869a4b17241688b3c2f906092466f.jepg,https://fulmo-img-server.com/sacoche-sacolla/c3fb6448024f44e589508d6182ca2985.jepg,https://fulmo-img-server.com/sacoche-sacolla/28a188dd31234c45b6127a06feaa6c9c.jepg,https://fulmo-img-server.com/sacoche-sacolla/e7a1937660534599a9f72fcac5eb5231.jepg,https://fulmo-img-server.com/sacoche-sacolla/159eeb95a8584276a60753834cc3405b.jepg,https://fulmo-img-server.com/sacoche-sacolla/9559c34d1cc9439195a753d66dec5786.jepg,https://fulmo-img-server.com/sacoche-sacolla/6f11e0394f9e4f0fa020ca1252d1048c.jepg,https://fulmo-img-server.com/sacoche-sacolla/490bb3504b5146e281033f8ff7bcb9c8.jepg","ブラック / グリーン / クリーム","169"
"114","上質なツートーンサコッシュ","柔らかな風合いのレザーを使用したサコッシュ。大きめのメインポケットと小物用のサブポケットで機能的。シンプルなデザインで普段使いからちょっとしたお出かけまで幅広く活躍します。軽量で肩への負担も少なく、長時間の使用も快適です。","in stock","new","6940 JPY","https://www.sacoche-sacolla.jp/item/114","https://fulmo-img-server.com/sacoche-sacolla/7f75604ad9404414896029793e768dd5.jepg","sacoche sacolla","https://fulmo-img-server.com/sacoche-sacolla/45847116d3a247d0b8dd41b214f31486.jepg,https://fulmo-img-server.com/sacoche-sacolla/282d6966e3a04096bba8a248b37d9306.jepg,https://fulmo-img-server.com/sacoche-sacolla/9f8f86fcad47414993d46024982da3e7.jepg,https://fulmo-img-server.com/sacoche-sacolla/a87849a3a76e4ecdbfcfbc8e4381cf6a.jepg,https://fulmo-img-server.com/sacoche-sacolla/afdde2efbfd84dcba29ce0a3cb852bfe.jepg,https://fulmo-img-server.com/sacoche-sacolla/ece45b9a30cf460dac40a97fc4282759.jepg,https://fulmo-img-server.com/sacoche-sacolla/dcdde8da2b6043f7b1e224f05b71e579.jepg,https://fulmo-img-server.com/sacoche-sacolla/2a887796d6da4b87a8405a2186fe4805.jepg,https://fulmo-img-server.com/sacoche-sacolla/ac70b48ce2d142a586bdcb18e17f68af.jepg","ブラック / ブラウン","169"
"115","サコッシュ 軽量多機能ミニショルダーバッグ","日常使いや旅行にぴったりな小型サコッシュ。高品質なナイロン素材を採用し、防水性能も優れています。スマートフォンやパスポートなどの貴重品をしっかり収納でき、安心して持ち歩けます。調節可能なストラップにより、快適な携帯が実現。シンプルでスタイリッシュなデザインは、どんなシーンにもマッチします。","in stock","new","3420 JPY","https://www.sacoche-sacolla.jp/item/115","https://fulmo-img-server.com/sacoche-sacolla/981d8fcf7c1b42de94dd9208df355462.jepg","sacoche sacolla","https://fulmo-img-server.com/sacoche-sacolla/a5b8e966b9e74c4fa0caa22c69a4f854.jepg,https://fulmo-img-server.com/sacoche-sacolla/20f16cac88c7498b83e50ff452131c45.jepg,https://fulmo-img-server.com/sacoche-sacolla/932b7d125ad04ac881f8684e1aad182e.jepg,https://fulmo-img-server.com/sacoche-sacolla/d440514d30da4b6185a07f62bd207722.jepg","ベージュ / ブラック","169"
"116","サコッシュ コンパクトスポーティショルダーバッグ","軽量で便利なナイロン製サコッシュは、持ち運びが簡単で日常使いに最適。ジッパー付きのデザインは貴重品をしっかり守り、安心感を提供。カジュアルなコーディネートにもマッチし、ちょっとしたお出かけや旅行のお供に最適なサイズ。スタイリッシュに荷物を持ち運び、楽しい日常を演出します。","in stock","new","8200 JPY","https://www.sacoche-sacolla.jp/item/116","https://fulmo-img-server.com/sacoche-sacolla/8ea66c4308bb4229935ee5e85b2a1058.jepg","sacoche sacolla","https://fulmo-img-server.com/sacoche-sacolla/21a6b088bb8a42e198438eb30e354e4a.jepg,https://fulmo-img-server.com/sacoche-sacolla/e4d0d492808043e2a6983d918e2be18c.jepg,https://fulmo-img-server.com/sacoche-sacolla/04a56b5967ae43d89d3f4c14db5e987e.jepg,https://fulmo-img-server.com/sacoche-sacolla/d51772d0fdec4f3189e5892c5892bdcd.jepg,https://fulmo-img-server.com/sacoche-sacolla/bb5c4490e0634f328029dab31dd26efa.jepg,https://fulmo-img-server.com/sacoche-sacolla/fbdd56b95eae4ef3b0225ef2383accd7.jepg,https://fulmo-img-server.com/sacoche-sacolla/c2be0a983e1c4472a863ef588c70c5a2.jepg,https://fulmo-img-server.com/sacoche-sacolla/6e0c2c252b9b40d98e90fecfbfad9314.jepg,https://fulmo-img-server.com/sacoche-sacolla/87768534ae134e7fb604a582d27b77de.jepg","ブラック / グリーン / ブルー / ピンク / クリーム","169"
"117","サコッシュ 多機能ファッションバッグ","洗練されたデザインの斜めがけサコッシュは、日常使いや旅行に最適なアイテム。高品質なナイロン素材を使用し、防水性に優れた安心感を提供。内部ポケットにより小物の整理もスムーズで、軽量ながらしっかりとした収納力を誇ります。スタイリッシュな外観は、どんなシーンにもマッチし、使い勝手の良さが魅力です。","in stock","new","4000 JPY","https://www.sacoche-sacolla.jp/item/117","https://fulmo-img-server.com/sacoche-sacolla/30ed1c5aa2c543688395ba06d0372a64.jepg","sacoche sacolla","https://fulmo-img-server.com/sacoche-sacolla/351253e6bbd444d5ad13cf92521e9f8e.jepg,https://fulmo-img-server.com/sacoche-sacolla/e7369fe85b80417fb37a78aca46ef44d.jepg,https://fulmo-img-server.com/sacoche-sacolla/8795e5630e9f478c9c47337dfc8bbfc0.jepg,https://fulmo-img-server.com/sacoche-sacolla/c37b2926f8eb48a59b614e3305f5deb4.jepg,https://fulmo-img-server.com/sacoche-sacolla/f5f6537324a244609793bd09158eb420.jepg,https://fulmo-img-server.com/sacoche-sacolla/c3810de9f61e4517b9f248c66d0b6b2c.jepg,https://fulmo-img-server.com/sacoche-sacolla/351b5a0ada874568aa0d2c6d253be172.jepg,https://fulmo-img-server.com/sacoche-sacolla/2186c5b46dc3431bab214b3aa256a011.jepg,https://fulmo-img-server.com/sacoche-sacolla/a6cbb0de8efd4c829f19774dcf83e1a3.jepg","ブラック / グレー / グリーン","169"
"118","サコッシュ 軽量多機能ショルダーバッグ","日常使いに最適な機能性と実用性を兼ね備えたサコッシュ。 高品質なナイロン素材で作られた耐久性抜群のデザイン。 調節可能なストラップと複数のポケットで使い勝手抜群。 どんなスタイルにも合わせやすく、軽量で持ち運びも楽な実用的なアイテム。","out of stock","new","3800 JPY","https://www.sacoche-sacolla.jp/item/118","https://fulmo-img-server.com/sacoche-sacolla/e4466cef6a3f421f93b9715a9fedc348.jepg","sacoche sacolla","https://fulmo-img-server.com/sacoche-sacolla/2160db54c2df4c659c5f303bd57bce83.jepg,https://fulmo-img-server.com/sacoche-sacolla/7828a60f4a1842d394af9ce492a26604.jepg,https://fulmo-img-server.com/sacoche-sacolla/0cd7e58a3aa04e2aa93ae1719f192830.jepg,https://fulmo-img-server.com/sacoche-sacolla/10de8ac0f867469eb4dc4867958807cc.jepg,https://fulmo-img-server.com/sacoche-sacolla/d419d61396c548548b5a979b06f4e923.jepg,https://fulmo-img-server.com/sacoche-sacolla/df97ba338480430d82ffc36fccd9d4d6.jepg,https://fulmo-img-server.com/sacoche-sacolla/d9c026ee038a4ec19f2240f97668e89e.jepg,https://fulmo-img-server.com/sacoche-sacolla/f3bb2c8a3e8640d5b7d1c4993a1ad3d4.jepg,https://fulmo-img-server.com/sacoche-sacolla/d08b57d081954f8db46a00e10bc15e28.jepg","ブラック / パープル / レッド / ブルー","169"
"119","スタイリッシュなナイロンサコッシュ","軽量で耐久性に優れたナイロン素材を使用したサコッシュ。シンプルなデザインは日常使いにぴったりで、どんなスタイルにもマッチします。調節可能なショルダーストラップにより、使いやすさが向上。男女問わず活躍できる便利なアイテムです。アウトドアや街歩きに最適な一品をぜひ手に入れて、快適なライフスタイルを楽しんでください。","in stock","new","11980 JPY","https://www.sacoche-sacolla.jp/item/119","https://fulmo-img-server.com/sacoche-sacolla/2c66f42ed96b4c70a4868a6d543593aa.jepg","sacoche sacolla","https://fulmo-img-server.com/sacoche-sacolla/065da436f1ed497780a5a03a62103320.jepg,https://fulmo-img-server.com/sacoche-sacolla/ec224b3676dd40c0a25f0f0407781f3b.jepg,https://fulmo-img-server.com/sacoche-sacolla/6b4562c662c24eef93ddc257142d062d.jepg,https://fulmo-img-server.com/sacoche-sacolla/52c4879e4ca843af8ea217d935b3095a.jepg,https://fulmo-img-server.com/sacoche-sacolla/269f1d2ddfd14b94867744bb1ad61ef9.jepg,https://fulmo-img-server.com/sacoche-sacolla/24bb74692a9d469aa4f475dae50cc41e.jepg,https://fulmo-img-server.com/sacoche-sacolla/42c52e46b86e466182cdf5e44f7ae652.jepg,https://fulmo-img-server.com/sacoche-sacolla/4496b185c5ed4735841c0ce434ede4a5.jepg,https://fulmo-img-server.com/sacoche-sacolla/86bfa7430ac2431899e877138a65d9ad.jepg","ブラック / ブラウン","169"
"120","機能的な多目的サコッシュ","軽量で耐久性に優れたナイロン素材を採用したサコッシュ。メッシュポケットや調節可能なストラップが備わり、実用性を追求したデザインです。日常使いからアウトドアシーンまで、シンプルながらスタイリッシュに活躍する万能バッグとして、あなたの毎日をサポートします。どんなスタイルにもマッチし、使いやすさを実感できる一品です。","in stock","new","18130 JPY","https://www.sacoche-sacolla.jp/item/120","https://fulmo-img-server.com/sacoche-sacolla/650eb691c26a4f4d834d0e2ec37bb381.jepg","sacoche sacolla","https://fulmo-img-server.com/sacoche-sacolla/e6e7a450164d4408bb56c29994fc10ad.jepg,https://fulmo-img-server.com/sacoche-sacolla/d7765f6375c24952ae694000c07f4c45.jepg,https://fulmo-img-server.com/sacoche-sacolla/8e126d5e3b9d48c1b808fbac4dc61cac.jepg,https://fulmo-img-server.com/sacoche-sacolla/36113cd35388463680bf977cbaca7996.jepg,https://fulmo-img-server.com/sacoche-sacolla/c4438dba456b4e19971800c79f859352.jepg,https://fulmo-img-server.com/sacoche-sacolla/475bc93ae9bc402f9777f6a33a8460a3.jepg,https://fulmo-img-server.com/sacoche-sacolla/113fcdf3afb84b37b3b184c3d5de361d.jepg,https://fulmo-img-server.com/sacoche-sacolla/fa5d529ed4164bf3a29fbf3de24d442c.jepg,https://fulmo-img-server.com/sacoche-sacolla/ad4f18b7d638441aa2d2a0c3ec6b321e.jepg","ブラック / ブラウン","169"
"121","シンプルモダンサコッシュ","軽量で機能的なナイロン製サコッシュ。フラップが付いており、中身をしっかりと守る設計。調節可能な幅広ストラップにより、快適な肩掛けが実現。シンプルで都会的なデザインは、日常のコーディネートにぴったり。ちょっとしたお出かけや旅行の際も、必要なものをスマートに持ち運べる優れたアイテム。デイリーユースに最適な小型バッグです。","in stock","new","8620 JPY","https://www.sacoche-sacolla.jp/item/121","https://fulmo-img-server.com/sacoche-sacolla/241dd26d50094b0dafe4078120c94d8c.jepg","sacoche sacolla","https://fulmo-img-server.com/sacoche-sacolla/70ff6f48c9354a848ac296a0a2d41425.jepg,https://fulmo-img-server.com/sacoche-sacolla/567332b9338647cd9c0983abb1e9fbd1.jepg,https://fulmo-img-server.com/sacoche-sacolla/27df9dc9429b4e1fac7e915fd6e64a85.jepg,https://fulmo-img-server.com/sacoche-sacolla/10c149ee5c2b4d2c82a309e5aad32718.jepg,https://fulmo-img-server.com/sacoche-sacolla/3347ba92e74e4733ba86ddc66824fabf.jepg,https://fulmo-img-server.com/sacoche-sacolla/7ffce8f293e0485aa2e6f07d30431507.jepg,https://fulmo-img-server.com/sacoche-sacolla/82de4b6b11794932bd5d0cf7e5582326.jepg,https://fulmo-img-server.com/sacoche-sacolla/e178d300013e4c5aadf000ca778705a3.jepg","グレー","169"
"122","サコッシュ コンパクトマルチショルダーバッグ","耐久性抜群のナイロン素材を使用したサコッシュ。 軽量設計で長時間の携帯も快適。 調節可能なストラップで様々な掛け方ができ、日常使いに便利。 スマートフォンや財布などの必需品がすっきり収まるコンパクトサイズ。 どんなカジュアルスタイルにも合わせやすい実用的なデザイン。","in stock","new","13620 JPY","https://www.sacoche-sacolla.jp/item/122","https://fulmo-img-server.com/sacoche-sacolla/1734157162121_sejfm6f8_8btkw8wb","sacoche sacolla","https://fulmo-img-server.com/sacoche-sacolla/a72e4bc955f549c69f3bbf8cf53f010a.jepg,https://fulmo-img-server.com/sacoche-sacolla/9ab9489dc1994a5f832ef3ef70ca147b.jepg,https://fulmo-img-server.com/sacoche-sacolla/a9cc9146eadd463b827e2c63e837eceb.jepg,https://fulmo-img-server.com/sacoche-sacolla/e24b1cdba3754f54a3236405e7eaf668.jepg","ブラック / オレンジ","169"
"123","軽量コンパクトお出かけサコッシュ","シンプルなデザインの高機能ナイロン製サコッシュ。 薄型軽量なサコッシュながら必要な荷物をしっかり収納できる実用性。 調節可能なショルダーストラップで快適な着用感を実現。 カジュアルからきれいめまで幅広いスタイルに合わせやすい万能サコッシュ。","in stock","new","16600 JPY","https://www.sacoche-sacolla.jp/item/123","https://fulmo-img-server.com/sacoche-sacolla/1734160126222_uc2n88ok_ujlwh9ku","sacoche sacolla","https://fulmo-img-server.com/sacoche-sacolla/e0e92dae3b9647a38a3612625c478353.jepg,https://fulmo-img-server.com/sacoche-sacolla/fb28dd64de9648238bb527c86a0c81a3.jepg,https://fulmo-img-server.com/sacoche-sacolla/b7e39121422940b5b4df05233065ca7b.jepg,https://fulmo-img-server.com/sacoche-sacolla/2082962a1ab44bacafd9ad6d055b7b47.jepg","ブラック","169"
"124","軽量耐久性サコッシュ","シンプルで機能的なサコッシュ。耐久性に優れたナイロン素材で作られた実用的なショルダーバッグです。 調節可能なストラップで体にフィットし、日常のあらゆるシーンで活躍します。 フラップ付きの大きなメインポケットと内ポケットで、小物の収納も便利。 軽量なナイロン製で長時間の使用でも負担になりません。","in stock","new","22850 JPY","https://www.sacoche-sacolla.jp/item/124","https://fulmo-img-server.com/sacoche-sacolla/4657152b42d2407eb64b881a6342fd32.jepg","sacoche sacolla","https://fulmo-img-server.com/sacoche-sacolla/a47be04770714ababf9abb790e63b2f0.jepg,https://fulmo-img-server.com/sacoche-sacolla/1ee389f083204e839bbe1c9d5c436a6d.jepg,https://fulmo-img-server.com/sacoche-sacolla/3cb291e45c8842f9ad475ac565568756.jepg,https://fulmo-img-server.com/sacoche-sacolla/922d58ffbdfc4039aee7df90fdc35f74.jepg,https://fulmo-img-server.com/sacoche-sacolla/85c4938a56c2406792615fe7c16119a7.jepg,https://fulmo-img-server.com/sacoche-sacolla/1201b9982bc24d22a7fb9fa168ff0224.jepg","ブラック","169"
"125","サコッシュ すっきりボディバッグ","軽量なナイロン素材を採用したサコッシュは、機能性とスタイルを両立。ジッパー付きのポケットで収納力があり、必要なアイテムをしっかり守る。調整可能なストラップにより、快適な着用感を実現。カジュアルな日常使いからアウトドアシーンまで、あらゆる場面で活躍する実用的なデザイン。シンプルでありながら洗練された印象を与える、必携のアイテムです。","in stock","new","3920 JPY","https://www.sacoche-sacolla.jp/item/125","https://fulmo-img-server.com/sacoche-sacolla/1e392f2c069345b08f3278db6cfe405f.jepg","sacoche sacolla","https://fulmo-img-server.com/sacoche-sacolla/19ed00072d7f47b1955c6ef5c43c1758.jepg,https://fulmo-img-server.com/sacoche-sacolla/b7bb4c17ec8d4f0590a6d0d20cc741c4.jepg,https://fulmo-img-server.com/sacoche-sacolla/5460a14d3a354432a3941bce6346ae4e.jepg,https://fulmo-img-server.com/sacoche-sacolla/aed163e541e34772ba7be649b0feff06.jepg,https://fulmo-img-server.com/sacoche-sacolla/d21cc6f1374f42659eed8b2e73031718.jepg,https://fulmo-img-server.com/sacoche-sacolla/da87afa5564842fea51323fc694d2adc.jepg,https://fulmo-img-server.com/sacoche-sacolla/83c1fa2d15b244239a470c7b14d9c28a.jepg,https://fulmo-img-server.com/sacoche-sacolla/4598940ff4b14413b4441d2a4e1a2fc1.jepg,https://fulmo-img-server.com/sacoche-sacolla/e48570f36ac44d9aa30e48ca3510948c.jepg","ブラック / ブルー / ホワイト / グリーン","169"
"126","サコッシュ シンプル機能的なナイロンショルダーバッグ","軽量かつ耐久性に優れたナイロン素材で作られたサコッシュ。調節可能なストラップに加え、便利な外ポケットも装備。日常使いやアウトドアシーンに最適なデザインで、コンパクトながら収納力も申し分なし。シンプルでスタイリッシュな外観は、どんなコーディネートにもマッチする魅力を持っています。さまざまなシーンで活躍するアイテムです。","in stock","new","4330 JPY","https://www.sacoche-sacolla.jp/item/126","https://fulmo-img-server.com/sacoche-sacolla/b3d5376171ae44f9b1034f7f976d0309.jepg","sacoche sacolla","https://fulmo-img-server.com/sacoche-sacolla/6e9e48d86f1446548ba72f5111badab5.jepg,https://fulmo-img-server.com/sacoche-sacolla/05cf349f5fc44982be5da05f14623092.jepg,https://fulmo-img-server.com/sacoche-sacolla/c62478c570d44409992eb045ba4b3080.jepg,https://fulmo-img-server.com/sacoche-sacolla/8ee2fe9e59a74ab6b901110f92766441.jepg,https://fulmo-img-server.com/sacoche-sacolla/cd957c5bd6964871bc06fb278ecb479a.jepg,https://fulmo-img-server.com/sacoche-sacolla/14fc02c3e40544b4bc16a78d1f438b0f.jepg,https://fulmo-img-server.com/sacoche-sacolla/e41c9a65c5e9489fbbc5432142716118.jepg,https://fulmo-img-server.com/sacoche-sacolla/729ddc6b05dd4fbc9b2df573e46cf033.jepg,https://fulmo-img-server.com/sacoche-sacolla/1021b602168f48919816dea82c562141.jepg","カーキ / ブラック / グレー / グリーン","169"
"127","シンプル機能性サコッシュ","軽量で耐久性に優れたナイロン素材を採用したサコッシュ。デイリーユースに最適なサイズ感で、必要なアイテムをスッキリと収納できます。調節可能なストラップにより、肩掛けやななめ掛けなど多彩なスタイルを楽しめ、シーンに応じて使い分け可能。シンプルなデザインがどんなコーディネートにもマッチし、機能性とスタイルを兼ね備えた一品。","in stock","new","3500 JPY","https://www.sacoche-sacolla.jp/item/127","https://fulmo-img-server.com/sacoche-sacolla/5bc0c12d191e444dad4e3f53889197c7.jepg","sacoche sacolla","https://fulmo-img-server.com/sacoche-sacolla/d41f66761ff44dc5aaa6ce9abedb243c.jepg,https://fulmo-img-server.com/sacoche-sacolla/f8826e86e5f64dd09ffc092905d84390.jepg,https://fulmo-img-server.com/sacoche-sacolla/dbfe0e11ea57427ca28a1be35e3afdd1.jepg,https://fulmo-img-server.com/sacoche-sacolla/bc7aaed7162f40e5b4144921ab8e80a4.jepg,https://fulmo-img-server.com/sacoche-sacolla/1967fede501a4188bed9babedd273c20.jepg,https://fulmo-img-server.com/sacoche-sacolla/f627f3a996bb47209b6b913005c30b58.jepg,https://fulmo-img-server.com/sacoche-sacolla/f07ef26d1a6640098ee813a2cecb50fc.jepg,https://fulmo-img-server.com/sacoche-sacolla/52fb83d1b8314b04b8fac559d4c7c73f.jepg,https://fulmo-img-server.com/sacoche-sacolla/8a8d285e940a46d284e9bb982a750430.jepg","ブラック / グリーン / ベージュ / オレンジ / ブルー","169"
"128","サコッシュ 軽量コンパクト斜め掛けバッグ","軽量ナイロン素材で作られた機能的なサコッシュ。 日常使いに最適なコンパクトなデザイン。 調節可能なストラップで体にフィットする快適な装着感。 小物の収納に便利なジッパー付きポケット搭載。 タウンユースからアウトドアまで幅広く活躍する実用的なアイテム。","in stock","new","18700 JPY","https://www.sacoche-sacolla.jp/item/128","https://fulmo-img-server.com/sacoche-sacolla/89f58f34c5374ef7ad2b6cc766665187.jepg","sacoche sacolla","https://fulmo-img-server.com/sacoche-sacolla/0bd8027567994d488b0cadc6c1dea4ab.jepg,https://fulmo-img-server.com/sacoche-sacolla/e4dcdb47b41b43cc9851a29fffea7b9c.jepg,https://fulmo-img-server.com/sacoche-sacolla/123a80b4f84d4f7394f152d3e65b870e.jepg,https://fulmo-img-server.com/sacoche-sacolla/c2205b0691534cdbb6ed9ba603bb0898.jepg","ブラック","169"
"129","多機能サコッシュ斜め掛けバッグ","コンパクトながら収納力抜群のサコッシュ。 高品質なナイロン素材で軽量かつ耐久性に優れています。 斜め掛けスタイルで体にフィットし、日常使いから旅行まで幅広く活躍。 フロントポケット付きで小物の整理もしやすく、実用性とスタイルを兼ね備えたデザインです。","in stock","new","16180 JPY","https://www.sacoche-sacolla.jp/item/129","https://fulmo-img-server.com/sacoche-sacolla/1734161290578_va820myk_7pewt9u3","sacoche sacolla","https://fulmo-img-server.com/sacoche-sacolla/3fe02dcf6d3c464ea461c9f9339d7c12.jepg,https://fulmo-img-server.com/sacoche-sacolla/c15044bd9cf34c75ba65842a23ca4053.jepg,https://fulmo-img-server.com/sacoche-sacolla/b286a2eaa06e4c6ea607c41c64929f21.jepg,https://fulmo-img-server.com/sacoche-sacolla/2ccc239b317649c8aa7bf128d7c7bc76.jepg","ブラック","169"
"130","サコッシュ 軽量コンパクトお出かけバッグ","日常使いに最適な大容量サコッシュ。 丈夫なナイロン素材で耐久性抜群、長時間の使用も安心。 調節可能なショルダーストラップ付きで手ぶらスタイルを実現。 スリムなフォルムながら収納力に優れ、カジュアルからフォーマルまであらゆるシーンで活躍するサコッシュです。","in stock","new","3340 JPY","https://www.sacoche-sacolla.jp/item/130","https://fulmo-img-server.com/sacoche-sacolla/f58a432e9ffb4a76aed9097e9c9758bd.jepg","sacoche sacolla","https://fulmo-img-server.com/sacoche-sacolla/cc70317b2fcb43b39653f56ed88ad7ae.jepg,https://fulmo-img-server.com/sacoche-sacolla/a848f3be2cec4aa7b9e41cb6da56272e.jepg,https://fulmo-img-server.com/sacoche-sacolla/3c856122d5814994a913d178ee44d1e6.jepg,https://fulmo-img-server.com/sacoche-sacolla/1fc15e637b0f47a4912d456c7d1ec2e6.jepg,https://fulmo-img-server.com/sacoche-sacolla/7170f4066f4a4eba89c01bb85c4928fc.jepg,https://fulmo-img-server.com/sacoche-sacolla/f29d9656859a4a5aab9fb1578d67da28.jepg,https://fulmo-img-server.com/sacoche-sacolla/e35d2180e3014b6d8a85d5ce474b727d.jepg,https://fulmo-img-server.com/sacoche-sacolla/2ccda46961ec47579e5c17f6cb130e28.jepg,https://fulmo-img-server.com/sacoche-sacolla/b8c62c63b5cc4b3d869118e332da41fb.jepg","カーキ / ブラック / ホワイト / ブラウン / グリーン","169"
"131","サコッシュ 多機能ポケット付きコンパクトショルダー","耐久性に優れた軽量ナイロン素材を使用したサコッシュ。 複数の収納ポケットと調節可能なストラップで使い勝手抜群。 日常の街歩きから旅行まで幅広く活躍する、機能性とスタイルを兼ね備えたナイロン製バッグ。 スマートなデザインで様々な服装に合わせやすいサコッシュです。","in stock","new","3580 JPY","https://www.sacoche-sacolla.jp/item/131","https://fulmo-img-server.com/sacoche-sacolla/08588964d0ce465190726f0e13ad54bb.jepg","sacoche sacolla","https://fulmo-img-server.com/sacoche-sacolla/f342020805cd4b069027a653c3e1b748.jepg,https://fulmo-img-server.com/sacoche-sacolla/46a4082a956a4f3d851249e6d7fadc3d.jepg,https://fulmo-img-server.com/sacoche-sacolla/b17ea5401aeb4697afa4ecb2b6378865.jepg,https://fulmo-img-server.com/sacoche-sacolla/2bf1ec3db0a44ce3bc1637a59e53f2b7.jepg,https://fulmo-img-server.com/sacoche-sacolla/d08057cbe8404f3b9fa61ea87045d6a2.jepg","ブラック / グリーン / ブルー","169"
"132","サコッシュ 軽量スポーティショルダーバッグ","軽量ナイロン素材で作られた大容量サコッシュ。 調節可能なショルダーストラップと複数の収納ポケットで機能性抜群。 サイドの絞りデザインがアクセントになり、アウトドアにもデイリーユースにも対応する実用的なバッグ。 シンプルなフォルムでどんなスタイルにも合わせやすい。","in stock","new","6060 JPY","https://www.sacoche-sacolla.jp/item/132","https://fulmo-img-server.com/sacoche-sacolla/481ac5d305284961a5e45f46beef1a82.jepg","sacoche sacolla","https://fulmo-img-server.com/sacoche-sacolla/a4eb6a517cda4ce1b708e64f89068faf.jepg,https://fulmo-img-server.com/sacoche-sacolla/e416bbee595844dab6f1384c977771c8.jepg,https://fulmo-img-server.com/sacoche-sacolla/9734ddd929c94fd7a0042f0d1ac661be.jepg,https://fulmo-img-server.com/sacoche-sacolla/911d4ab13aa1496f8f78ea85a08fa20e.jepg,https://fulmo-img-server.com/sacoche-sacolla/f061039418c6421482d6bad29c371a19.jepg,https://fulmo-img-server.com/sacoche-sacolla/9874e1ead7da4432991a703796e2ddda.jepg,https://fulmo-img-server.com/sacoche-sacolla/f0917512b5e540ad82cb89a316b8f549.jepg,https://fulmo-img-server.com/sacoche-sacolla/ee2b2c7ae3134b06b53480da4d08d817.jepg,https://fulmo-img-server.com/sacoche-sacolla/c4b4cca4de1c4ab1acd5e1d3bb3cc96f.jepg","カーキ / ブラック / ホワイト / ブルー","169"
"133","サコッシュ 軽量シンプル肩掛けバッグ","軽量ナイロンで作られたサコッシュは、日常使いにぴったりのアイテム。シンプルなデザインは男女を問わず、どんなスタイルにもマッチ。内ポケットが付いているため、小物をスムーズに整理できるのも魅力。ストラップは長さ調節が可能で、肩掛けや斜め掛けが楽しめます。機能性とファッション性を兼ね備えたこのサコッシュで、快適な毎日を演出してみてはいかがでしょうか。","in stock","new","5680 JPY","https://www.sacoche-sacolla.jp/item/133","https://fulmo-img-server.com/sacoche-sacolla/7f18ec7c594444ffba4b5f951c613589.jepg","sacoche sacolla","https://fulmo-img-server.com/sacoche-sacolla/ca35fcb69dcb4d8e84dc2a9faccd7a7b.jepg,https://fulmo-img-server.com/sacoche-sacolla/19f3f1dc73c04f96993216c3f3c3edd1.jepg,https://fulmo-img-server.com/sacoche-sacolla/2cbb30e4562d4a679d0e7b6eccce5840.jepg,https://fulmo-img-server.com/sacoche-sacolla/65fc0aa5219642c6a904263043eb17c4.jepg,https://fulmo-img-server.com/sacoche-sacolla/709be818890f458fab2ab15cfd978baa.jepg,https://fulmo-img-server.com/sacoche-sacolla/5a3650cbd2f243b69e6d947ba18cfa16.jepg,https://fulmo-img-server.com/sacoche-sacolla/076698711e7d4d198448a6931885dbdd.jepg,https://fulmo-img-server.com/sacoche-sacolla/160fb088a7e34a5992cad8d17761012e.jepg,https://fulmo-img-server.com/sacoche-sacolla/0e2a42d6ead54dafaceebcbaf91a822a.jepg","グレー / グリーン / ダークブルー","169"
"134","サコッシュ 軽やかシンプルショルダー","軽量ナイロン素材のサコッシュ。体にフィットする柔らかな質感で大容量設計。 日常使いに便利な肩掛けスタイルで、シワになりにくく折りたたみも簡単。 カジュアルからフォーマルまで幅広いシーンで活躍する実用的なアイテム。","in stock","new","3040 JPY","https://www.sacoche-sacolla.jp/item/134","https://fulmo-img-server.com/sacoche-sacolla/11336d3a2f4041c3866c408b973bad70.jepg","sacoche sacolla","https://fulmo-img-server.com/sacoche-sacolla/bad10626c12c4947bd328a9bf110ae42.jepg,https://fulmo-img-server.com/sacoche-sacolla/69c142066628498593ff9fe6c827110f.jepg,https://fulmo-img-server.com/sacoche-sacolla/18b529c3991d452b9bb58a080460ab16.jepg,https://fulmo-img-server.com/sacoche-sacolla/4b84d73065964d8aada873e89710a7cd.jepg,https://fulmo-img-server.com/sacoche-sacolla/f4155d50cf834fa0ba452a5ef3ceb291.jepg,https://fulmo-img-server.com/sacoche-sacolla/ce41029972cb492fbdc0c63ce35552cc.jepg,https://fulmo-img-server.com/sacoche-sacolla/01a298e23184412e89fbbbca32035341.jepg,https://fulmo-img-server.com/sacoche-sacolla/075c9cb38d654fc58def3b7731e16123.jepg,https://fulmo-img-server.com/sacoche-sacolla/36fa6662b4fd4ff98b5b5c98300d7c7b.jepg","ブラック / ホワイト / グリーン / オレンジ","169"
"135","サコッシュ スポーティーミニショルダーバッグ","軽量な高機能ナイロン素材を採用したサコッシュ。 スポーツブランドロゴが特徴的な洗練されたデザイン。 複数の収納ポケットで小物整理がしやすく、スマートフォンも収まる実用性。 シンプルながら機能的で、アクティブな日常使いに最適なナイロンバッグ。","in stock","new","18700 JPY","https://www.sacoche-sacolla.jp/item/135","https://fulmo-img-server.com/sacoche-sacolla/990a3dc548d147aea1fb2f9cc511ad99.jepg","sacoche sacolla","https://fulmo-img-server.com/sacoche-sacolla/bff064dfbcbb48ce8f5c06032ba38fa3.jepg,https://fulmo-img-server.com/sacoche-sacolla/af92ddf5fdec4af28cf43f6533e2ad2b.jepg,https://fulmo-img-server.com/sacoche-sacolla/f3921c3365c741999256160cff1a3d95.jepg,https://fulmo-img-server.com/sacoche-sacolla/66f89dd2160a4c5896454a59a9c5772e.jepg,https://fulmo-img-server.com/sacoche-sacolla/89f5056c690040499eda56cf6a6d4f69.jepg,https://fulmo-img-server.com/sacoche-sacolla/7c54fb6dc7824a00b36affe49b46fdd8.jepg,https://fulmo-img-server.com/sacoche-sacolla/9b5edcc1f2094151aea64e737edaca81.jepg,https://fulmo-img-server.com/sacoche-sacolla/8c04995dd09b49a9b5d3eb96e2b2e42f.jepg","ブラック / ホワイト","169"
"136","サコッシュ スタイリッシュ半月型ショルダーバッグ","コンパクトな半月型サコッシュが収納力抜群。 高品質ナイロン素材で軽量かつ耐久性に優れ、日常使いにぴったり。 長さ調節可能なストラップで体にフィットし、シンプルなデザインで様々な服装に合わせやすい実用的なアイテム。","in stock","new","3160 JPY","https://www.sacoche-sacolla.jp/item/136","https://fulmo-img-server.com/sacoche-sacolla/cd8132a922f0415c960bb07a0062a096.jepg","sacoche sacolla","https://fulmo-img-server.com/sacoche-sacolla/9e3537bd010641bcbf8f13034ef850dd.jepg,https://fulmo-img-server.com/sacoche-sacolla/c73fae7e120344bdbfbc7de14efd80b7.jepg,https://fulmo-img-server.com/sacoche-sacolla/915029d06881463da14ea23627f12664.jepg,https://fulmo-img-server.com/sacoche-sacolla/e53fbc7531e346d49e1ac7145d891a13.jepg,https://fulmo-img-server.com/sacoche-sacolla/17e3eac6c31246e78a2675547d924500.jepg,https://fulmo-img-server.com/sacoche-sacolla/d7cb2b8adb8a4fa1bf8e22530e62768d.jepg,https://fulmo-img-server.com/sacoche-sacolla/2670faac1597407bb6da78ecf413aebf.jepg","ブラック / オレンジ / クリーム / グレー","169"
"137","サコッシュ アウトドア向け軽量肩掛けポーチ","機能的でコンパクトなサコッシュ。丈夫なナイロン素材を採用し、ジッパー付きで中身を安全に保管できます。 小物整理に便利なポケットを備えており、斜めがけスタイルで身軽に持ち運べます。 日常使いからアウトドアまで幅広く活躍する実用的なサコッシュです。","out of stock","new","14400 JPY","https://www.sacoche-sacolla.jp/item/137","https://fulmo-img-server.com/sacoche-sacolla/1734157057562_ikmkrorm_wjrkbpmg","sacoche sacolla","https://fulmo-img-server.com/sacoche-sacolla/937b2e6dea674657b4c41a40e90f9389.jepg","ブラック / ベージュ / ブルー / プリント","169"
"138","サコッシュ カラフルポップなお散歩バッグ","耐久性に優れたナイロン素材の軽量サコッシュ。 内側のアクセントカラーが個性を引き立てます。 可愛らしい植物や花のイラストがデザインのポイント。 長さ調節可能なショルダーストラップ付きで実用的。 カジュアルコーデに合わせやすいサコッシュです。","in stock","new","10300 JPY","https://www.sacoche-sacolla.jp/item/138","https://fulmo-img-server.com/sacoche-sacolla/2a1313c66478436cb8fa7b7a9ca77ba4.jepg","sacoche sacolla","https://fulmo-img-server.com/sacoche-sacolla/41b3c51406fb4841839a239cd777fdcc.jepg,https://fulmo-img-server.com/sacoche-sacolla/5eca0f68eb4b4269a442ad44ce426042.jepg,https://fulmo-img-server.com/sacoche-sacolla/2cddfebfd6ba4da4902b7d002f23d3e3.jepg","ベージュ","169"
"139","機能性抜群のサコッシュバッグ","軽量で耐久性に優れたキャンバス素材を使用したこのサコッシュは、日常使いにもアウトドアにも最適。前面のポケットは小物の整理に便利で、デザインのアクセントとなる紐がカジュアルな雰囲気を演出します。シンプルな見た目ながら、機能性を備えた帆布製のサコッシュは、どんなシーンでも活躍する頼れるアイテムです。お気に入りのスタイルにぴったりの一品をぜひお試しください。","in stock","new","4000 JPY","https://www.sacoche-sacolla.jp/item/139","https://fulmo-img-server.com/sacoche-sacolla/0f7e753554ff423cbc8afccfa508ed6f.jepg","sacoche sacolla","https://fulmo-img-server.com/sacoche-sacolla/9ad9c412cb5b4dcd966646892d968ea9.jepg,https://fulmo-img-server.com/sacoche-sacolla/f20b11a5981d4521ba3b447c03bfef44.jepg,https://fulmo-img-server.com/sacoche-sacolla/c04fc067387549c5ac00de7b2411bc91.jepg,https://fulmo-img-server.com/sacoche-sacolla/377d22b4e7d14845ac23a829df91ddeb.jepg,https://fulmo-img-server.com/sacoche-sacolla/c57d693fd7d648b192c4d09c0b26545e.jepg,https://fulmo-img-server.com/sacoche-sacolla/d45dd599bf5246d5804cc45b4578a9e9.jepg,https://fulmo-img-server.com/sacoche-sacolla/4e071a0d358449ba8b498a729f4808c9.jepg,https://fulmo-img-server.com/sacoche-sacolla/cea848d5832a4feba7f68831d2f106a6.jepg,https://fulmo-img-server.com/sacoche-sacolla/f5ecb567ac58414fbd2559acc578ffad.jepg","ベージュ / ブルー / ホワイト","169"
"140","しなやかサコッシュ","しっとりとした質感の高級レザーを使用した薄型サコッシュ。 上質な本革素材が織りなす洗練された佇まいが魅力です。 長さ調節可能なストラップ付きで、日常使いから旅行まで幅広く活躍。 シンプルなデザインながら存在感のあるサコッシュは、年齢性別を問わず使える実用的な一品です。","out of stock","new","10260 JPY","https://www.sacoche-sacolla.jp/item/140","https://fulmo-img-server.com/sacoche-sacolla/3c0cd0bc5a0c49249e863e37a52cde1c.jepg","sacoche sacolla","https://fulmo-img-server.com/sacoche-sacolla/61aa98c228e448fd81402350bc911379.jepg,https://fulmo-img-server.com/sacoche-sacolla/174025e660e243cebc0df3b57fb70059.jepg,https://fulmo-img-server.com/sacoche-sacolla/8e93163c76f54255bc1a211d5d083b90.jepg,https://fulmo-img-server.com/sacoche-sacolla/135242c9936d42b19eafb9ef7125d628.jepg,https://fulmo-img-server.com/sacoche-sacolla/87ec605d120045069710d719554b6b43.jepg,https://fulmo-img-server.com/sacoche-sacolla/c7489a416dd343be98b3da9c311daa09.jepg,https://fulmo-img-server.com/sacoche-sacolla/3f4fac9447104186813cd90a10079dc8.jepg,https://fulmo-img-server.com/sacoche-sacolla/ed4ddd9c0b434f75b1daaf2fb6001943.jepg","レッド / ブラック / ブラウン","169"
"141","サコッシュ シンプル上質レザーショルダーバッグ","高級レザーを使用したサコッシュは、しっとりとした質感が特徴です。洗練されたデザインで、カジュアルからビジネスまで幅広く対応。大容量ながらもスタイリッシュに持ち運べ、耐久性にも優れた実用的なアイテムです。日常の必需品をスマートに収納でき、ひと際おしゃれな存在感を放ちます。","in stock","new","3220 JPY","https://www.sacoche-sacolla.jp/item/141","https://fulmo-img-server.com/sacoche-sacolla/a4b253fe2cbf45b0a96bade6591a1d32.jepg","sacoche sacolla","https://fulmo-img-server.com/sacoche-sacolla/e2bae854338f4d93bf0006fabdde0bb9.jepg,https://fulmo-img-server.com/sacoche-sacolla/d94a760435a7488d8b14a7705a5b1d6a.jepg,https://fulmo-img-server.com/sacoche-sacolla/50de81763dcc4995a08c54f8feab8dcc.jepg,https://fulmo-img-server.com/sacoche-sacolla/d3c585a4808b484ca378689e2e803207.jepg,https://fulmo-img-server.com/sacoche-sacolla/2ca8a090b21b479f9a6cf7fd13870de7.jepg,https://fulmo-img-server.com/sacoche-sacolla/8189854d89e54472ac5f118a52d4d9a2.jepg,https://fulmo-img-server.com/sacoche-sacolla/0325f77110584b12a4056cc87681227d.jepg,https://fulmo-img-server.com/sacoche-sacolla/f3c3b17ec5284ea4943cb790385143e4.jepg,https://fulmo-img-server.com/sacoche-sacolla/8fd30a9143ca443993c7f15dfbd3d68b.jepg","ブラック / ブラウン","169"
"142","サコッシュ 上質な革製メッセンジャーバッグ","シンプルで洗練されたデザインの本革サコッシュ。 高級レザーを使用し、耐久性に優れ経年変化を楽しめる逸品です。 ビジネスからカジュアルまで幅広く活用できる実用的なサイズと機能性を備えたレザーサコッシュ。 斜めがけスタイルで手軽に持ち歩ける日常使いに最適な一品です。","in stock","new","7840 JPY","https://www.sacoche-sacolla.jp/item/142","https://fulmo-img-server.com/sacoche-sacolla/30f6db2b9372463a8fb059f40a34d948.jepg","sacoche sacolla","https://fulmo-img-server.com/sacoche-sacolla/e8a3995efee248f98066779839f6833b.jepg,https://fulmo-img-server.com/sacoche-sacolla/6b1830f1947a45338059a9bf319637c8.jepg,https://fulmo-img-server.com/sacoche-sacolla/14eee8c642744ec493969a35c3ca9758.jepg,https://fulmo-img-server.com/sacoche-sacolla/6a0e1c9e97884f61b0ddd2eb6e751f36.jepg,https://fulmo-img-server.com/sacoche-sacolla/25831c4f702e4358b9520d8bc3a07434.jepg,https://fulmo-img-server.com/sacoche-sacolla/4ef447e796d443b58f276d6849b160c9.jepg,https://fulmo-img-server.com/sacoche-sacolla/0d5cbdf1311b4862b0bf5a8480ec8ddc.jepg,https://fulmo-img-server.com/sacoche-sacolla/558265365cd54aad907d11a9d4a2e5ee.jepg,https://fulmo-img-server.com/sacoche-sacolla/cc0876830dc7479bbeeba1a2cf4b4259.jepg","ブラウン","169"
"143","サコッシュ シンプル上質レザーミニバッグ","しっとりとした本革を用いたコンパクトなサコッシュ。調節可能なストラップにより、斜め掛けや肩掛けが自在に楽しめる。デイリーユースにぴったりなサイズ感と機能性を兼ね備えた、洗練されたアイテム。上質なレザーが持つ温かみが、スタイルにさりげないアクセントを加える。","in stock","new","7620 JPY","https://www.sacoche-sacolla.jp/item/143","https://fulmo-img-server.com/sacoche-sacolla/6cedc9429a1e45a3aa20bce20b67d511.jepg","sacoche sacolla","https://fulmo-img-server.com/sacoche-sacolla/6b32255fd10d4df4a06fa1ac4be52f27.jepg,https://fulmo-img-server.com/sacoche-sacolla/a80053b53ffb4202a78b7fe76e3ec969.jepg,https://fulmo-img-server.com/sacoche-sacolla/53767e56633446b789e8babba944c2c0.jepg,https://fulmo-img-server.com/sacoche-sacolla/e8a3ec3c414d45ccb62a799f6b5cb226.jepg,https://fulmo-img-server.com/sacoche-sacolla/cf9e5e77368743708c7621c82e47b291.jepg,https://fulmo-img-server.com/sacoche-sacolla/68abc29322a54762af9a4cb91684661f.jepg,https://fulmo-img-server.com/sacoche-sacolla/644944e28e51467f8aa81837b31dd13e.jepg,https://fulmo-img-server.com/sacoche-sacolla/9675e4fd828f44ff9e724dfee8754c02.jepg,https://fulmo-img-server.com/sacoche-sacolla/e098e7dae20c4df6b67829575fc7e96f.jepg","ブラック / ブラウン","169"
"144","ミニマリスト好みの洗練サコッシュ","シンプルな長方形フォルムが特徴的な上質レザーのサコッシュ。 洗練された美しいステッチと金具使いがワンランク上の高級感を演出。 取り外し可能なショルダーストラップ付きで、日常使いに最適な小型バッグ。 実用性と上品さを兼ね備えた、幅広いコーディネートに合わせやすいデザイン。","in stock","new","2660 JPY","https://www.sacoche-sacolla.jp/item/144","https://fulmo-img-server.com/sacoche-sacolla/20ce7f7994bd4528b81e4f8151b0f18e.jepg","sacoche sacolla","https://fulmo-img-server.com/sacoche-sacolla/259215180c1b4925b84e96364c1747c8.jepg,https://fulmo-img-server.com/sacoche-sacolla/227cdeec01314dbd8924e675ccb7741a.jepg,https://fulmo-img-server.com/sacoche-sacolla/feb29d55b00340a0bf9cb92374cf7e70.jepg,https://fulmo-img-server.com/sacoche-sacolla/b1daf40db7124eacadbb2125bb83a9a3.jepg,https://fulmo-img-server.com/sacoche-sacolla/0b88382a3c414dff9638cc3a684d8d6d.jepg,https://fulmo-img-server.com/sacoche-sacolla/a58a497a1c49401b919ac75b93b27119.jepg,https://fulmo-img-server.com/sacoche-sacolla/24c0596a01c44778abb0f43b73425135.jepg,https://fulmo-img-server.com/sacoche-sacolla/4b63d3fc97cf490f985f80f847777cf6.jepg,https://fulmo-img-server.com/sacoche-sacolla/fd31a5612f1049728ec90091196fdb02.jepg","ブラック / ホワイト / グリーン / ピンク / オレンジ","169"
"145","しっとり質感のバケツ型サコッシュ","なめらかな質感のレザーを使用したバケツ型のサコッシュ。シンプルなデザインで日常使いに最適。肩掛けできる長さのストラップ付き。柔らかな曲線を描く形状が特徴的で、カジュアルからフォーマルまで幅広く活用できる実用的な一品。","in stock","new","2420 JPY","https://www.sacoche-sacolla.jp/item/145","https://fulmo-img-server.com/sacoche-sacolla/acc3ee9fed504f0b8acf8f3afe888c43.jepg","sacoche sacolla","https://fulmo-img-server.com/sacoche-sacolla/88c6b67b0fcf4524ac6903639487f470.jepg,https://fulmo-img-server.com/sacoche-sacolla/a85e8a5045ed4808a952f2dcef00fa0a.jepg,https://fulmo-img-server.com/sacoche-sacolla/bc8a2b62b5254f1b951448cada597449.jepg,https://fulmo-img-server.com/sacoche-sacolla/17abe3df05c54a448118366561012c67.jepg,https://fulmo-img-server.com/sacoche-sacolla/55d1234858354012b40b8fc4e7bf8723.jepg,https://fulmo-img-server.com/sacoche-sacolla/c2a9632bbf084f568c16032766a57478.jepg,https://fulmo-img-server.com/sacoche-sacolla/974d038055aa40d1b320a2d8412a9a36.jepg,https://fulmo-img-server.com/sacoche-sacolla/95179936ded143099fee8dc114c6829d.jepg,https://fulmo-img-server.com/sacoche-sacolla/b614ea70473b4f7bac3da6b27faa4828.jepg","ブラック / レッド / ブラウン","169"
"146","サコッシュ 上品なリボン飾り付きミニショルダー","高級レザーを使用した洗練されたサコッシュ。 しなやかな質感の本革素材で作られた小ぶりなショルダーバッグです。 フロントの金色リボン飾りが上品さを演出し、内外のポケットで機能性も充実。 スタイリッシュなサコッシュは街歩きやちょっとしたお出かけに最適なサイズ感です。","in stock","new","2320 JPY","https://www.sacoche-sacolla.jp/item/146","https://fulmo-img-server.com/sacoche-sacolla/f670c86a884a4394987c79901fb0f1e3.jepg","sacoche sacolla","https://fulmo-img-server.com/sacoche-sacolla/6d31b9955d7a4b0c8010f1f27158abf2.jepg,https://fulmo-img-server.com/sacoche-sacolla/7b974d9970bd41498a67f9c6434d3e8c.jepg,https://fulmo-img-server.com/sacoche-sacolla/05e894cf859145309dec7817304b6cc4.jepg,https://fulmo-img-server.com/sacoche-sacolla/49e805bcff66422da17c4d013b361670.jepg,https://fulmo-img-server.com/sacoche-sacolla/eaf1ce3f357f47cdba89dac85b3eb952.jepg,https://fulmo-img-server.com/sacoche-sacolla/5d71a3490b7945fd81c5755aa1bbc498.jepg,https://fulmo-img-server.com/sacoche-sacolla/79c395351c134a64a7531fbbd5b8e8c1.jepg,https://fulmo-img-server.com/sacoche-sacolla/864be5068b354d40a2ccf38cf2b3458c.jepg,https://fulmo-img-server.com/sacoche-sacolla/10ae7481ee2540aca47ef5dab190be9c.jepg","ブラック / レッド / ピンク / ダークブルー / パープル","169"
"147","サコッシュ 上質な本革ミニショルダーバッグ","上質なレザー素材を使用した洗練されたサコッシュ。 柔らかな質感と実用性を兼ね備えた本革製で、細かな革の表情が高級感を演出します。 ジッパー式開閉で中身をしっかり守り、調節可能なストラップ付きで肩掛けや手持ちにも対応。 日常使いからちょっとしたお出かけまで幅広く活躍する、大人の女性にぴったりのバッグです。","in stock","new","3460 JPY","https://www.sacoche-sacolla.jp/item/147","https://fulmo-img-server.com/sacoche-sacolla/f364c187401e463cb1609815bbf16391.jepg","sacoche sacolla","https://fulmo-img-server.com/sacoche-sacolla/9dc4075db6d14af2a5cd2e9e50458191.jepg,https://fulmo-img-server.com/sacoche-sacolla/ca0f88719da24fa09e1c2217d3b15b58.jepg,https://fulmo-img-server.com/sacoche-sacolla/4eed21ad61cc415599f5803bff85d1a4.jepg,https://fulmo-img-server.com/sacoche-sacolla/9a706c19dcda4c9dbb09e5e0be033e5d.jepg,https://fulmo-img-server.com/sacoche-sacolla/84e82a62a5c24832bc1eb652bf026718.jepg,https://fulmo-img-server.com/sacoche-sacolla/b36853e16d264aca84372d82a5133f67.jepg,https://fulmo-img-server.com/sacoche-sacolla/46c69bb524e84e008a0af0f025bb1e5f.jepg,https://fulmo-img-server.com/sacoche-sacolla/4eb3c56741334869914faeddb54c2fe4.jepg,https://fulmo-img-server.com/sacoche-sacolla/4b0b8e0f83c744fd881579c10727e388.jepg","ブラック / レッド / ブラウン / グリーン / ブルー / ライトブルー / パープル","169"
"148","サコッシュ 上品な本革ミニショルダーバッグ","洗練されたデザインの高級感あるレザーサコッシュ。 上質な本革素材を使用し、日常使いに最適なコンパクトサイズ。 安心のファスナー開閉で、中身が見えにくく安全です。 手持ちと斜めがけができる2WAY仕様のショルダーバッグです。","in stock","new","4680 JPY","https://www.sacoche-sacolla.jp/item/148","https://fulmo-img-server.com/sacoche-sacolla/766cd0785c16432c8e270f4273762518.jepg","sacoche sacolla","https://fulmo-img-server.com/sacoche-sacolla/45b18f55bc774af38b5b76d269034ca2.jepg,https://fulmo-img-server.com/sacoche-sacolla/15d67fc0c50d47b28849fafa7f74e79c.jepg,https://fulmo-img-server.com/sacoche-sacolla/e1d2d12e7bdc48ad9c061879cf1611ae.jepg,https://fulmo-img-server.com/sacoche-sacolla/34027e42fc9643f28a6cb952ead6643e.jepg,https://fulmo-img-server.com/sacoche-sacolla/06761c4c319b4864ba1d5a8615b0d9dd.jepg,https://fulmo-img-server.com/sacoche-sacolla/53e54282507e4f7395e9560f2bd32127.jepg,https://fulmo-img-server.com/sacoche-sacolla/45eb2c32716646228a41d44ecf74d42a.jepg,https://fulmo-img-server.com/sacoche-sacolla/acbf832b6fbd473d90194474fbbc3fc9.jepg,https://fulmo-img-server.com/sacoche-sacolla/3a740adb54624157a30276c1ef0260c5.jepg","カーキ / ブラック / ブルー","169"
"149","シンプルスタイリッシュサコッシュ","洗練された印象の高級レザーサコッシュ。 日常使いに最適なコンパクトサイズで、スマートフォンや財布などの必需品をすっきり収納。 上質なレザー素材と細部にこだわった仕上げで、カジュアルからフォーマルまで幅広いシーンで活躍するサコッシュです。","in stock","new","2880 JPY","https://www.sacoche-sacolla.jp/item/149","https://fulmo-img-server.com/sacoche-sacolla/5ad98347850f430ba4398490a7901d7c.jepg","sacoche sacolla","https://fulmo-img-server.com/sacoche-sacolla/c6f84c3a0bbb43028674f5fdd111a41f.jepg,https://fulmo-img-server.com/sacoche-sacolla/0b14edafd4ab45efb819baf0f3a6edcf.jepg,https://fulmo-img-server.com/sacoche-sacolla/34e0e8184ebd4182b6c9cb494b967340.jepg,https://fulmo-img-server.com/sacoche-sacolla/4b55a32775c146ea8d5ae895e2965d20.jepg,https://fulmo-img-server.com/sacoche-sacolla/4e6dfead8f034dac825f162f3b0d8f88.jepg,https://fulmo-img-server.com/sacoche-sacolla/a8cd6555ded24f0182a7cf96485c54e0.jepg,https://fulmo-img-server.com/sacoche-sacolla/c320972147a14a8b8417c75db9414fd7.jepg,https://fulmo-img-server.com/sacoche-sacolla/8ce47df7d063492d93aed7e74b9be371.jepg","カーキ / ブラック / ホワイト / グリーン","169"
"150","花束のような優しさ サコッシュ","柔らかな質感と洗練されたデザインが魅力のキャンバス製サコッシュ。シンプルな帆布素材は日常使いにぴったり。軽量でコンパクトながら、必要な小物をしっかりと収納できる実用性も兼ね備えています。長さ調節可能なストラップで、スタイルに合わせた使い方が可能。上質なサコッシュは、あなたのコーディネートに華を添えるアイテムです。","in stock","new","2660 JPY","https://www.sacoche-sacolla.jp/item/150","https://fulmo-img-server.com/sacoche-sacolla/2e1a2f59205f42539a3d36cd1c8e873d.jepg","sacoche sacolla","https://fulmo-img-server.com/sacoche-sacolla/792ff70aead244e3aa0b82179048cf3e.jepg,https://fulmo-img-server.com/sacoche-sacolla/ba82387769bf491baefa0cdc99913e6a.jepg,https://fulmo-img-server.com/sacoche-sacolla/507352cdbfab405ea5c41b07626f9559.jepg,https://fulmo-img-server.com/sacoche-sacolla/484da3496fff4f5d9125ec8c6ae77bb3.jepg,https://fulmo-img-server.com/sacoche-sacolla/bb8259b2b87c46919703cf235b67c410.jepg,https://fulmo-img-server.com/sacoche-sacolla/29bd7171663e497d80e58b23f754f5a2.jepg,https://fulmo-img-server.com/sacoche-sacolla/6a8f1f025860409baa97e86f10a3c5a2.jepg,https://fulmo-img-server.com/sacoche-sacolla/ded8748b5634442a8c283343ab1257dd.jepg,https://fulmo-img-server.com/sacoche-sacolla/23df3becc03d45db9627174a731d13f5.jepg","ブラック / ホワイト / イエロー / ピンク","169"
"151","シンプル帆布サコッシュ","軽量かつ耐久性に優れたキャンバス素材を使用したサコッシュ。シンプルながらも洗練されたデザインが魅力で、質感の良い帆布が持つ風合いが日常使いを一層楽しくします。肩掛けスタイルに加え、かわいいぬいぐるみチャームがアクセントに。カジュアルなお出かけや休日の散策など、さまざまなシーンで活躍する実用的なアイテムです。あなたの日常に彩りを添えるサコッシュとしておすすめです。","in stock","new","10250 JPY","https://www.sacoche-sacolla.jp/item/151","https://fulmo-img-server.com/sacoche-sacolla/7ee7fc80ee5d4992967beb3216cf6465.jepg","sacoche sacolla","https://fulmo-img-server.com/sacoche-sacolla/be12db0adb3544e0abf906be37305074.jepg,https://fulmo-img-server.com/sacoche-sacolla/2dabe63e51f04cfaba3aa17c71a4dce9.jepg,https://fulmo-img-server.com/sacoche-sacolla/50acb6052e674fd4b00d735a183305e9.jepg,https://fulmo-img-server.com/sacoche-sacolla/50b9462468584374a196c7c6ae5e7349.jepg","ブラウン / クリーム","169"
"152","サコッシュ 飾り気のない実用派ショルダー","シンプルで機能性に優れたキャンバスサコッシュ。耐久性のある帆布素材を使用し、長さ調節可能なストラップと便利な内ポケットが特徴。軽量かつ洗濯可能なデザインで、日常使いから旅行まで様々なシーンで活躍する頼れるアイテム。スタイリッシュに持ち運ぶことができ、使い勝手抜群のサコッシュです。おしゃれと実用性を兼ね備えた一品をぜひお試しください。","in stock","new","3230 JPY","https://www.sacoche-sacolla.jp/item/152","https://fulmo-img-server.com/sacoche-sacolla/20664636cebd4495a3e8e445bcd557ed.jepg","sacoche sacolla","https://fulmo-img-server.com/sacoche-sacolla/1252ec3b59694e6bb852a971500e22b2.jepg,https://fulmo-img-server.com/sacoche-sacolla/99f2c6e4708a4a14bf51e655cf59f1f3.jepg,https://fulmo-img-server.com/sacoche-sacolla/15c4f21f48204257be27ffff2bf66c02.jepg,https://fulmo-img-server.com/sacoche-sacolla/0710c35c85864d8388a248a6454f5415.jepg","ホワイト / グレー","169"
"153","サコッシュ シンプル帆布ミニショルダーバッグ","軽量で実用的なキャンバス素材のサコッシュ。高品質な帆布を用いたミニサイズのショルダーバッグは、シンプルなデザインが魅力です。調節可能なストラップにより、様々なスタイリングに適応可能。コンパクトながら必需品をしっかり収納でき、実用性と洗練された雰囲気を兼ね備えています。日常のコーディネートにアクセントを加える一品、ぜひお試しください。","in stock","new","2380 JPY","https://www.sacoche-sacolla.jp/item/153","https://fulmo-img-server.com/sacoche-sacolla/c66dea5e562643c399df00e179c5e1df.jepg","sacoche sacolla","https://fulmo-img-server.com/sacoche-sacolla/61e00ad61be44b3d9af50e6d964a9214.jepg,https://fulmo-img-server.com/sacoche-sacolla/0bbc333393f549f891e71d6ee8b60bb0.jepg,https://fulmo-img-server.com/sacoche-sacolla/025793008eca435d9bce770ddaca9bd7.jepg,https://fulmo-img-server.com/sacoche-sacolla/c81d5bc273464b7e8b773bae09ddac45.jepg,https://fulmo-img-server.com/sacoche-sacolla/13ac1f15086d41fb90cf28caad1e8ec6.jepg,https://fulmo-img-server.com/sacoche-sacolla/66b65df6fbb14aa381ad2c07bcd23074.jepg,https://fulmo-img-server.com/sacoche-sacolla/723bea2e800940d99e3a01d67287857c.jepg","ホワイト","169"
"154","サコッシュ シンプル帆布ショルダーバッグ","軽量で耐久性抜群のキャンバス素材を使用したサコッシュ。調整可能なストラップにより、肩に掛けても快適なフィット感を実現。スマートフォンや財布などの日常必需品をすっきり収納可能な実用的なデザイン。シンプルで洗練されたスタイルは、カジュアルファッションに自然に溶け込み、どんなシーンでも活躍する帆布バッグです。","in stock","new","2900 JPY","https://www.sacoche-sacolla.jp/item/154","https://fulmo-img-server.com/sacoche-sacolla/3866ff18fcc14816aa5f55cf7024ddb8.jepg","sacoche sacolla","https://fulmo-img-server.com/sacoche-sacolla/48a6a01a31824acebd9c897d8586cb74.jepg,https://fulmo-img-server.com/sacoche-sacolla/c52a667214d54e6a94dd41a25d7a5874.jepg,https://fulmo-img-server.com/sacoche-sacolla/d499a10c748f44a8922226c29763fca3.jepg","ブラック / クリーム","169"
"155","シンプル軽量サコッシュ","軽量ナイロン素材の薄型サコッシュ。 長さ調節できるストラップで肩掛けやクロスボディスタイルを楽しめる。 スマートフォンや財布などの必需品をすっきり収納。 日常使いからビジネスまで幅広く活用できる実用的なデザインのサコッシュ。","in stock","new","4380 JPY","https://www.sacoche-sacolla.jp/item/155","https://fulmo-img-server.com/sacoche-sacolla/316765bb7e16417aaef7d77d54749797.jepg","sacoche sacolla","https://fulmo-img-server.com/sacoche-sacolla/2369a343138e4df39bd238ba09146856.jepg,https://fulmo-img-server.com/sacoche-sacolla/20f3fbbc6dfd441c92fdcf0352b3c876.jepg","パープル","169"
"156","シンプル細身サコッシュ","シンプルでありながら洗練されたデザインのレザーサコッシュ。薄型・軽量で、長めのストラップにより斜め掛けスタイルも楽しめる。高品質な革素材を使用し、耐久性と高級感を実現。日常使いにぴったりの実用的なアイテムで、どんなスタイルにもマッチする。","in stock","new","2740 JPY","https://www.sacoche-sacolla.jp/item/156","https://fulmo-img-server.com/sacoche-sacolla/1dc018df8ec24908932e4e86cceaf8d6.jepg","sacoche sacolla","https://fulmo-img-server.com/sacoche-sacolla/6caf42bf5d244f97a8979cb866de43bc.jepg,https://fulmo-img-server.com/sacoche-sacolla/421c57af0f1446a2bf4998be2f9ad64e.jepg,https://fulmo-img-server.com/sacoche-sacolla/7986585a09d8422586f2dc52be8713ee.jepg,https://fulmo-img-server.com/sacoche-sacolla/b4ac0c5bfccf4a808f28253530158500.jepg,https://fulmo-img-server.com/sacoche-sacolla/17764f59d3934188b45b606b4d843a03.jepg,https://fulmo-img-server.com/sacoche-sacolla/300b809f50964539bd3e540eaabebc77.jepg,https://fulmo-img-server.com/sacoche-sacolla/b1ce51e949c94d839fffc39ead9d1edd.jepg","ブラック / ブラウン / オフホワイト","169"
"157","サコッシュ ミニマリストのバケットバッグ","洗練されたシンプルデザインのレザーミニバケットバッグ。 サコッシュのように軽快に身につけられる上質な革素材製。 ジッパー付きで小物もしっかり収納でき、長さ調節可能なストラップで快適な着用感。 日常使いに最適な実用的なバッグです。","in stock","new","3580 JPY","https://www.sacoche-sacolla.jp/item/157","https://fulmo-img-server.com/sacoche-sacolla/a219944dd1e149a1b9d7ad945fbeedfb.jepg","sacoche sacolla","https://fulmo-img-server.com/sacoche-sacolla/5d0e173e420543e7bd354f34f4f46319.jepg,https://fulmo-img-server.com/sacoche-sacolla/cad875bc53014b35b456d550240e63ba.jepg,https://fulmo-img-server.com/sacoche-sacolla/5a70438c4e794714addee2b70186ebc0.jepg,https://fulmo-img-server.com/sacoche-sacolla/b8512cf3a9b742a984d6ab757229e4ee.jepg,https://fulmo-img-server.com/sacoche-sacolla/1011b4218ef5431d9766c3af644a1874.jepg,https://fulmo-img-server.com/sacoche-sacolla/8f1af4cf9e3540bba76ac1b547da6b04.jepg,https://fulmo-img-server.com/sacoche-sacolla/d304e601fec34a32ac6c2b33baa48122.jepg,https://fulmo-img-server.com/sacoche-sacolla/f1a84f231951458696dd093103d8ce57.jepg,https://fulmo-img-server.com/sacoche-sacolla/b7619b77a952479c8889ea5aedbf5938.jepg","パープル / ホワイト / ベージュ / ブルー","169"
"158","シンプル都会派サコッシュ","洗練された薄型レザーサコッシュ。 長さ調節可能なストラップで快適な肩掛けスタイルを実現。 フラップ付きで中身をしっかり保護し、上質な革素材が高級感を演出。 街歩きにぴったりの実用的なサイズ感が魅力的。","in stock","new","31720 JPY","https://www.sacoche-sacolla.jp/item/158","https://fulmo-img-server.com/sacoche-sacolla/91a7a9c5295e4e00a70c099a9245161e.jepg","sacoche sacolla","https://fulmo-img-server.com/sacoche-sacolla/2dce346b120e4dab961e323f8e774cb7.jepg,https://fulmo-img-server.com/sacoche-sacolla/05f366cfdab7479b8a91182b53dd238f.jepg,https://fulmo-img-server.com/sacoche-sacolla/34a6423ccbcb42a895fb9ee32a909f6d.jepg,https://fulmo-img-server.com/sacoche-sacolla/509564372d4442dc9144100a40d92a6e.jepg,https://fulmo-img-server.com/sacoche-sacolla/bb0acc020bcd4f24973a0aa581245716.jepg,https://fulmo-img-server.com/sacoche-sacolla/c6898b6933254abdbde7b0908ed9920a.jepg,https://fulmo-img-server.com/sacoche-sacolla/2c16ff49230a4783bd7e382b5f9af3c9.jepg,https://fulmo-img-server.com/sacoche-sacolla/59bcb38b05c745569483e6433a500ec7.jepg","ブラック / ピンク / イエロー / ホワイト","169"
"159","サコッシュ シンプル携帯ミニショルダー","上質なレザー素材を使用した薄型軽量のサコッシュ。 スマートフォンがぴったり収まるコンパクトサイズで、日常の必需品を持ち運ぶのに最適。 長さ調節可能なストラップで、肩掛けやななめ掛けスタイルが楽しめる実用的なミニバッグ。 シンプルなデザインで洋服に合わせやすく、普段使いからちょっとしたお出かけまで幅広く活躍します。","in stock","new","3580 JPY","https://www.sacoche-sacolla.jp/item/159","https://fulmo-img-server.com/sacoche-sacolla/4366fade85d646119113e8696cb36a79.jepg","sacoche sacolla","https://fulmo-img-server.com/sacoche-sacolla/c1d3916c6bff4b4c9c0b9091cc8c1a40.jepg,https://fulmo-img-server.com/sacoche-sacolla/2cd04b3b99d1402c83199f4afc14754a.jepg,https://fulmo-img-server.com/sacoche-sacolla/b4df9e62f31943718e804b43c12225fd.jepg,https://fulmo-img-server.com/sacoche-sacolla/81cd90e698dd4d7ab0b7047510f86d05.jepg,https://fulmo-img-server.com/sacoche-sacolla/bb68bef676004cdcac6822d2475d6c78.jepg,https://fulmo-img-server.com/sacoche-sacolla/d6b91f46a9bb4bb2b641c5d38a923605.jepg,https://fulmo-img-server.com/sacoche-sacolla/353f421f30ec43eaa4d7ec1615030627.jepg,https://fulmo-img-server.com/sacoche-sacolla/ecf0d5c2428c43a78037d585a44f5b78.jepg,https://fulmo-img-server.com/sacoche-sacolla/c2d8a669caf4423e8153e1cfe50e7f17.jepg","ブラック / パープル / グリーン / ホワイト / ベージュ / ブラウン","169"
"160","サコッシュ 巻き革のお出かけバッグ","上質なレザーを使用した、洗練されたデザインのサコッシュ。 ロール状に丸めた開口部が特徴的で、シンプルながらも存在感があります。 柔らかな質感と軽量性を兼ね備え、カジュアルからフォーマルまで様々なシーンで活躍する機能的な逸品です。 日常使いにぴったりのレザーサコッシュをぜひお試しください。","in stock","new","6100 JPY","https://www.sacoche-sacolla.jp/item/160","https://fulmo-img-server.com/sacoche-sacolla/bfafdf0aa71c4b9796086335614013ac.jepg","sacoche sacolla","https://fulmo-img-server.com/sacoche-sacolla/c39b21796b674b32aa1382efa57c09c0.jepg,https://fulmo-img-server.com/sacoche-sacolla/e797a02f8d3c43b29dbc84ade55d5e0c.jepg,https://fulmo-img-server.com/sacoche-sacolla/296a04b0f5034ccbb6b1546afcfce172.jepg,https://fulmo-img-server.com/sacoche-sacolla/ae300fbc05184546910d3d18a30d373d.jepg,https://fulmo-img-server.com/sacoche-sacolla/312dab28e07641288da41b3058c2bfe6.jepg,https://fulmo-img-server.com/sacoche-sacolla/827a2e99722441d79017859c56ce95a5.jepg,https://fulmo-img-server.com/sacoche-sacolla/df4f67ea25814c4092d7495a9b8e7495.jepg,https://fulmo-img-server.com/sacoche-sacolla/0ec29c627587473e89a419ab1823d9b7.jepg,https://fulmo-img-server.com/sacoche-sacolla/f47778b8470247a3b98603866a6371ef.jepg","ブラウン","169"
"161","サコッシュ シンプル帆布ショルダーバッグ","軽量で耐久性に優れたキャンバス素材を用いたサコッシュは、日常使いにぴったりのアイテム。調整可能なストラップにより、快適な肩掛けスタイルが実現。シンプルかつ洗練されたフォルムは、帆布ならではの風合いを引き立て、男女問わず幅広いシーンで活躍します。ミニマルデザインでありながら、機能性も兼ね備えたこのサコッシュは、オシャレと実用性の両方を求める方におすすめです。","in stock","new","2700 JPY","https://www.sacoche-sacolla.jp/item/161","https://fulmo-img-server.com/sacoche-sacolla/1734160811480_xakryv12_9acd5wmt","sacoche sacolla","https://fulmo-img-server.com/sacoche-sacolla/1734160771466_o5gf5sam_fdibyw62,https://fulmo-img-server.com/sacoche-sacolla/b19cb5c288f14df1804307228bf954ee.jepg,https://fulmo-img-server.com/sacoche-sacolla/b5cec86ea51f40d7b8f813a88c762860.jepg,https://fulmo-img-server.com/sacoche-sacolla/d75a51f48c8f4abb9baa8a40e828f58e.jepg","ブラック / グレー / ホワイト","169"
"162","シンプル軽量サコッシュ","軽量ナイロン素材を使用した薄型サコッシュ。 必要十分な収納力を持ちながらもすっきりとしたフォルムが特徴。 長さ調節可能な細めのストラップ付きで、斜め掛けや肩掛けなど様々な使い方が可能。 日常使いからアウトドアまで幅広く活躍する実用的なアイテム。","in stock","new","4000 JPY","https://www.sacoche-sacolla.jp/item/162","https://fulmo-img-server.com/sacoche-sacolla/2a5a51241a8446ec9d3dad9f600a86a9.jepg","sacoche sacolla","https://fulmo-img-server.com/sacoche-sacolla/8da01e68e4b5453cb973662d63c58934.jepg,https://fulmo-img-server.com/sacoche-sacolla/2b406afa4e3549d38ce1df7ce65651db.jepg,https://fulmo-img-server.com/sacoche-sacolla/f7ddbe8ee6354b65a5ea108a99907aa8.jepg,https://fulmo-img-server.com/sacoche-sacolla/2a390aef29d244848d565b28f42468f1.jepg,https://fulmo-img-server.com/sacoche-sacolla/73c33d1cb98b4c52a86a9c9c018dba3a.jepg,https://fulmo-img-server.com/sacoche-sacolla/cb7cced37cd146e18c4c25fa9ea19888.jepg","ブラック / クリーム / イエロー / ブルー / パープル / グレー","169"
"163","サコッシュ 巾着型スマートフォンケース","高級レザー素材を使用した巾着型サコッシュ。 柔らかな質感で大切なスマートフォンを傷や衝撃から守ります。 紐による簡単開閉で、首からかけられる実用的な設計。 コンパクトサイズながら収納力があり、日常使いに最適なサコッシュです。","in stock","new","2280 JPY","https://www.sacoche-sacolla.jp/item/163","https://fulmo-img-server.com/sacoche-sacolla/f152faddca5049c8b0a843f77379af6a.jepg","sacoche sacolla","https://fulmo-img-server.com/sacoche-sacolla/7759b8aec35040e0a7b7f77c17b93780.jepg,https://fulmo-img-server.com/sacoche-sacolla/f4066bff8f664a1786b7b1a7d8608422.jepg,https://fulmo-img-server.com/sacoche-sacolla/3d65571b487f4bc69b3bd5c2bd67a5f3.jepg,https://fulmo-img-server.com/sacoche-sacolla/3faaa04107a04edcb7053117fc1b73e0.jepg,https://fulmo-img-server.com/sacoche-sacolla/80ce4ddd1d17457e87e908f9e3052ea8.jepg,https://fulmo-img-server.com/sacoche-sacolla/4f4a3ebad1534468a5a5e733f715e639.jepg,https://fulmo-img-server.com/sacoche-sacolla/8f8a21abb45d4e10aa2c46eeba8c5c6d.jepg,https://fulmo-img-server.com/sacoche-sacolla/b588c8f3d120433eaa8f46250ea058e5.jepg,https://fulmo-img-server.com/sacoche-sacolla/201f13de0c864e74a98166e548995f86.jepg","ブラック / グレー / レッド / パープル / ライトブルー / ライトパープル","169"
"164","サコッシュ スタイリッシュ三日月バッグ","軽量で機能的な三日月型のサコッシュ。 耐久性に優れたナイロン素材を使用し、カジュアルな日常使いに最適。 調節可能なストラップと実用的な内部ポケットを備え、チャームを付けられるデザインがトレンド感を演出。 コンパクトながら必要な小物をしっかり収納できる実用性も兼ね備えています。","in stock","new","3680 JPY","https://www.sacoche-sacolla.jp/item/164","https://fulmo-img-server.com/sacoche-sacolla/dc51b26f3e364cb4bba03a03fac5f3f8.jepg","sacoche sacolla","https://fulmo-img-server.com/sacoche-sacolla/9ac326e0d3b24bc480b9fe8705bd8bc5.jepg,https://fulmo-img-server.com/sacoche-sacolla/f464ff32172241c6b06832d898c5379b.jepg,https://fulmo-img-server.com/sacoche-sacolla/881a16adbd7246938d80c4083cb3f6a3.jepg,https://fulmo-img-server.com/sacoche-sacolla/feb02d3ae9db486b8c29d08841256627.jepg,https://fulmo-img-server.com/sacoche-sacolla/2a9bc04991514143932965688645bbca.jepg,https://fulmo-img-server.com/sacoche-sacolla/1653b7a5b8054c628d4c070d74b1a443.jepg,https://fulmo-img-server.com/sacoche-sacolla/6d0db229d2004bcaaf42340f088c678d.jepg,https://fulmo-img-server.com/sacoche-sacolla/ef8664097fca4389a86508d26697ec5e.jepg,https://fulmo-img-server.com/sacoche-sacolla/e9820f7c71ca44518493aeb56b9b9294.jepg","グレー / レッド / イエロー / ブルー","169"
"165","サコッシュ 多機能ミニショルダーバッグ","軽量ナイロン素材の実用的サコッシュ。 コンパクトなデザインながら収納力抜群で、メインポケットと前面ポケットで小物整理が簡単。 スマートフォンや財布、サングラスなどの必需品をすっきり収納できます。 調節可能なショルダーストラップ付きで、日常使いに最適なサコッシュです。","in stock","new","3340 JPY","https://www.sacoche-sacolla.jp/item/165","https://fulmo-img-server.com/sacoche-sacolla/4093ad33772a41fcaeae24c0759f8bcb.jepg","sacoche sacolla","https://fulmo-img-server.com/sacoche-sacolla/f99606e08ded40c5a8c781a62c6249c6.jepg,https://fulmo-img-server.com/sacoche-sacolla/611c6ca0ae794bebaa99d772ed19a40d.jepg,https://fulmo-img-server.com/sacoche-sacolla/b0c8b846688d40f89f40b5ace2f1b10e.jepg,https://fulmo-img-server.com/sacoche-sacolla/a85691c63cda4b7d9bcc1917465e4255.jepg,https://fulmo-img-server.com/sacoche-sacolla/10c1d65298fb4d61abd45cb5200a5bd8.jepg,https://fulmo-img-server.com/sacoche-sacolla/457ea6a7bc004d6685ca947c959dae98.jepg,https://fulmo-img-server.com/sacoche-sacolla/483f0b0d338e4498a3f455f6a61e8fc8.jepg","ブラック / グリーン / ダークブルー / グレー","169"
"166","軽量コンパクトサコッシュ","軽量なナイロン素材を使用したサコッシュは、薄型で持ち運びに優れたアイテム。フロントポケットがあり、小物を整理しやすく、出し入れも簡単。調節可能なショルダーストラップにより、快適な着用感を実現。日常使いやお出かけに最適な実用性とスタイリッシュさを兼ね備えたデザインです。","in stock","new","3160 JPY","https://www.sacoche-sacolla.jp/item/166","https://fulmo-img-server.com/sacoche-sacolla/f79bb9785a404b7bb4c0aede9b846431.jepg","sacoche sacolla","https://fulmo-img-server.com/sacoche-sacolla/6d676f9cfc5c42fb82efb8630f528915.jepg,https://fulmo-img-server.com/sacoche-sacolla/7dc1535abb31463ead76e3e53adc24fd.jepg,https://fulmo-img-server.com/sacoche-sacolla/cf898417f7014f61a923dc14aca5e606.jepg,https://fulmo-img-server.com/sacoche-sacolla/917b6dcf20c04b6996ff533c83b84fd6.jepg,https://fulmo-img-server.com/sacoche-sacolla/eae12b5ab5c34a21947f108534f8335c.jepg,https://fulmo-img-server.com/sacoche-sacolla/078f2affa37f45be84864f0efa18046d.jepg,https://fulmo-img-server.com/sacoche-sacolla/e0bd7f7800714ad88e67c4ace8b34fd0.jepg,https://fulmo-img-server.com/sacoche-sacolla/721570262bf44cee87d6b6544506cb6d.jepg,https://fulmo-img-server.com/sacoche-sacolla/e6bf58fdfc4d41429aed357ae7f79db7.jepg","ブラック / ホワイト / グリーン","169"
"167","サコッシュ シンプル巾着風ショルダーバッグ","高機能ナイロン素材で作られた軽やかなサコッシュ。 巾着型のデザインと便利なメッシュポケットで小物の整理がしやすく実用的。 肩掛けできるショルダーストラップ付きで、カジュアルな日常使いにぴったり。 サコッシュならではのコンパクトさと、ナイロン素材の耐久性を兼ね備えた一品。","in stock","new","3120 JPY","https://www.sacoche-sacolla.jp/item/167","https://fulmo-img-server.com/sacoche-sacolla/e2a0890e38f7449a813042f8e17cc471.jepg","sacoche sacolla","https://fulmo-img-server.com/sacoche-sacolla/1c5153ef921f4554890ed2c42d6b0c1c.jepg,https://fulmo-img-server.com/sacoche-sacolla/3e630d77d670435f9b7edb98a3a6dd4d.jepg,https://fulmo-img-server.com/sacoche-sacolla/9bac567c3a1c4b60b4023bf1ecb6d2f8.jepg,https://fulmo-img-server.com/sacoche-sacolla/940c1337d8324008bb20a9b7b8487ed6.jepg,https://fulmo-img-server.com/sacoche-sacolla/35b21972afea4b2e8caa4c34ece642a7.jepg,https://fulmo-img-server.com/sacoche-sacolla/ee28ed1831fe41bba5ddc030b0a458bc.jepg,https://fulmo-img-server.com/sacoche-sacolla/6fbc28b71e914dfa97c0c918af8f7792.jepg,https://fulmo-img-server.com/sacoche-sacolla/10bf70a1d9874cf7b9d421c504e865cf.jepg,https://fulmo-img-server.com/sacoche-sacolla/0ec1fe6cd50c4ad6a3fa8ecfcfb8b424.jepg","カーキ / ブラック / グリーン / ブルー / ライトパープル","169"
"168","多機能街歩きサコッシュ","耐久性抜群のナイロン素材を使用した軽量サコッシュ。 調節可能なストラップで体にフィットする快適な装着感を実現。 便利な内部ポケット付きで小物の整理も簡単。 日常使いからアウトドアまで幅広いシーンで活躍する実用的なサコッシュバッグ。","in stock","new","3840 JPY","https://www.sacoche-sacolla.jp/item/168","https://fulmo-img-server.com/sacoche-sacolla/8263941f78a14d7589ec0eb74e67f620.jepg","sacoche sacolla","https://fulmo-img-server.com/sacoche-sacolla/1b098f0b9aa24a3ca4443d228ed621cc.jepg,https://fulmo-img-server.com/sacoche-sacolla/6fc73b7926d340cab42226f26da35586.jepg,https://fulmo-img-server.com/sacoche-sacolla/42afd5c9df204235b5083449cda47c2f.jepg,https://fulmo-img-server.com/sacoche-sacolla/24bf613734f44128aeafd87faa7c5cb9.jepg,https://fulmo-img-server.com/sacoche-sacolla/2f1152543e3b4d3bb297a486920b867c.jepg,https://fulmo-img-server.com/sacoche-sacolla/d7558900d2534d93be7cb95bc5a73a56.jepg,https://fulmo-img-server.com/sacoche-sacolla/2750cdcfe25a42e1b352312295830cc2.jepg,https://fulmo-img-server.com/sacoche-sacolla/5f665ab4fef3439ab8eaadb2a601dc97.jepg,https://fulmo-img-server.com/sacoche-sacolla/2384149c4a9d452898b8fb4f752f58f6.jepg","ブラック / 迷彩（青) / 迷彩（緑）","169"
"169","サコッシュ 軽量シンプル多機能ショルダーバッグ","高品質なナイロン素材を採用したサコッシュは、日常使いにぴったりの実用的なアイテム。シンプルなデザインが魅力で、どんなコーディネートにもマッチ。内外には便利なポケットを備え、しっかりとした収納力を誇る。さらに、ストラップの長さ調整も可能で、使い勝手も抜群。おしゃれで機能的なサコッシュで、日々のスタイルを楽しんで。","in stock","new","2920 JPY","https://www.sacoche-sacolla.jp/item/169","https://fulmo-img-server.com/sacoche-sacolla/48e5dccd986f4a6a8ded9fa8214cddde.jepg","sacoche sacolla","https://fulmo-img-server.com/sacoche-sacolla/c5922e8ed8f64293a0a9114f4ab5b34d.jepg,https://fulmo-img-server.com/sacoche-sacolla/64df5c41c7cd4941acca487bcb4f109d.jepg,https://fulmo-img-server.com/sacoche-sacolla/57ded8c73e9b4d12b1295f45cfaa29e5.jepg,https://fulmo-img-server.com/sacoche-sacolla/685f25db41de473c83f91b77f3642d0a.jepg,https://fulmo-img-server.com/sacoche-sacolla/772a97edacdc4296ad3c2ccc58623de0.jepg,https://fulmo-img-server.com/sacoche-sacolla/8e6759ff55e246c3accb695687028cdb.jepg,https://fulmo-img-server.com/sacoche-sacolla/beb40b3745ad4cae91665b6b5c4b9919.jepg","ブラック","169"
"170","サコッシュ 軽量多機能ミニショルダーバッグ","軽量ナイロン素材を使用した実用的なサコッシュ。 コンパクトながら抜群の収納力を備え、メイン収納と前面ポケットで小物整理も簡単。 調節可能なストラップ付きで快適な斜め掛けスタイルが楽しめる。 日常使いからアウトドアまで幅広く活躍する多目的バッグ。","in stock","new","8200 JPY","https://www.sacoche-sacolla.jp/item/170","https://fulmo-img-server.com/sacoche-sacolla/a0d52749aae54305aab815c645d0696e.jepg","sacoche sacolla","https://fulmo-img-server.com/sacoche-sacolla/4f234dd0bfef4bd39a59f945674ec1c6.jepg,https://fulmo-img-server.com/sacoche-sacolla/271f66f8f7d6457cab883fdcd3278632.jepg,https://fulmo-img-server.com/sacoche-sacolla/866fd3a2f94243be9a491dede1d46e1a.jepg","ブラック+","169"
"171","サコッシュ スマホ収納ネックストラップポーチ","実用的なナイロン素材のサコッシュ。透明ポケット付きで携帯電話を収納したまま操作可能。 調節可能なストラップで首からかけられ、軽量で持ち運びに便利。 防水性に優れ、アウトドアやフェスなどのイベントでの使用に最適な小型ショルダーバッグです。","in stock","new","3960 JPY","https://www.sacoche-sacolla.jp/item/171","https://fulmo-img-server.com/sacoche-sacolla/8980e3600b204f4abc81cfe826abc066.jepg","sacoche sacolla","https://fulmo-img-server.com/sacoche-sacolla/062c60f9c7c44ba483ac97d4c4b3b295.jepg,https://fulmo-img-server.com/sacoche-sacolla/de2debccc77c4f508823bcfb7db63567.jepg,https://fulmo-img-server.com/sacoche-sacolla/395dd54801914debb41712961953bb70.jepg,https://fulmo-img-server.com/sacoche-sacolla/0dcdff80cd3748bfa79f05ba79fe59e8.jepg,https://fulmo-img-server.com/sacoche-sacolla/e0d403742055422c80e831ef8fa90a4a.jepg,https://fulmo-img-server.com/sacoche-sacolla/af15d054d20444cb8d159e351f9f7907.jepg,https://fulmo-img-server.com/sacoche-sacolla/90b67ad768544a4586a2075593680e6d.jepg,https://fulmo-img-server.com/sacoche-sacolla/fa522cb23e234387bc250cb1d77b8aa7.jepg,https://fulmo-img-server.com/sacoche-sacolla/f2680a751dfa435aaf6a8777552249a3.jepg","ブラック / 迷彩 / ブルー","169"
"172","サコッシュ 軽量ナイロン素材のミニショルダー","スタイリッシュなサコッシュは、耐久性に優れたナイロン素材で作られており、軽量かつコンパクトなデザインが魅力。必要な荷物をしっかり収納できるため、日常使いからアウトドアシーンまで活躍。前面のジッパーポケットは小物の整理に便利で、機能性も抜群。シンプルながらも洗練されたデザインが、どんなスタイルにもマッチします。","in stock","new","7360 JPY","https://www.sacoche-sacolla.jp/item/172","https://fulmo-img-server.com/sacoche-sacolla/550fb763656f4e96889951045c637d5b.jepg","sacoche sacolla","https://fulmo-img-server.com/sacoche-sacolla/31614180159442f7be620b11e17dba7b.jepg,https://fulmo-img-server.com/sacoche-sacolla/26012b3d3b6542a7a8b0522c52b5ea69.jepg,https://fulmo-img-server.com/sacoche-sacolla/60cfca1ffda5450899fbbbb439b010fe.jepg,https://fulmo-img-server.com/sacoche-sacolla/4339d53eb1bb4f1184e82a3034cc44a5.jepg,https://fulmo-img-server.com/sacoche-sacolla/e5d7f45e649f4f0dae7bd0e57375742b.jepg,https://fulmo-img-server.com/sacoche-sacolla/3d77278bd8da400aa8ca7c1b49512aa2.jepg,https://fulmo-img-server.com/sacoche-sacolla/fdb2f8a7850d446cb56b4cba8917420b.jepg,https://fulmo-img-server.com/sacoche-sacolla/469079905a0d440080a7de350290d710.jepg,https://fulmo-img-server.com/sacoche-sacolla/2375a3fcae9a41528eb76f8fb93fb7ce.jepg","ブラック / グリーン","169"
"173","サコッシュ 軽量コンパクトな斜め掛けバッグ","軽量ナイロン素材を使用した機能的なサコッシュ。 日常使いに最適な多機能ポケット付きショルダーバッグ。 耐久性のあるナイロン生地で長く愛用できる実用的なサコッシュ。 スマートフォンや財布などの必需品をすっきり収納し、カジュアルからビジネスまで幅広いシーンで活躍。","in stock","new","2500 JPY","https://www.sacoche-sacolla.jp/item/173","https://fulmo-img-server.com/sacoche-sacolla/78fdadfb83c04e40bf640e63d7f9b69d.jepg","sacoche sacolla","https://fulmo-img-server.com/sacoche-sacolla/ddb14cf2b892446ab15bf7334889ee97.jepg,https://fulmo-img-server.com/sacoche-sacolla/96ff26bb00ca4c2882cf262c7d051124.jepg,https://fulmo-img-server.com/sacoche-sacolla/08b129fee6a54f31b409e809e4a64cf3.jepg,https://fulmo-img-server.com/sacoche-sacolla/49ccef7e3e12429aa23197ce2c9127be.jepg,https://fulmo-img-server.com/sacoche-sacolla/328e87fa333744a5bedd4b4a0f0ad88f.jepg,https://fulmo-img-server.com/sacoche-sacolla/8593586b29f642fa8ad67d38e14f56f9.jepg,https://fulmo-img-server.com/sacoche-sacolla/ade6947ba6fc47f0909d20b8c8e4ff37.jepg,https://fulmo-img-server.com/sacoche-sacolla/08c7583339c04e72938e715502eb42d4.jepg,https://fulmo-img-server.com/sacoche-sacolla/d75d372797cb40cc9f4b49d9cff29e11.jepg","ピンク / ライトブルー / グリーン / オレンジ / ブラック / パープル","169"
"174","コンパクト多機能サコッシュ","軽量で丈夫なナイロン素材を使用したサコッシュ。スマートフォンやお財布など必需品をコンパクトに収納可能。シンプルなデザインで、カジュアルからフォーマルまで幅広いスタイルに対応。実用性と洗練さを兼ね備えた逸品。","in stock","new","11320 JPY","https://www.sacoche-sacolla.jp/item/174","https://fulmo-img-server.com/sacoche-sacolla/f0a65ed5b4ec4d9cbb78ce00b078a180.jepg","sacoche sacolla","https://fulmo-img-server.com/sacoche-sacolla/5d21d3ae698846aab90a38e5a340c06a.jepg,https://fulmo-img-server.com/sacoche-sacolla/57ef4b4cc02341f98b98685ce19cd5be.jepg,https://fulmo-img-server.com/sacoche-sacolla/375024a3060042a0a90bff0fc3c3475a.jepg,https://fulmo-img-server.com/sacoche-sacolla/b46ca32e9d6545c9a44071427501ebab.jepg","ブラック","169"
"175","サコッシュ 多機能ユーティリティポーチ","高機能ナイロン素材のサコッシュ。調節可能なショルダーストラップと複数のポケットを備えた実用的なデザイン。 丈夫な留め具で小物をしっかり整理できる耐久性抜群のポーチ。 カジュアルスタイルからアウトドアまで幅広いシーンで活躍する機能的なサコッシュ。","in stock","new","4000 JPY","https://www.sacoche-sacolla.jp/item/175","https://fulmo-img-server.com/sacoche-sacolla/e21f9c091bf34ba48d7d29d69740d008.jepg","sacoche sacolla","https://fulmo-img-server.com/sacoche-sacolla/2d09b29b3fd54cf0a95bd84a922cf2a8.jepg,https://fulmo-img-server.com/sacoche-sacolla/fbe067217980435684772d9756194146.jepg,https://fulmo-img-server.com/sacoche-sacolla/449260ecf1964241b584f746372e76e9.jepg,https://fulmo-img-server.com/sacoche-sacolla/f53f044d1cf0404eb741365b78f488ed.jepg,https://fulmo-img-server.com/sacoche-sacolla/093edccbbe3642c4995c54e2f368bd2b.jepg,https://fulmo-img-server.com/sacoche-sacolla/c5c06ae728774542960f3373ea3e3373.jepg,https://fulmo-img-server.com/sacoche-sacolla/7bd07806e96c4ed3b9dcb92f98f04dc9.jepg,https://fulmo-img-server.com/sacoche-sacolla/f28b2f7762d84aeea77d91673637fac5.jepg,https://fulmo-img-server.com/sacoche-sacolla/25bcb2805c9d4b85a5734bbe0bb80bd1.jepg","ブラック / 迷彩","169"
"176","サコッシュ マルチポケット多機能ショルダーバッグ","軽量で耐久性に優れたナイロン製のサコッシュは、日常の必需品。複数のジッパー付きポケットがあり、小物をしっかり整理できる。調節可能なストラップにより、斜め掛けでの快適な使用が実現。アウトドアや旅行など、様々なシーンで活躍する多機能なバッグです。シンプルながらスタイリッシュなデザインで、使うたびに便利さを実感できる一品。","in stock","new","2420 JPY","https://www.sacoche-sacolla.jp/item/176","https://fulmo-img-server.com/sacoche-sacolla/20931ee37b234695acf1ad9e0b4ff3fc.jepg","sacoche sacolla","https://fulmo-img-server.com/sacoche-sacolla/1a717229fe504efa99ff17c3cb02f591.jepg,https://fulmo-img-server.com/sacoche-sacolla/1dc95362bd964ea99f59f4f1539da34d.jepg,https://fulmo-img-server.com/sacoche-sacolla/e8792ee9b61d4605895e9d0cdbe98e8c.jepg,https://fulmo-img-server.com/sacoche-sacolla/a2eef9e95ee34cdc80f67811ad93fea4.jepg,https://fulmo-img-server.com/sacoche-sacolla/6ad8f31980f342c89bedeb7fefa1f2ff.jepg,https://fulmo-img-server.com/sacoche-sacolla/e98e351b72c145cd8d4e1722abf46f26.jepg,https://fulmo-img-server.com/sacoche-sacolla/93e6c8652c7c40788d351fdaaf625e9a.jepg,https://fulmo-img-server.com/sacoche-sacolla/f113c448e08741cb90e30adf8b3385fb.jepg,https://fulmo-img-server.com/sacoche-sacolla/6d335da3c4304aad9faa30f2377d8632.jepg","アニマル / パープル / レッド / グリーン / グレー / ブラック / ダークブルー / キャット","169"
"177","ミニマルデザインのナイロンサコッシュ","軽量で耐久性に優れたナイロン素材を採用したコンパクトサコッシュ。フロントポケットと広めのメイン収納があり、小物をスッキリ整理可能。調節可能なストラップにより、快適な着用感を実現。普段使いからアウトドアシーンまで幅広く活躍する実用的なアイテムとしておすすめです。シンプルなデザインながら、機能性も兼ね備えた一品です。","in stock","new","2660 JPY","https://www.sacoche-sacolla.jp/item/177","https://fulmo-img-server.com/sacoche-sacolla/f2af1e6891554511aee1b19a1790caa8.jepg","sacoche sacolla","https://fulmo-img-server.com/sacoche-sacolla/6e6de585729f45fea7aa7c0b48ba608e.jepg,https://fulmo-img-server.com/sacoche-sacolla/91297ab264284d138ede22e7d0d3f26f.jepg,https://fulmo-img-server.com/sacoche-sacolla/ea403d9aa1b848fc81562a9d2bbaffdb.jepg,https://fulmo-img-server.com/sacoche-sacolla/07ef3b5084e547259a60a9fda25d6869.jepg,https://fulmo-img-server.com/sacoche-sacolla/c10bd27f4f034732987a3e79c92cb770.jepg,https://fulmo-img-server.com/sacoche-sacolla/3f382aa6157f4f28beb6eb8133d998e3.jepg,https://fulmo-img-server.com/sacoche-sacolla/78824a85b9de49f4a8e9696cd7e0d624.jepg,https://fulmo-img-server.com/sacoche-sacolla/09ca799889564e968a23c5c837ff04f6.jepg,https://fulmo-img-server.com/sacoche-sacolla/a32c29569f764ee7b1e0c485099fd38d.jepg","ブラック / グリーン / ピンク / ブラウン / ベージュ / ライトグリーン","169"
"178","サコッシュ 南国リーフ柄ミニショルダーバッグ","耐久性のあるナイロン素材を使用した軽量サコッシュ。 トロピカルな葉っぱ柄がおしゃれで日常使いにぴったり。 小物整理に便利なポケット付きで機能性抜群。 アウトドアやカジュアルな外出に最適な、コンパクトで実用的なデザイン。 肩掛けストラップ付きで手ぶら移動も快適。","in stock","new","2200 JPY","https://www.sacoche-sacolla.jp/item/178","https://fulmo-img-server.com/sacoche-sacolla/87f6ac56812c4b958258706df47c78ba.jepg","sacoche sacolla","https://fulmo-img-server.com/sacoche-sacolla/83fdc1e8aba54aed80cca2e518ec571f.jepg,https://fulmo-img-server.com/sacoche-sacolla/9f2c99c1bdd249738975265b0ea35841.jepg,https://fulmo-img-server.com/sacoche-sacolla/ead414e2749a4e55b23643ba456e96a4.jepg,https://fulmo-img-server.com/sacoche-sacolla/d6c896c9591d44cb80af7ea600f847f3.jepg,https://fulmo-img-server.com/sacoche-sacolla/3e9e364d2c4c48eba7c6604d1478151c.jepg,https://fulmo-img-server.com/sacoche-sacolla/55346b67a60f459b9a5bc0d861bf4809.jepg,https://fulmo-img-server.com/sacoche-sacolla/570709abe7de429f9a9afc8476acfcd4.jepg,https://fulmo-img-server.com/sacoche-sacolla/6fc6d8d6f0344feeb82b91a793b8b497.jepg,https://fulmo-img-server.com/sacoche-sacolla/40dc1a3b2c9c4a998d4db5d8b6242928.jepg","パープル / フラワー / アルファベット / バード","169"
"179","シンプル薄型サコッシュ","高品質レザーを使用した洗練されたサコッシュ。 しなやかな革素材で作られた軽量なショルダーバッグです。 スマートフォンや必要な小物をスマートに収納できる実用的なデザイン。 長さ調節可能な細めのストラップ付きで、カジュアルからフォーマルまであらゆるシーンで活躍する上質なサコッシュです。","in stock","new","13000 JPY","https://www.sacoche-sacolla.jp/item/179","https://fulmo-img-server.com/sacoche-sacolla/594073bd7c6a4d2bbd767fce18c767af.jepg","sacoche sacolla","https://fulmo-img-server.com/sacoche-sacolla/5b5732bcb7a14a15be13096cf547d672.jepg,https://fulmo-img-server.com/sacoche-sacolla/0fed1e5288ba400b956c9689393755c8.jepg,https://fulmo-img-server.com/sacoche-sacolla/c002b3212563464690aaf9c619ecd6cb.jepg","ブラック","169"
"180","コンパクト多機能サコッシュ","上質なレザー素材を使用した機能的なサコッシュ。 ジッパー付きのメインポケットと外側ポケットで小物の整理に便利。 長さ調整可能なストラップで快適な斜め掛けスタイルを楽しめる。 日常使いに最適な実用的デザインで、様々な装いに合わせやすい小型ショルダーバッグ。","in stock","new","9880 JPY","https://www.sacoche-sacolla.jp/item/180","https://fulmo-img-server.com/sacoche-sacolla/297ecd148423474d85050e85f357fbd7.jepg","sacoche sacolla","https://fulmo-img-server.com/sacoche-sacolla/fe3c99eef9574a89b4b09e521314aeba.jepg,https://fulmo-img-server.com/sacoche-sacolla/e4bed29de23a42c69edc38296bab7893.jepg,https://fulmo-img-server.com/sacoche-sacolla/0486a9b28dc14c13bb4cee4e58adc6bb.jepg,https://fulmo-img-server.com/sacoche-sacolla/2ea72913b07b4cdc85248b0e4a69e03d.jepg","レッド / ブラック / グリーン / ピンク / ブラウン","169"
"181","洗練された編み込みサコッシュ","上質なレザーを贅沢に使用した洗練のサコッシュ。 繊細な編み込み模様と職人技が光る本格派の一品。 コンパクトながら収納力に優れ、日常使いから特別な場面まで幅広く活躍。 シンプルで美しいデザインは、大人の装いに品格を添える逸品です。","in stock","new","8580 JPY","https://www.sacoche-sacolla.jp/item/181","https://fulmo-img-server.com/sacoche-sacolla/e84f4baf7ea142fa817ca44f6f12dbec.jepg","sacoche sacolla","https://fulmo-img-server.com/sacoche-sacolla/621461fc4822459b86a4f8a50b5ceea7.jepg,https://fulmo-img-server.com/sacoche-sacolla/7c64909e390e44a58d02e175c5562865.jepg,https://fulmo-img-server.com/sacoche-sacolla/a282f4f187bd449f9cb364e408dfec44.jepg,https://fulmo-img-server.com/sacoche-sacolla/b6d6349d75934fa6818c0dea6a6ba251.jepg","ブラック","169"
"182","サコッシュ 上品なミニショルダーバッグ","上質なレザーを使用したコンパクトなサコッシュは、洗練されたシンプルデザインが魅力。柔らかな質感が心地よく、日常使いにぴったりのサイズ感を実現。上品な金具がアクセントとなり、スタイリッシュな印象を与える実用的なアイテム。デイリーユースから特別なシーンまで幅広く活躍するレザーサコッシュ。持つだけでセンスが光る一品。","in stock","new","7780 JPY","https://www.sacoche-sacolla.jp/item/182","https://fulmo-img-server.com/sacoche-sacolla/a8b4f49303ed4bbf88d3d78d00163c3b.jepg","sacoche sacolla","https://fulmo-img-server.com/sacoche-sacolla/a960d3273caa458ea730875579bb3662.jepg,https://fulmo-img-server.com/sacoche-sacolla/ee9faf106cbe46cc86acce5ab3b0e4d8.jepg,https://fulmo-img-server.com/sacoche-sacolla/4fc4fa4b32f24d2a931b8a760dc349e1.jepg","パープル","169"
"183","サコッシュ 上品な雰囲気のミニショルダーバッグ","上質なレザー素材を使用した洗練されたサコッシュ。 スマートフォンやお財布など必需品をコンパクトに収納できる多機能バッグ。 長さ調節可能なストラップで斜め掛けや肩掛けなど、様々な持ち方が可能。 デイリーユースからちょっとしたお出かけまで幅広く活躍する実用的なアイテム。","in stock","new","8620 JPY","https://www.sacoche-sacolla.jp/item/183","https://fulmo-img-server.com/sacoche-sacolla/fa446953aec94a838b3e5e04bf6a766d.jepg","sacoche sacolla","https://fulmo-img-server.com/sacoche-sacolla/ee22f23330b244e196318bcc62eb76e0.jepg,https://fulmo-img-server.com/sacoche-sacolla/bd276db1ed7740cf97141c699b964e8f.jepg,https://fulmo-img-server.com/sacoche-sacolla/5b50c9d344c448e59dc228daa136974b.jepg,https://fulmo-img-server.com/sacoche-sacolla/cfbbed546c374ea688872cebd2ead311.jepg","ピンク / ブルー / グレー","169"
"184","キルティングサコッシュ","上質なレザーを使用した洗練されたキルティングデザインのサコッシュ。 スリムでコンパクトな形状ながら、必需品をしっかり収納できる実用性を兼ね備えています。 調節可能なストラップ付きで、肩掛けやクロスボディスタイルで使える万能なレザーサコッシュです。","in stock","new","6480 JPY","https://www.sacoche-sacolla.jp/item/184","https://fulmo-img-server.com/sacoche-sacolla/fa20602a1ce848008b7aa0c30b03cab2.jepg","sacoche sacolla","https://fulmo-img-server.com/sacoche-sacolla/06340c7469114bbea1233143308bf824.jepg,https://fulmo-img-server.com/sacoche-sacolla/f5655f70bee54b618df7029a8a3d1fd3.jepg,https://fulmo-img-server.com/sacoche-sacolla/4f8b3571989d4cd78a2fe125eff26490.jepg","ブラック","169"
"185","サコッシュ 柔らか質感のミニショルダー","上質なレザーを使用した機能的なサコッシュ。 しなやかな本革素材で作られた小型バッグで、日常使いに最適なサイズ感が特徴。 スマートフォンや財布などの必需品をコンパクトに収納できます。 洗練されたデザインで、カジュアルからフォーマルまで幅広いシーンで活躍するレザーサコッシュです。","in stock","new","7740 JPY","https://www.sacoche-sacolla.jp/item/185","https://fulmo-img-server.com/sacoche-sacolla/f237b50bc36b4fbda6be78843bad500c.jepg","sacoche sacolla","https://fulmo-img-server.com/sacoche-sacolla/64970c7fb6874d1c97eb3bd621069e94.jepg,https://fulmo-img-server.com/sacoche-sacolla/ebb252b5b6d142349dfca0512c88aeb2.jepg,https://fulmo-img-server.com/sacoche-sacolla/82c3369e52c04038a479af4b3f4755ba.jepg","ブラウン","169"
"186","サコッシュ スリムシルエットショルダーバッグ","コンパクトで洗練されたレザーサコッシュ。 軽量ながら収納力に優れ、日常使いに最適なショルダーバッグです。 シンプルなデザインで、カジュアルからフォーマルまであらゆる場面で活躍します。 サコッシュならではの薄型フォルムで身体にフィットし、快適な装着感を実現しました。","in stock","new","2380 JPY","https://www.sacoche-sacolla.jp/item/186","https://fulmo-img-server.com/sacoche-sacolla/18959f6df9824c1cb3d1eeadfb664d57.jepg","sacoche sacolla","https://fulmo-img-server.com/sacoche-sacolla/5d698c9b94dd4d4ca6f504b8b97f46ce.jepg,https://fulmo-img-server.com/sacoche-sacolla/ba32efcdb07a4f2589c7e8f481ff5ba1.jepg,https://fulmo-img-server.com/sacoche-sacolla/3a8bdbb47f6047718e7afcd29d8aefa0.jepg,https://fulmo-img-server.com/sacoche-sacolla/6867a83873a045759de9678549802407.jepg,https://fulmo-img-server.com/sacoche-sacolla/11ecf206c28545fda372a5b4af4f350d.jepg,https://fulmo-img-server.com/sacoche-sacolla/d8a6fd046946460b8ac5ec7b35c3becd.jepg,https://fulmo-img-server.com/sacoche-sacolla/dc353e49d8764eeb8d7e2cbb879b3ed3.jepg,https://fulmo-img-server.com/sacoche-sacolla/4d1e9127e67949ad88d601af66cc9a2c.jepg,https://fulmo-img-server.com/sacoche-sacolla/8a75b0ff68b14c4586071b1644c99cd6.jepg","パープル / ブラック / ブルー / グレー / オレンジ / ローズ","169"
"187","上質サコッシュショルダーバッグ","上質なレザーを使用した洗練されたサコッシュ。 柔らかな素材感ながらも形状をしっかり保ち、コンパクトなサイズで必要な荷物を収納できます。 斜め掛けスタイルで快適な装着感を実現し、軽量で持ち運びやすいデザイン。 カジュアルからビジネスまで幅広いシーンで活躍する実用的なサコッシュです。","in stock","new","10300 JPY","https://www.sacoche-sacolla.jp/item/187","https://fulmo-img-server.com/sacoche-sacolla/92dad37ca08440da801c596aa87105bf.jepg","sacoche sacolla","https://fulmo-img-server.com/sacoche-sacolla/234068b21e104c2da7d1ca93d0b30737.jepg,https://fulmo-img-server.com/sacoche-sacolla/e89e22542a984a5db3aa7b6664cf349a.jepg,https://fulmo-img-server.com/sacoche-sacolla/69b2d71079cd410d80c34e6eb1642017.jepg,https://fulmo-img-server.com/sacoche-sacolla/13fb3733a2924960bc4d64c1a9d771e4.jepg,https://fulmo-img-server.com/sacoche-sacolla/d928e0894c0046589fbef97d91a223da.jepg,https://fulmo-img-server.com/sacoche-sacolla/f7562ef9cc8e414fae20e6afa2f449da.jepg","ブラック","169"
"188","軽量スタイリッシュサコッシュ","軽量ナイロン素材を使用した薄型サコッシュ。 収納力抜群で必要な小物をすっきり整理できます。 調節可能なストラップで肩掛けも斜め掛けも自在にアレンジ可能。 日常使いからちょっとしたお出かけまで、シンプルなデザインで幅広いスタイルに合わせやすいサコッシュです。","in stock","new","3000 JPY","https://www.sacoche-sacolla.jp/item/188","https://fulmo-img-server.com/sacoche-sacolla/da51adf7ef474c2ca9201179004d49a5.jepg","sacoche sacolla","https://fulmo-img-server.com/sacoche-sacolla/5d046c4837d740ab8a154c4299e9703d.jepg,https://fulmo-img-server.com/sacoche-sacolla/fe24b62d742642ba9e2aece579f7e23f.jepg,https://fulmo-img-server.com/sacoche-sacolla/64629172d99f4cac856cb5cd212ab080.jepg,https://fulmo-img-server.com/sacoche-sacolla/81e0a49eeb7c4f4b8dc8ddecb9a075d4.jepg","ホワイト / ブラック / グレー / ブラウン","169"
"189","サコッシュ 本革斜め掛けウエストポーチ","上質な本革を使用した機能的なサコッシュタイプのウエストポーチ。 レザー素材の高級感と洗練されたフォルムが魅力的。 複数のジッパーポケットで小物の整理も簡単に。 スタイリッシュなデザインで日常使いからアウトドアまで幅広く活躍。 斜め掛けスタイルで快適な着用感を実現した実用的なレザーサコッシュ。","in stock","new","40760 JPY","https://www.sacoche-sacolla.jp/item/189","https://fulmo-img-server.com/sacoche-sacolla/ad7cc981dd114e22bda96d9e64b0fdec.jepg","sacoche sacolla","https://fulmo-img-server.com/sacoche-sacolla/d9a6c8a73a4147d6855bcc2eafd203a9.jepg,https://fulmo-img-server.com/sacoche-sacolla/3542a474cae54feeabec750cf677c9df.jepg,https://fulmo-img-server.com/sacoche-sacolla/f8a2ba6db1de4f0ea8b94f8df9b6ceb6.jepg,https://fulmo-img-server.com/sacoche-sacolla/08d3809bfb5544858c50e26304cb6450.jepg,https://fulmo-img-server.com/sacoche-sacolla/8e332f5232f04cc1a0577505a3d6d999.jepg,https://fulmo-img-server.com/sacoche-sacolla/2ddcec6fe43c4afd9c3d7222094675a3.jepg,https://fulmo-img-server.com/sacoche-sacolla/78eda7a969124e9e85bed3350709cbee.jepg,https://fulmo-img-server.com/sacoche-sacolla/77e7af88fa9e48dbb4a71033e686853e.jepg,https://fulmo-img-server.com/sacoche-sacolla/3f016d6e7e4d49d9ba0f9b3fa5fa79c3.jepg","ブラック","169"
"190","サコッシュ 上質レザーのウエストポーチ","本革の柔らかな質感が魅力のレザーサコッシュ。大きめのメインポケットと前面のジッパー付き小物入れが収納力を高め、日常使いに最適。調節可能なストラップにより、斜め掛けやウエスト巻きなど多様なスタイルを楽しめる。シンプルでありながら機能的なデザインは、カジュアルからスタイリッシュなコーディネートまで幅広くマッチ。","in stock","new","4000 JPY","https://www.sacoche-sacolla.jp/item/190","https://fulmo-img-server.com/sacoche-sacolla/427eed1c48aa48c68599a6c18cd6910a.jepg","sacoche sacolla","https://fulmo-img-server.com/sacoche-sacolla/ea73262fe80f4b639f717b7a626f39a2.jepg,https://fulmo-img-server.com/sacoche-sacolla/4be2b19cfdda4783b6a73f00734c4c3d.jepg,https://fulmo-img-server.com/sacoche-sacolla/69f6f0d1ff2440b0b4c589d0438fa3e6.jepg,https://fulmo-img-server.com/sacoche-sacolla/a22f8589847849529ab6bff01326a9d1.jepg,https://fulmo-img-server.com/sacoche-sacolla/de1480568bd2433d9be0dc8926aa9a6c.jepg,https://fulmo-img-server.com/sacoche-sacolla/8db55f858ad94669a4b393dbdba3e646.jepg,https://fulmo-img-server.com/sacoche-sacolla/b03f7f3dc6854c3e90ab2ef779531301.jepg,https://fulmo-img-server.com/sacoche-sacolla/ab7d2cb0e0394cb5a7646266d907b885.jepg,https://fulmo-img-server.com/sacoche-sacolla/59a9c8122cc1400399e0a297234952fd.jepg","ブラック","169"
"191","シンプル軽量サコッシュ","高級レザーを使用した洗練サコッシュ。 柔らかな素材感と上質なデザインが魅力的な一品です。 日常使いに最適なサイズで、シンプルながら品格ある印象を与えます。 長さ調節可能なショルダーストラップ付きで、様々なスタイルに合わせやすい実用的なサコッシュです。","in stock","new","3580 JPY","https://www.sacoche-sacolla.jp/item/191","https://fulmo-img-server.com/sacoche-sacolla/ab86f145067a4936bbb8e1dc695400ed.jepg","sacoche sacolla","https://fulmo-img-server.com/sacoche-sacolla/9443bafc15fd489c8c3d26c8231c0e0c.jepg,https://fulmo-img-server.com/sacoche-sacolla/23f4b082ce4c4fa8a9fcc9e73df63d93.jepg,https://fulmo-img-server.com/sacoche-sacolla/2ff0aa1dec844b4b894e0b36e409db9b.jepg,https://fulmo-img-server.com/sacoche-sacolla/456c9993a7494c49b7ac638c10f8f76c.jepg,https://fulmo-img-server.com/sacoche-sacolla/80569e4125e94156922fb39fe71160f9.jepg,https://fulmo-img-server.com/sacoche-sacolla/f9937fb546ed4aa3b212e3d131ae5c21.jepg,https://fulmo-img-server.com/sacoche-sacolla/6690fb9fa62947168c51467389b1975c.jepg,https://fulmo-img-server.com/sacoche-sacolla/747caf22694d41cfa770a4e99c9be654.jepg,https://fulmo-img-server.com/sacoche-sacolla/c035dbc073c24c1790774ad03813928f.jepg","ブラック","169"
"192","サコッシュ シンプル斜め掛けポーチ","洗練された高品質レザーを使用したサコッシュ。 薄型コンパクトながら日常必需品をすっきり収納できる機能性。 調節可能なストラップで身体にフィットし、快適な装着感を実現。 カジュアルからビジネスシーンまで幅広く活躍する実用的なサコッシュです。","in stock","new","2800 JPY","https://www.sacoche-sacolla.jp/item/192","https://fulmo-img-server.com/sacoche-sacolla/e96d3b44e31447e287cbb5184da4bae5.jepg","sacoche sacolla","https://fulmo-img-server.com/sacoche-sacolla/724e3bf938624b49abab9b1a727a9b86.jepg,https://fulmo-img-server.com/sacoche-sacolla/e3cdaa02b48b4f848badee86a5c4d7c3.jepg,https://fulmo-img-server.com/sacoche-sacolla/defb3471eef142f39f77f6f2d57b3308.jepg,https://fulmo-img-server.com/sacoche-sacolla/5a0e8b159bd9405a93e21f0ff3fe4599.jepg,https://fulmo-img-server.com/sacoche-sacolla/68db2dbda7a849daa28815fe8f1165f0.jepg,https://fulmo-img-server.com/sacoche-sacolla/0641690642d8434a95cd00b88ce737ba.jepg,https://fulmo-img-server.com/sacoche-sacolla/cd8ca1bed2bf4c58b0ab37937dcb25b4.jepg,https://fulmo-img-server.com/sacoche-sacolla/6d8fb16e0a214b7b89ce2aa43cf2157b.jepg,https://fulmo-img-server.com/sacoche-sacolla/119bd02dc7c04eaeaa3b739cc58ba7e6.jepg","ホワイト / ブラック / オレンジ","169"
"193","サコッシュ 上質な風合いのネックポーチ","上質なレザー素材を使用した首掛けサコッシュ。 柔らかな質感と軽量性を兼ね備え、スマートフォンやイヤホンケースなどの小物収納に最適なサイズ感。 シンプルなデザインで日常使いからお出かけまで幅広いシーンで活躍する実用的なアイテム。","in stock","new","2160 JPY","https://www.sacoche-sacolla.jp/item/193","https://fulmo-img-server.com/sacoche-sacolla/946439e56b14432f86b674f15d896dbb.jepg","sacoche sacolla","https://fulmo-img-server.com/sacoche-sacolla/95e92eb6fb0740958d4d108dd10e19dc.jepg,https://fulmo-img-server.com/sacoche-sacolla/ea106481629549e59c16e7b11a206bf5.jepg,https://fulmo-img-server.com/sacoche-sacolla/f66fab5a23244a11a9be44d48808ef7f.jepg,https://fulmo-img-server.com/sacoche-sacolla/13452127d8d54ac8b931042f3bff07ff.jepg,https://fulmo-img-server.com/sacoche-sacolla/cb709b7bb61b4d9c82c577ca5dc93ad4.jepg","レッド / ブラック / グリーン / ブラウン","169"
"194","上質な革のサコッシュバッグ","シンプルでスタイリッシュな斜めがけサコッシュ。 上質なレザー素材を使用し、耐久性と高級感を兼ね備えています。 日常使いに最適なコンパクトサイズで、必要なものをすっきり収納。 丁寧なステッチが施された洗練されたデザインで、幅広い年齢層にマッチします。","in stock","new","9000 JPY","https://www.sacoche-sacolla.jp/item/194","https://fulmo-img-server.com/sacoche-sacolla/ca843a1a8dc44906b11812bbc6dc262b.jepg","sacoche sacolla","https://fulmo-img-server.com/sacoche-sacolla/c8c0a576e48c4138ad51c5bc5c0cd713.jepg,https://fulmo-img-server.com/sacoche-sacolla/080b8a7cbc3d455c8625683a4d5fe50f.jepg,https://fulmo-img-server.com/sacoche-sacolla/4fef1223edd04c6c96543a98560386f3.jepg,https://fulmo-img-server.com/sacoche-sacolla/b059624ba02d45078f9fbbf338fbf309.jepg,https://fulmo-img-server.com/sacoche-sacolla/5be5cad0a0a340e69388fd838cdb99ca.jepg,https://fulmo-img-server.com/sacoche-sacolla/620e1de619a946cf9bc41d3a8273e545.jepg,https://fulmo-img-server.com/sacoche-sacolla/43442aaa8dff44ed857f133a7db2677d.jepg,https://fulmo-img-server.com/sacoche-sacolla/d2ab70bb7c8a4bfe869a1a5b8fcc8d57.jepg,https://fulmo-img-server.com/sacoche-sacolla/b561f1e2585646bda6f7db12283d2d47.jepg","ブラウン","169"
"195","柔らか味わい深いサコッシュ","味わい深い革素材を使用した機能的なサコッシュ。 レザーの経年変化を楽しめる上質な質感が特徴です。 コンパクトながら二重ファスナー構造で収納力も抜群。 肩掛けスタイルで日常使いに最適な、レザーサコッシュです。","in stock","new","7360 JPY","https://www.sacoche-sacolla.jp/item/195","https://fulmo-img-server.com/sacoche-sacolla/6a331eac081b4fc880541ce4c753f9d6.jepg","sacoche sacolla","https://fulmo-img-server.com/sacoche-sacolla/76966813c87640fa85b9978a0cf9e2a0.jepg,https://fulmo-img-server.com/sacoche-sacolla/3b6cf53940824f46bbb4d757185adf75.jepg,https://fulmo-img-server.com/sacoche-sacolla/7eb66c4edc0a48cc964edb2ebf9091cb.jepg,https://fulmo-img-server.com/sacoche-sacolla/a3c0fdc8079d4699b4f6d9e3ffa4f2b9.jepg,https://fulmo-img-server.com/sacoche-sacolla/355bd1dee0174ceea36769e762c4d38d.jepg,https://fulmo-img-server.com/sacoche-sacolla/c663fe5e036d4b25973802d41cc7bc57.jepg,https://fulmo-img-server.com/sacoche-sacolla/5cc518ace641488280acb254b330998b.jepg,https://fulmo-img-server.com/sacoche-sacolla/b35a11a6554d42848917972b69420576.jepg,https://fulmo-img-server.com/sacoche-sacolla/6f951ca145fd4402a0a744564318e3e3.jepg","ブラウン / ブラック / イエロー","169"
"196","本革サコッシュ 職人技光る逸品","上質な本革を使用した小ぶりなサコッシュ。 レザーの風合いを生かした丁寧な縫製と美しい仕上げが特徴です。 ヘリンボーン柄のジャケットに映える洗練されたデザインで、真鍮金具がアクセントに。 日常使いから特別な日まで幅広く活躍する逸品です。","in stock","new","11140 JPY","https://www.sacoche-sacolla.jp/item/196","https://fulmo-img-server.com/sacoche-sacolla/3a8b2eec69a4465f88c0b479ae10ad7a.jepg","sacoche sacolla","https://fulmo-img-server.com/sacoche-sacolla/1ffe89f5a04944a9a1c36a1f888f020e.jepg,https://fulmo-img-server.com/sacoche-sacolla/24a01fdedb91443cb0dffd062162dcef.jepg,https://fulmo-img-server.com/sacoche-sacolla/488f37a3164f4250b90964cb2fd96208.jepg,https://fulmo-img-server.com/sacoche-sacolla/34f3f1fce6f9488abf0bdb8bd2d7acb9.jepg,https://fulmo-img-server.com/sacoche-sacolla/2956e0ea6bdd42cd88e342560504befe.jepg,https://fulmo-img-server.com/sacoche-sacolla/7eedda6ff5454dd19fd64250e7a1364b.jepg,https://fulmo-img-server.com/sacoche-sacolla/7cca7074bc1d4b3799ba9377e5674952.jepg,https://fulmo-img-server.com/sacoche-sacolla/38c15ecd41f54f1ebac70c5a16326678.jepg,https://fulmo-img-server.com/sacoche-sacolla/e3ee4a4204574501a2926c90bfedb2fa.jepg","ブラック / ブラウン","169"
"197","サコッシュ 上質素材のミニショルダー","洗練されたデザインと機能性を兼ね備えた本格レザーサコッシュ。 薄型ながら収納力に優れ、ショルダーストラップの長さ調整も可能。 上質な素材感と職人技が生み出す耐久性で、日常使いから特別な日まで幅広く活躍する大人の品格漂う逸品。 肩掛けでも斜め掛けでも快適な使用感を実現したレザーサコッシュです。","in stock","new","4680 JPY","https://www.sacoche-sacolla.jp/item/197","https://fulmo-img-server.com/sacoche-sacolla/8adb0048a35146c0a62b10ae30e85300.jepg","sacoche sacolla","https://fulmo-img-server.com/sacoche-sacolla/845daba235dc42458b74a37b99b9bdcc.jepg,https://fulmo-img-server.com/sacoche-sacolla/76481ecb4bf147b189639b1edff761b5.jepg,https://fulmo-img-server.com/sacoche-sacolla/cf9eab2a3a3c474e927dc6900bfd44ec.jepg,https://fulmo-img-server.com/sacoche-sacolla/53952e74e9d743e286f3bf7603ee8af9.jepg,https://fulmo-img-server.com/sacoche-sacolla/695bca50df28402c9b43a9f8daaed77e.jepg","ブラウン / ブラック","169"
"198","サコッシュ 柔らか革のショルダーポーチ","上質なレザーを使用した小ぶりなサコッシュ。 シンプルで洗練されたデザインが日常使いに最適。 ジッパー開閉式で中身をしっかり保護し、長さ調節可能なストラップ付き。 滑らかな質感と優れた耐久性を兼ね備え、カジュアルからフォーマルまで幅広いシーンで活躍する実用的な一品。","in stock","new","15720 JPY","https://www.sacoche-sacolla.jp/item/198","https://fulmo-img-server.com/sacoche-sacolla/411d008ed96046c881953436ea426f62.jepg","sacoche sacolla","https://fulmo-img-server.com/sacoche-sacolla/08a881adb8cd48bbbe15eeb58dbc1416.jepg,https://fulmo-img-server.com/sacoche-sacolla/2c40a8f6b4a34be08d202d119cf86703.jepg,https://fulmo-img-server.com/sacoche-sacolla/09f4983720464ecea07577df40c9cf6e.jepg,https://fulmo-img-server.com/sacoche-sacolla/349c6636714f4819aeae7374ad6047a8.jepg,https://fulmo-img-server.com/sacoche-sacolla/935c5d03c02a44428295247a44040bf1.jepg,https://fulmo-img-server.com/sacoche-sacolla/d1a6519380154dc287be0b78c4cdca3e.jepg,https://fulmo-img-server.com/sacoche-sacolla/6e7a761601f040298b3414fed5c26d4e.jepg,https://fulmo-img-server.com/sacoche-sacolla/cdca3137eef54f9986afb20d24e9e64f.jepg,https://fulmo-img-server.com/sacoche-sacolla/afb9c3a78e994ad4b72b1fe4af202ec1.jepg","グリーン","169"
"199","イタリア職人の匠サコッシュ","上質なレザーを使用した職人技光るサコッシュ。 イタリアの熟練職人による丁寧な縫製と美しい仕上げが魅力。 コンパクトなサイズながら実用的な収納力を備え、肩掛けスタイルで両手を自由に。 日常使いからちょっとしたお出かけまで、あらゆるシーンで活躍する逸品です。","in stock","new","22120 JPY","https://www.sacoche-sacolla.jp/item/199","https://fulmo-img-server.com/sacoche-sacolla/2f6e41715dea47f49d420aabf0030643.jepg","sacoche sacolla","https://fulmo-img-server.com/sacoche-sacolla/8d566120e06f401fae608914af99c5b8.jepg,https://fulmo-img-server.com/sacoche-sacolla/3770416753674dcbb100e20c411b50d9.jepg,https://fulmo-img-server.com/sacoche-sacolla/826fd3b0af1146239d66af8c7c18103f.jepg,https://fulmo-img-server.com/sacoche-sacolla/e12b9c74368141aaac0793745d2d037a.jepg,https://fulmo-img-server.com/sacoche-sacolla/91560b25d6d046da8281c9d624deafc9.jepg,https://fulmo-img-server.com/sacoche-sacolla/0b69c21ac1cf44c2b166ca7b9f070653.jepg,https://fulmo-img-server.com/sacoche-sacolla/440bdcbc54464fba9550368fd455540b.jepg,https://fulmo-img-server.com/sacoche-sacolla/9f22f7f08a514d13a29b8398f892883b.jepg,https://fulmo-img-server.com/sacoche-sacolla/12b723f304e24aeea3bb973d38738cb5.jepg","ブルー / ブラック / ブラウン / イエロー","169"
"200","贅沢スリムサコッシュ","上質なレザーを使用した洗練されたデザインのサコッシュ。 体に沿うスリムなフォルムが特徴で、斜めがけスタイルが快適な着用感を提供します。 金色の引き手がアクセントとなり、カジュアルからビジネスまで幅広く活躍する実用性と洗練さを兼ね備えた逸品です。","in stock","new","3580 JPY","https://www.sacoche-sacolla.jp/item/200","https://fulmo-img-server.com/sacoche-sacolla/ae68c2ff552644d981b26bc5cbaf6e55.jepg","sacoche sacolla","https://fulmo-img-server.com/sacoche-sacolla/f9bf94aea4c144f29e088ce4c7ac630c.jepg,https://fulmo-img-server.com/sacoche-sacolla/5c505cc2e9654e8580241182bdcec07f.jepg,https://fulmo-img-server.com/sacoche-sacolla/ca67e626cd064adaa35b4f9145569e86.jepg,https://fulmo-img-server.com/sacoche-sacolla/cdeb0b8e57b041edaebc498ef0c31066.jepg,https://fulmo-img-server.com/sacoche-sacolla/f9addb5dd13c4520a86a92997e0ca2fc.jepg,https://fulmo-img-server.com/sacoche-sacolla/0bdf03751bd843c8a4f09a212c998929.jepg,https://fulmo-img-server.com/sacoche-sacolla/9487d83d2f8a42d9a358892fd97b27cd.jepg,https://fulmo-img-server.com/sacoche-sacolla/476d7be1c5ff4f80acf3511d70e357d3.jepg,https://fulmo-img-server.com/sacoche-sacolla/7f744bdccac44fb0b973d6b7b021f6de.jepg","ブラック","169"
"201","洗練シンプルレザーサコッシュ","上質なレザーを使用したスマートなサコッシュは、柔らかな質感が魅力。スリムなデザインながら、日常の必需品をしっかり収納可能。ビジネスシーンからカジュアルな外出まで、幅広いスタイルにマッチする上品なルックスを持ち、実用性も兼ね備えた一品。どんなシーンでも活躍する、洗練されたアイテムです。","in stock","new","5140 JPY","https://www.sacoche-sacolla.jp/item/201","https://fulmo-img-server.com/sacoche-sacolla/93d3a20fc16a47fc8b4855e8b27158cd.jepg","sacoche sacolla","https://fulmo-img-server.com/sacoche-sacolla/cb9c04a517c7469fb63fc2a81c5ce829.jepg,https://fulmo-img-server.com/sacoche-sacolla/b7224915f46d42e6a2e079ccdce25635.jepg,https://fulmo-img-server.com/sacoche-sacolla/ba9905d94c184dd3b352c8613e7d67f9.jepg,https://fulmo-img-server.com/sacoche-sacolla/19fa668cb48e477db937ee8d4932af4a.jepg,https://fulmo-img-server.com/sacoche-sacolla/a0268488b30d4376ae3f7dec7b35d19b.jepg,https://fulmo-img-server.com/sacoche-sacolla/7ba5456ac6ca484f8820bbbfc9fcd226.jepg,https://fulmo-img-server.com/sacoche-sacolla/c5357be40e174b2a8c7ce370f96fd014.jepg,https://fulmo-img-server.com/sacoche-sacolla/8493367ee2da4013b748b139db23be4c.jepg,https://fulmo-img-server.com/sacoche-sacolla/e93e631cb74f4c26a64693276a078caf.jepg","ブラック","169"
"202","シンプル上質サコッシュ","上質なレザー素材を使用した洗練されたサコッシュ。 なめらかな手触りと高級感ある佇まいが魅力的です。 長めの肩掛けストラップと大きめのメイン収納で日常使いに最適。 金具の装飾とタッセルが上品さを引き立て、どんな装いにも合わせやすいデザインです。","in stock","new","2800 JPY","https://www.sacoche-sacolla.jp/item/202","https://fulmo-img-server.com/sacoche-sacolla/7df3fbd95f2247678d64e78bb225d396.jepg","sacoche sacolla","https://fulmo-img-server.com/sacoche-sacolla/6d49017aa4d44d939404f690d95b5646.jepg,https://fulmo-img-server.com/sacoche-sacolla/fb8e469915204149804d2e259fc5c141.jepg,https://fulmo-img-server.com/sacoche-sacolla/c18f7bbf56254595a5ad7a400805dc46.jepg,https://fulmo-img-server.com/sacoche-sacolla/7de27b4436404fd6808ebecedd9fba20.jepg,https://fulmo-img-server.com/sacoche-sacolla/bd7d861ca29841b994ce68816d861cb4.jepg,https://fulmo-img-server.com/sacoche-sacolla/8302fae0c4864ca488226ae562686eaf.jepg,https://fulmo-img-server.com/sacoche-sacolla/9f909127a2884557bb43c7ef8ec545ac.jepg,https://fulmo-img-server.com/sacoche-sacolla/b22df3a10d0540d690f3587c9eb4820c.jepg,https://fulmo-img-server.com/sacoche-sacolla/8cca699177ea4112897df30ba528ca31.jepg","ブラック","169"
"203","しなやかレザーサコッシュ","上質な本革を使用したサコッシュは、柔らかな質感と優れた光沢が魅力。日常使いからお出かけシーンまで、幅広い用途に対応。調節可能なストラップにより、斜め掛けや肩掛けが可能で、使い勝手も抜群。シンプルなデザインが多様なスタイルにマッチし、洗練された印象を与える実用的なアイテム。","in stock","new","4000 JPY","https://www.sacoche-sacolla.jp/item/203","https://fulmo-img-server.com/sacoche-sacolla/181cdee99214471bbc20336451fba6cb.jepg","sacoche sacolla","https://fulmo-img-server.com/sacoche-sacolla/2ca96e72589e4426a3e757cb272ebb14.jepg,https://fulmo-img-server.com/sacoche-sacolla/82ffb5c66ba546dcbf14faaade3bb1ae.jepg,https://fulmo-img-server.com/sacoche-sacolla/54be5c7be3814b58928b3a69e4e70910.jepg,https://fulmo-img-server.com/sacoche-sacolla/6010ef61f7834728a69535f2178d0a22.jepg,https://fulmo-img-server.com/sacoche-sacolla/c8729fd5d2d04fa8b91daf326800f6fa.jepg,https://fulmo-img-server.com/sacoche-sacolla/88c8a42a22884aa3b70943d8f6a88488.jepg","ブラック / ブラウン","169"
"204","柔らかな風合い サコッシュ","厳選された上質な山羊革を使用した贅沢なレザーサコッシュ。 しっとりとした質感と優れた耐久性を兼ね備え、使い込むほどに風合いが増す逸品。 シンプルなデザインで日常のあらゆる場面に馴染み、長くお使いいただけます。 調節可能なショルダーストラップ付きで、快適な斜め掛けスタイルも楽しめるサコッシュです。","in stock","new","8460 JPY","https://www.sacoche-sacolla.jp/item/204","https://fulmo-img-server.com/sacoche-sacolla/14ca5a9c5afa46e7a6affd5d3f48d4a4.jepg","sacoche sacolla","https://fulmo-img-server.com/sacoche-sacolla/662e06288a2e4ed49dcd390ced55d120.jepg,https://fulmo-img-server.com/sacoche-sacolla/6c85bb11205045429911737798c4bc23.jepg,https://fulmo-img-server.com/sacoche-sacolla/5907b87f1cbe40608623c0fd0d46736f.jepg,https://fulmo-img-server.com/sacoche-sacolla/567fd2d9b7c44cbabf9581e9fc23c5a2.jepg,https://fulmo-img-server.com/sacoche-sacolla/80781ef67ca646bea46ad51987d3839b.jepg,https://fulmo-img-server.com/sacoche-sacolla/f0196589d6aa4ed9b47f4dc4666d43ad.jepg,https://fulmo-img-server.com/sacoche-sacolla/34aa9066ad02425bb9bdade624c2955f.jepg,https://fulmo-img-server.com/sacoche-sacolla/fd99ba6fbe594a2e952acbf92473de37.jepg,https://fulmo-img-server.com/sacoche-sacolla/eb8302f23de14d5584335cbda11643f6.jepg","ダークブルー / グリーン","169"
"205","サコッシュ 環境に優しい紙風バッグ","洗練されたデザインが魅力のキャンバス製サコッシュ。丈夫な帆布素材を使用し、日常の様々なシーンに対応。折り畳み式の上部と持ち手の紐が機能性を高め、軽量で持ち運びも楽々。環境に配慮した選択肢としても人気を集める一品。シンプルさと実用性を兼ね備えたサコッシュで、スタイリッシュな毎日を楽しもう。","in stock","new","4260 JPY","https://www.sacoche-sacolla.jp/item/205","https://fulmo-img-server.com/sacoche-sacolla/541c81aa0ddf4615b68747522db774be.jepg","sacoche sacolla","https://fulmo-img-server.com/sacoche-sacolla/85e403d687fd4d66965762a9e341d091.jepg,https://fulmo-img-server.com/sacoche-sacolla/10100f0bc9ec4b068245d4682887b4a7.jepg,https://fulmo-img-server.com/sacoche-sacolla/92c57ba33af546f6b9ee67ec5d3b93c3.jepg,https://fulmo-img-server.com/sacoche-sacolla/2e8d6b35557c47b498fffa92a6c129fe.jepg,https://fulmo-img-server.com/sacoche-sacolla/8d70768b84bf4518b38baddef594e4a3.jepg,https://fulmo-img-server.com/sacoche-sacolla/e9381ecbfd564c3980a0aefdca10f007.jepg,https://fulmo-img-server.com/sacoche-sacolla/9623051e36104fc1a7d44c12e5dc101a.jepg","ブラック / ブラウン / グリーン","169"
"206","サコッシュ 上質な柔らかさのホーボーバッグ","シンプルで洗練されたデザインのレザーサコッシュ。 柔らかな上質レザーを使用し、美しいシルエットと大容量設計を兼ね備えています。 タッセル付きで品のある遊び心を表現。 日常使いからお出かけまで幅広く活躍する実用的な一品です。","in stock","new","17440 JPY","https://www.sacoche-sacolla.jp/item/206","https://fulmo-img-server.com/sacoche-sacolla/22de271f842d432693b909bde9cd3bc5.jepg","sacoche sacolla","https://fulmo-img-server.com/sacoche-sacolla/e9f958955a0d40d19ce0c0ab936c4c01.jepg,https://fulmo-img-server.com/sacoche-sacolla/68b5e94ecb174d728cab68a1a475e77f.jepg,https://fulmo-img-server.com/sacoche-sacolla/e870f83dee784cefb84c2288d1f22f1d.jepg,https://fulmo-img-server.com/sacoche-sacolla/5c6cb5b242f54b6cb198259db1752bd0.jepg,https://fulmo-img-server.com/sacoche-sacolla/b427cc5d827c4563a47a725a4b6bdd9f.jepg,https://fulmo-img-server.com/sacoche-sacolla/ef5a435f854a4e34beee21a3d38040fa.jepg,https://fulmo-img-server.com/sacoche-sacolla/09468fd2b6dd4045996c88e43a44ef53.jepg,https://fulmo-img-server.com/sacoche-sacolla/e0e837ddbb02458a92a8e93cbaa7ca6d.jepg,https://fulmo-img-server.com/sacoche-sacolla/782c94d4fa924b5d823bcd2fc58a0888.jepg","ホワイト / ライトブルー / カーキ / グリーン / ピンク","169"
"207","サコッシュ コンパクトスリムショルダーポーチ","軽量で丈夫なナイロン素材を使用した多機能サコッシュ。 スマートフォンや財布などの必需品をコンパクトに収納可能。 調節可能なストラップ付きで斜めがけスタイルも楽しめる実用的なアイテム。 日常使いからアウトドアまで幅広いシーンで活躍する便利なナイロンポーチです。","in stock","new","3160 JPY","https://www.sacoche-sacolla.jp/item/207","https://fulmo-img-server.com/sacoche-sacolla/40eb6b946bee4def913d504bfaf504ce.jepg","sacoche sacolla","https://fulmo-img-server.com/sacoche-sacolla/d94231ba306047a4ad4d55d9c5534660.jepg,https://fulmo-img-server.com/sacoche-sacolla/4bdaf4f15fa0402ea91e1676cf367b88.jepg,https://fulmo-img-server.com/sacoche-sacolla/716691d06fa048929ac8f6e1fbb667b0.jepg,https://fulmo-img-server.com/sacoche-sacolla/bd8d6b12e0e041448c5d836a6836c704.jepg,https://fulmo-img-server.com/sacoche-sacolla/9f6b070a851c4e1582ca1e8014a7277c.jepg,https://fulmo-img-server.com/sacoche-sacolla/f3aeb3db87a145cc9d40928dd4731d27.jepg,https://fulmo-img-server.com/sacoche-sacolla/3b833476b67642df8a908cc9343dec8b.jepg,https://fulmo-img-server.com/sacoche-sacolla/82eaf64f7e9744d58646decd0eee86c3.jepg,https://fulmo-img-server.com/sacoche-sacolla/59fc1be7a96d4ad4a7b70749bbddf780.jepg","ブラック / グレー / グリーン / ブルー / ピンク / パープル / オレンジ","169"
"208","未来型サコッシュバッグ","機能性と洗練されたデザインを兼ね備えたナイロン製サコッシュ。軽量で耐久性の高い素材を採用し、日常使いに最適。調節可能なショルダーストラップと豊富なポケットで収納力も充実。スタイリッシュな街歩きやアウトドアシーンで活躍する、必携のアイテムです。シンプルながらも個性を引き立てるデザインが魅力。","in stock","new","3120 JPY","https://www.sacoche-sacolla.jp/item/208","https://fulmo-img-server.com/sacoche-sacolla/b931e799ea5e4047bfadb7b294f61910.jepg","sacoche sacolla","https://fulmo-img-server.com/sacoche-sacolla/d6cfb6ae182340e3a02dedec04d6968c.jepg,https://fulmo-img-server.com/sacoche-sacolla/5daa712d7284455ba69adae5d0752445.jepg,https://fulmo-img-server.com/sacoche-sacolla/1bb6abb9a0554d11a75b2973dce7a234.jepg,https://fulmo-img-server.com/sacoche-sacolla/609f58e57249469883430accbdc8088c.jepg,https://fulmo-img-server.com/sacoche-sacolla/5bc9ee73aa344276b09c73d2485416ae.jepg,https://fulmo-img-server.com/sacoche-sacolla/d97ddbdef1bc4733b550666cca06917a.jepg,https://fulmo-img-server.com/sacoche-sacolla/5c540596d0ab4079a2d3f91fbb13a43f.jepg,https://fulmo-img-server.com/sacoche-sacolla/ac2aaf72631c401ba6077fe2c97f3084.jepg,https://fulmo-img-server.com/sacoche-sacolla/9696d5b192254a5bb63881017a28202c.jepg","ブラック / グレー / グリーン / ブルー / ピンク / パープル / オレンジ","169"
"209","サコッシュ デニムクロスボディバッグ","軽量で実用的なデニム素材のサコッシュ。 カジュアルなスタイルに合わせやすく、日常使いに最適なレザーサコッシュ仕様。 内ポケット付きで小物の整理も簡単に。 肩掛けと斜め掛けの2通りの使い方ができ、シンプルなデザインで様々な服装に馴染みます。","in stock","new","3160 JPY","https://www.sacoche-sacolla.jp/item/209","https://fulmo-img-server.com/sacoche-sacolla/975f2d9dae314ef98a68a3f3e45156cf.jepg","sacoche sacolla","https://fulmo-img-server.com/sacoche-sacolla/9651e1f8887d47ebb84a2452918a0d4c.jepg,https://fulmo-img-server.com/sacoche-sacolla/1fbe3b0ec421416f9bfbf062839a9ff1.jepg,https://fulmo-img-server.com/sacoche-sacolla/8737fc6c17fa4a1094a9f7b6a1ccbf95.jepg,https://fulmo-img-server.com/sacoche-sacolla/b78de48b8de94f2a85fe7b06998bdba3.jepg,https://fulmo-img-server.com/sacoche-sacolla/fcb1d910f1f04391a0a1cc9213ea2375.jepg,https://fulmo-img-server.com/sacoche-sacolla/9c0557eff4e24b0e9e94a429bb123bb3.jepg,https://fulmo-img-server.com/sacoche-sacolla/a6933d967b834550a5c360d2022f9559.jepg,https://fulmo-img-server.com/sacoche-sacolla/d5b29be88400463e99cbc5727e07fb69.jepg,https://fulmo-img-server.com/sacoche-sacolla/6dfb7d689a2d4e9ea026418aaae73063.jepg","ダークブルー / ライトブルー","169"
"210","サコッシュ スタイリッシュ肩掛けミニバッグ","シンプルでモダンなデザインのレザーサコッシュ。 日常使いに最適な大きさと機能性を兼ね備え、肩掛けスタイルで快適な装着感を提供します。 上質なレザー素材と洗練されたフォルムが都会的でスマートな印象を演出。 カジュアルからセミフォーマルまで幅広いシーンで活躍する、実用的なサコッシュです。","in stock","new","6160 JPY","https://www.sacoche-sacolla.jp/item/210","https://fulmo-img-server.com/sacoche-sacolla/654ddb631ee84313a30c2d059a59f673.jepg","sacoche sacolla","https://fulmo-img-server.com/sacoche-sacolla/d710a9c68d5b4a54b144ce813ac69351.jepg,https://fulmo-img-server.com/sacoche-sacolla/2bdfe259717a4ca6813040115bf658c6.jepg,https://fulmo-img-server.com/sacoche-sacolla/e9ca1b9bf5be482987cbc11f4b87e235.jepg,https://fulmo-img-server.com/sacoche-sacolla/33a7fa7f2d3a44dbab8f9492f18b9eb0.jepg,https://fulmo-img-server.com/sacoche-sacolla/4ff71c904078409aa9a6a31ca2e540cf.jepg,https://fulmo-img-server.com/sacoche-sacolla/068b0854e1e346529ce38c81b3601789.jepg,https://fulmo-img-server.com/sacoche-sacolla/1f865aaf221546aa89835fecd14f2aa4.jepg","ブラック","169"
"211","サコッシュ 上質なシンプルショルダーバッグ","洗練されたデザインと機能性を兼ね備えた高級レザーサコッシュ。 上質な素材を使用し、薄型でありながら収納力抜群。 日常使いからビジネスシーンまで幅広く活躍する実用的なサコッシュです。 調節可能な長さのストラップで、斜め掛けや肩掛けなど快適な持ち運びが可能。","in stock","new","4420 JPY","https://www.sacoche-sacolla.jp/item/211","https://fulmo-img-server.com/sacoche-sacolla/29dd87b63e044eca9c819ab8d6cd6921.jepg","sacoche sacolla","https://fulmo-img-server.com/sacoche-sacolla/51d61cb3199d412192724c06b90ba4af.jepg,https://fulmo-img-server.com/sacoche-sacolla/65158062010e4fd8aa2f9210eb866b2c.jepg,https://fulmo-img-server.com/sacoche-sacolla/d86064f83d3841dfb3574fb1b076dd92.jepg,https://fulmo-img-server.com/sacoche-sacolla/8fcafdaff2ec4cb3bb8c5fdc5f6fbdcd.jepg,https://fulmo-img-server.com/sacoche-sacolla/afe2d871a57a482c90ba86cf6df99e28.jepg,https://fulmo-img-server.com/sacoche-sacolla/e30b7ffa1e5b479ca78266f15146b4ec.jepg,https://fulmo-img-server.com/sacoche-sacolla/6a1cb479e8ef4ab086fe30b32580f692.jepg,https://fulmo-img-server.com/sacoche-sacolla/6c0abf3a950e4f4097818af05be35e46.jepg,https://fulmo-img-server.com/sacoche-sacolla/b200aba5b3f742e59c283b7b28b030b4.jepg","ブラック / ブラウン","169"
"212","上品シンプルなミニサコッシュ","上質なレザー素材を使用した洗練されたサコッシュ。 スマートフォンや必要な小物がぴったり収まるコンパクトなサイズ感。 しなやかな質感と細身のストラップが高級感を演出し、長さ調節も可能。 カジュアルからフォーマルまで幅広いシーンで活躍する実用的なサコッシュです。","in stock","new","3460 JPY","https://www.sacoche-sacolla.jp/item/212","https://fulmo-img-server.com/sacoche-sacolla/0cf67bd9d8944a2d8947fd167afedcc8.jepg","sacoche sacolla","https://fulmo-img-server.com/sacoche-sacolla/ece6e2b80616463088bdf053ad3c9c6b.jepg,https://fulmo-img-server.com/sacoche-sacolla/9e5cf43fe28448328e3bf9007f3413e4.jepg,https://fulmo-img-server.com/sacoche-sacolla/375ef44c12af49e3adc951a4fb7716bb.jepg,https://fulmo-img-server.com/sacoche-sacolla/eb5b9ef9e44e4f26a5acd68876c5fd87.jepg,https://fulmo-img-server.com/sacoche-sacolla/2724a2946b7449aa847c276b16aebd16.jepg,https://fulmo-img-server.com/sacoche-sacolla/cf6ba7f163d946619552d38bd0f2dcfb.jepg,https://fulmo-img-server.com/sacoche-sacolla/a6153be781874e4486df62fd501674e2.jepg,https://fulmo-img-server.com/sacoche-sacolla/6acd62923c964711acff58fc9ed0be13.jepg,https://fulmo-img-server.com/sacoche-sacolla/eb61c28e7dea436c98978341d42338f2.jepg","ブラック / イエロー / ホワイト / グリーン / ブラウン","169"
"213","シンプル細身サコッシュバッグ","上質なレザーを使用した洗練されたサコッシュ。柔らかな本革の質感が高級感を演出します。 長さ調節可能なショルダーストラップで斜め掛けスタイルも自在。 日常使いに最適な軽量コンパクトサイズながら、必要な小物をスマートに収納できる実用的なデザイン。 レザーサコッシュならではの経年変化も楽しめる逸品です。","in stock","new","3120 JPY","https://www.sacoche-sacolla.jp/item/213","https://fulmo-img-server.com/sacoche-sacolla/7de6fd454ede452999642884c328758e.jepg","sacoche sacolla","https://fulmo-img-server.com/sacoche-sacolla/03e1bc05a9d54b0ca3ebda97d1280dd8.jepg,https://fulmo-img-server.com/sacoche-sacolla/66aeb644751941f2b918c684103b173c.jepg,https://fulmo-img-server.com/sacoche-sacolla/83ac8408ee5d4524b908b10e4ba3a9d5.jepg,https://fulmo-img-server.com/sacoche-sacolla/9763d5fe0d584bdc9cd265cbcaf7dd18.jepg,https://fulmo-img-server.com/sacoche-sacolla/5394facf56a5409dab62bbe46b407ccb.jepg,https://fulmo-img-server.com/sacoche-sacolla/4ea8ddcfc7db4f8397910e0340b36461.jepg,https://fulmo-img-server.com/sacoche-sacolla/3f686f4cb7e04801962c92f2fb8beb11.jepg,https://fulmo-img-server.com/sacoche-sacolla/fc08a991b480412dbb60aea484107942.jepg,https://fulmo-img-server.com/sacoche-sacolla/fabbddf3b01c497fb498ab1c8b558353.jepg","ブラック / グリーン / ピンク / ブラウン / アプリコット","169"
"214","メッシュ編み込みレザーサコッシュ","上質な革を丁寧に編み込んだ、洗練されたデザインのレザーサコッシュ。","out of stock","new","3580 JPY","https://www.sacoche-sacolla.jp/item/214","https://fulmo-img-server.com/sacoche-sacolla/8282e757309a4fecb84edf61658a64c6.jepg","sacoche sacolla","https://fulmo-img-server.com/sacoche-sacolla/f3e2d7723a4043debe6b5ec86df66d2b.jepg,https://fulmo-img-server.com/sacoche-sacolla/e6dcdc90cc854351bb8dba35d1f763bf.jepg,https://fulmo-img-server.com/sacoche-sacolla/958b5ddcd54d48739a04b136470f8fcb.jepg,https://fulmo-img-server.com/sacoche-sacolla/8d463602beb44d59961893620cbed490.jepg,https://fulmo-img-server.com/sacoche-sacolla/2f2dd04f716b4cc58a2e955652d9b2f2.jepg,https://fulmo-img-server.com/sacoche-sacolla/79eb59ddeace46cd8745e8a6ed28af99.jepg,https://fulmo-img-server.com/sacoche-sacolla/9cd0a898682a4c8fa6639cc7a582656b.jepg,https://fulmo-img-server.com/sacoche-sacolla/33a0a0d94a644ea2bbe1abed8559dd0a.jepg,https://fulmo-img-server.com/sacoche-sacolla/e3c4a86bd94f45cc9eb615aa63a33bf9.jepg","パープル / レッド / ブラック / ホワイト / グリーン / ピンク / グレー / ゴールド / カーキ / シルバー","169"
"215","シンプル上質レザーサコッシュ","柔らかなレザー素材を使用したコンパクトなサコッシュ。","out of stock","new","5940 JPY","https://www.sacoche-sacolla.jp/item/215","https://fulmo-img-server.com/sacoche-sacolla/c0ed16a05f224a9ab39b369d594399f9.jepg","sacoche sacolla","https://fulmo-img-server.com/sacoche-sacolla/318674c0505f4070899aaabd93748460.jepg,https://fulmo-img-server.com/sacoche-sacolla/d808777cb5cb485280d6b3d30d2ec473.jepg,https://fulmo-img-server.com/sacoche-sacolla/6413be08fd8c47e583deeb8ebdade846.jepg,https://fulmo-img-server.com/sacoche-sacolla/1a8a71cbd0c840d2a8059dd0259e39de.jepg","ブラック","169"
"216","上質な職人仕上げ本革サコッシュ","丁寧に仕上げられたレザーサコッシュは、上品な雰囲気と実用性を兼ね備えています。","out of stock","new","39660 JPY","https://www.sacoche-sacolla.jp/item/216","https://fulmo-img-server.com/sacoche-sacolla/bdffb9bfe7444ad8823e8add0fe6aae3.jepg","sacoche sacolla","https://fulmo-img-server.com/sacoche-sacolla/dff1ad5584f34632bf625fa6dc0e1a4c.jepg,https://fulmo-img-server.com/sacoche-sacolla/6a22088cd50d4188ac8bfa46e61993a3.jepg,https://fulmo-img-server.com/sacoche-sacolla/e8c614c0cba34cd5a0025c45dbf78a81.jepg,https://fulmo-img-server.com/sacoche-sacolla/19ee8b1d87674bf0be8f94d4bf4d6230.jepg,https://fulmo-img-server.com/sacoche-sacolla/f3f41662225f4f489fc9b231c366be6a.jepg,https://fulmo-img-server.com/sacoche-sacolla/4540fd6c66674d989872951c8c9d28dd.jepg,https://fulmo-img-server.com/sacoche-sacolla/599c3334fc7e4b67bed744bf9bd04c7c.jepg,https://fulmo-img-server.com/sacoche-sacolla/5759f9753e6441408a365c95133164c4.jepg,https://fulmo-img-server.com/sacoche-sacolla/1ab73ecd61c7479ea1c9cd4576fca7a0.jepg","ブラック / グレー / ブラウン","169"
"217","サコッシュ シンプル本革ウエストポーチ","上質な本革を使用したサコッシュは、カジュアルからフォーマルまで幅広いシーンで活躍。","out of stock","new","9840 JPY","https://www.sacoche-sacolla.jp/item/217","https://fulmo-img-server.com/sacoche-sacolla/f758bb2fdcda4bdfa0a611374c620c81.jepg","sacoche sacolla","https://fulmo-img-server.com/sacoche-sacolla/1022b173986f48e2914b10f20957e859.jepg,https://fulmo-img-server.com/sacoche-sacolla/0e7bd1c59c69461faea639c42e061a96.jepg,https://fulmo-img-server.com/sacoche-sacolla/f3e389affe7e435a9fbdfd83ea2fdfb4.jepg,https://fulmo-img-server.com/sacoche-sacolla/48286d3736034540a4938713f72efef5.jepg,https://fulmo-img-server.com/sacoche-sacolla/34218571630a4adc8001132766630728.jepg,https://fulmo-img-server.com/sacoche-sacolla/517c8de5352247749c5f08e61871e209.jepg,https://fulmo-img-server.com/sacoche-sacolla/d08e73358ded4678873189831aa8fd03.jepg,https://fulmo-img-server.com/sacoche-sacolla/e364a0d7b4bc4f969cc523f7160bb07b.jepg,https://fulmo-img-server.com/sacoche-sacolla/45d0de53bb134943a56b10efc0afc27e.jepg","ブラウン / ブラック / グリーン","169"
"218","シンプル レザーサコッシュ","上質なレザーを使用したスタイリッシュなサコッシュ。 大容量の収納力と複数のポケットで使い勝手抜群。 シンプルなデザインで普段使いからお出かけまで幅広く活躍。","out of stock","new","3160 JPY","https://www.sacoche-sacolla.jp/item/218","https://fulmo-img-server.com/sacoche-sacolla/f2d3aebb21c2483ea8e94ba7123b8f4d.jepg","sacoche sacolla","https://fulmo-img-server.com/sacoche-sacolla/6f97d55726014525a55a08b953634375.jepg,https://fulmo-img-server.com/sacoche-sacolla/0c66e80ec9ef41028abf6f09b243d0a8.jepg,https://fulmo-img-server.com/sacoche-sacolla/dbb0ba849f1c4353a7e3836dad2f0617.jepg,https://fulmo-img-server.com/sacoche-sacolla/bb79dcb5fc204ee0b451e6f31d41ed00.jepg,https://fulmo-img-server.com/sacoche-sacolla/b07eef3ff0ea48c9a2901160a9025ffc.jepg,https://fulmo-img-server.com/sacoche-sacolla/c644a36ed56d4d7f87cbf01c4c1664c2.jepg,https://fulmo-img-server.com/sacoche-sacolla/159d55327f844631949b1f349eadb646.jepg,https://fulmo-img-server.com/sacoche-sacolla/bdd71cab166441fc8d700a027925ffcb.jepg,https://fulmo-img-server.com/sacoche-sacolla/94c032edbc8845029df91c16b18eff2a.jepg","ブラック","169"
"219","シンプルカジュアルサコッシュ","ナイロン素材を使用したスタイリッシュなサコッシュ。 大容量なのに軽量で、普段使いに最適な使い勝手の良さ。 フロントポケット付きでスマートに収納できる実用的なデザイン。","out of stock","new","3220 JPY","https://www.sacoche-sacolla.jp/item/219","https://fulmo-img-server.com/sacoche-sacolla/2056428628a14e60aca523d03769dd4d.jepg","sacoche sacolla","https://fulmo-img-server.com/sacoche-sacolla/7c62a7aab673418da3c9a4d388c8d030.jepg,https://fulmo-img-server.com/sacoche-sacolla/6161610dcb3e4392ae23e2a1440a828a.jepg,https://fulmo-img-server.com/sacoche-sacolla/98e5ac6ac30347d6ab0e831098df66b2.jepg,https://fulmo-img-server.com/sacoche-sacolla/450c804f14734904a53036ba121ec1ba.jepg,https://fulmo-img-server.com/sacoche-sacolla/912e71d230da4300942a555c2d5fd40e.jepg,https://fulmo-img-server.com/sacoche-sacolla/2788fdcab4b5467eaa9735943a3b4023.jepg,https://fulmo-img-server.com/sacoche-sacolla/dabb51260e4a45a7a4cc52b9a3ee74dc.jepg,https://fulmo-img-server.com/sacoche-sacolla/3cf4690c17a446b6a07d9a5b987f9b38.jepg,https://fulmo-img-server.com/sacoche-sacolla/552881d65ef242898d0cc72e03c71162.jepg","ブラック / ホワイト / カーキ / オレンジ","169"
"220","三日月型レザーサコッシュ","なめらかな本革を使用した三日月型のサコッシュ。","out of stock","new","10900 JPY","https://www.sacoche-sacolla.jp/item/220","https://fulmo-img-server.com/sacoche-sacolla/cf2b7710feb14b91bd938c8345347458.jepg","sacoche sacolla","https://fulmo-img-server.com/sacoche-sacolla/ad0e4102d87d415692c8d6853262be23.jepg,https://fulmo-img-server.com/sacoche-sacolla/91821f7441664c37ac76be4740da6d4e.jepg,https://fulmo-img-server.com/sacoche-sacolla/d657555f5403419ca9aa83d2f178ef3b.jepg,https://fulmo-img-server.com/sacoche-sacolla/25d5260c50f242228313a744adb65478.jepg","ブラック / ベージュ","169"
"221","なめらかレザー ホーボーサコッシュ","柔らかな曲線を描く上質なレザーサコッシュ。","out of stock","new","3160 JPY","https://www.sacoche-sacolla.jp/item/221","https://fulmo-img-server.com/sacoche-sacolla/2204017849b5499db57c17b821141cd8.jepg","sacoche sacolla","https://fulmo-img-server.com/sacoche-sacolla/be67b15c74a7471b859366d97131cfc8.jepg,https://fulmo-img-server.com/sacoche-sacolla/1d2390d7efae41d9ba1878dcd9852eae.jepg,https://fulmo-img-server.com/sacoche-sacolla/52cfdda4075c47feb778ed0c8a06c4e2.jepg,https://fulmo-img-server.com/sacoche-sacolla/82af35fe9668427fa5901aa401481f4f.jepg,https://fulmo-img-server.com/sacoche-sacolla/cb3fff719ade4cfd909acc1e445ade66.jepg,https://fulmo-img-server.com/sacoche-sacolla/c250cb06e13845b799dab9632401982c.jepg,https://fulmo-img-server.com/sacoche-sacolla/e4b071b4fe6a4b508ec1cc4c64338a0f.jepg,https://fulmo-img-server.com/sacoche-sacolla/50716f6a40bf4bdea70c226a631a08e8.jepg,https://fulmo-img-server.com/sacoche-sacolla/227007cc8e484110b74d653a7342813a.jepg","レッド / ブラック","169"
"222","職人仕立て本革サコッシュ","柔らかな質感の上質レザーを使用したサコッシュ。伝統的な技法で仕上げられた風合いと、経年変化を楽しめる本革素材が特徴。細部まで丁寧な縫製で、普段使いに最適な大きさに仕上げました。","out of stock","new","13200 JPY","https://www.sacoche-sacolla.jp/item/222","https://fulmo-img-server.com/sacoche-sacolla/c36a6293724340868cbd2905d28003ef.jepg","sacoche sacolla","https://fulmo-img-server.com/sacoche-sacolla/c551e4be94b443e7830176631307df6b.jepg,https://fulmo-img-server.com/sacoche-sacolla/c41de34ac7e14467ad5371e0e579b13a.jepg,https://fulmo-img-server.com/sacoche-sacolla/3a0abd06a3f94f049eb5e6f1f6a6a233.jepg,https://fulmo-img-server.com/sacoche-sacolla/75c3e5687e884e85b8317ce835341ef6.jepg,https://fulmo-img-server.com/sacoche-sacolla/a453d83964564a85a82181d92be97eea.jepg,https://fulmo-img-server.com/sacoche-sacolla/28133dc6ca254c8896151accfe4def32.jepg,https://fulmo-img-server.com/sacoche-sacolla/8d462acad45e4ac5a19cabe7b72a7a6b.jepg,https://fulmo-img-server.com/sacoche-sacolla/4e3bc1a055ef44748610e57ed7a6ebfc.jepg,https://fulmo-img-server.com/sacoche-sacolla/91c197daf486470d83a7dcfb42c9735c.jepg","ブラウン / ブラック / グリーン","169"
"223","革職人の手作りサコッシュ","上質な本革を贅沢に使用したサコッシュ。丸みのあるシルエットと職人の手作業による丁寧なステッチが魅力。レザーの経年変化を楽しめる、大人の普段使いに最適なバッグ。","out of stock","new","12360 JPY","https://www.sacoche-sacolla.jp/item/223","https://fulmo-img-server.com/sacoche-sacolla/5eb6bb7a359548c0a747ce842f57d7b3.jepg","sacoche sacolla","https://fulmo-img-server.com/sacoche-sacolla/9d22be4b88ad416aab387980a652cb15.jepg,https://fulmo-img-server.com/sacoche-sacolla/4118f968674e462b82156b5240a346c5.jepg,https://fulmo-img-server.com/sacoche-sacolla/db14dd06a7be44c682aeaf68d7a16d0b.jepg,https://fulmo-img-server.com/sacoche-sacolla/5a3179849908407f9db0c66582c50a30.jepg,https://fulmo-img-server.com/sacoche-sacolla/e8fe10eb242442578b2892a315bd976f.jepg,https://fulmo-img-server.com/sacoche-sacolla/cd66c1d6b334493ba741d56c29838a05.jepg,https://fulmo-img-server.com/sacoche-sacolla/9c715596d23c4c37bb4beb2dd3fee586.jepg,https://fulmo-img-server.com/sacoche-sacolla/eef508c50be84711a3ac18d7b0d89fd8.jepg,https://fulmo-img-server.com/sacoche-sacolla/86c1563cc6ec42bdb024c39ec36d8080.jepg","ブラウン / ブラック","169"
"224","シンプル多機能レザーサコッシュ","上質なレザーを使用したサコッシュは、シンプルなデザインでありながら収納力も抜群。","out of stock","new","3880 JPY","https://www.sacoche-sacolla.jp/item/224","https://fulmo-img-server.com/sacoche-sacolla/6365732167ec42649f9c8908a4079f63.jepg","sacoche sacolla","https://fulmo-img-server.com/sacoche-sacolla/8f3f7762dfac4adf9c9547854e17cf2f.jepg,https://fulmo-img-server.com/sacoche-sacolla/c6871808b15a46738f7e108d6a68d5b0.jepg,https://fulmo-img-server.com/sacoche-sacolla/41fb20a90f74494fb0321648b0a1b1d0.jepg,https://fulmo-img-server.com/sacoche-sacolla/a46df7649ef04e34b594a902de53a0f7.jepg,https://fulmo-img-server.com/sacoche-sacolla/0f5919e63add41f09bcc1a0a5810c140.jepg,https://fulmo-img-server.com/sacoche-sacolla/0261e6acb34c44cdbaead56cb58bab89.jepg,https://fulmo-img-server.com/sacoche-sacolla/d490cdd0bea241d78ba18c4944fd885e.jepg","ブラック","169"
"225","上質な本革スマートサコッシュ","しなやかなレザーを使用したスタイリッシュなサコッシュ。小型ながら機能的な収納力を備え、カジュアルからフォーマルまで幅広いシーンで活躍。背面のジッパーポケットで貴重品の持ち運びも安心。","out of stock","new","2240 JPY","https://www.sacoche-sacolla.jp/item/225","https://fulmo-img-server.com/sacoche-sacolla/32040dddd71a459cbc7a8917758adefb.jepg","sacoche sacolla","https://fulmo-img-server.com/sacoche-sacolla/0a97c4a5b89242fab02ee7e573deda54.jepg,https://fulmo-img-server.com/sacoche-sacolla/05b7cb3a565f4e8cbb58270f1647d056.jepg,https://fulmo-img-server.com/sacoche-sacolla/bd72c7eaab61486d9abbf2de8afa25ec.jepg,https://fulmo-img-server.com/sacoche-sacolla/bedff67482324ea39448a78114f2d551.jepg,https://fulmo-img-server.com/sacoche-sacolla/6670cc2e479048408a7c5f8c57fb0308.jepg,https://fulmo-img-server.com/sacoche-sacolla/e00b60f55098438cae099a7704a614bc.jepg,https://fulmo-img-server.com/sacoche-sacolla/754327d1df24479a8497a2e2eff692fb.jepg,https://fulmo-img-server.com/sacoche-sacolla/e9988606853e4e7cacdd1adb17d1420e.jepg,https://fulmo-img-server.com/sacoche-sacolla/79224d8ac1b9430596c4d0877fed18fc.jepg","ブラック / ブラウン","169"
"226","職人技光る本革多収納サコッシュ","上質な本革を贅沢に使用したサコッシュ。使い込むほどに味わい深い風合いが増す。複数の収納ポケットで機能性も兼ね備えた実用的なレザーバッグ。","out of stock","new","11520 JPY","https://www.sacoche-sacolla.jp/item/226","https://fulmo-img-server.com/sacoche-sacolla/4685f6308a904cb18ac2fe042125d8ac.jepg","sacoche sacolla","https://fulmo-img-server.com/sacoche-sacolla/fa22059f8741424d955243e0f9b629b7.jepg,https://fulmo-img-server.com/sacoche-sacolla/401a3ee14f2240869e69e8f113234a73.jepg,https://fulmo-img-server.com/sacoche-sacolla/6a2a54f6ea7347d39289b6facf317836.jepg,https://fulmo-img-server.com/sacoche-sacolla/2ff682484a794c4d916b138149d44a9a.jepg","ブラウン / ブラック","169"
"227","サコッシュ 上質レザーウエストポーチ","普段使いにぴったりな本革サコッシュ。","out of stock","new","7740 JPY","https://www.sacoche-sacolla.jp/item/227","https://fulmo-img-server.com/sacoche-sacolla/6ceaa14a3cc14797bc82d0e0ceeb2e31.jepg","sacoche sacolla","https://fulmo-img-server.com/sacoche-sacolla/b3213662442c49ecae7bc2f3f08f3b55.jepg,https://fulmo-img-server.com/sacoche-sacolla/018487a4dc4d4b689c5d3fada5d8d47e.jepg,https://fulmo-img-server.com/sacoche-sacolla/39c5455415cd4ac1bbdbc7167db707f7.jepg,https://fulmo-img-server.com/sacoche-sacolla/5e9f37593ccb47e4a83e9f2a46e57f9d.jepg,https://fulmo-img-server.com/sacoche-sacolla/0fc41ff8e9154e969ec813ba777b4996.jepg,https://fulmo-img-server.com/sacoche-sacolla/75bd491a8fc4426abbb12f94d41349b9.jepg,https://fulmo-img-server.com/sacoche-sacolla/ebf3711573f94183a7460c638f6fc9be.jepg,https://fulmo-img-server.com/sacoche-sacolla/1906218c14394e209dc1d353f861bda7.jepg,https://fulmo-img-server.com/sacoche-sacolla/7201dcec6e5849ada6b5340aedbde1e2.jepg","ブラック / ブラウン","169"
"228","シンプル撥水サコッシュ","防水性の高いナイロン素材を使用したサコッシュ。","out of stock","new","6160 JPY","https://www.sacoche-sacolla.jp/item/228","https://fulmo-img-server.com/sacoche-sacolla/052ff2db95c8409e9634e2750a1b1e38.jepg","sacoche sacolla","https://fulmo-img-server.com/sacoche-sacolla/bc4f41bbcf4e476b9d0818199ca41362.jepg,https://fulmo-img-server.com/sacoche-sacolla/1d0d78dc9000431090ff4895b032bb85.jepg,https://fulmo-img-server.com/sacoche-sacolla/322b00f9cc654ab0a39aadb74cdf65ac.jepg,https://fulmo-img-server.com/sacoche-sacolla/362acca6cb54431f84b2f9746cfa1401.jepg,https://fulmo-img-server.com/sacoche-sacolla/23c8b81a0e7e419ead1e1f92655cb4e5.jepg,https://fulmo-img-server.com/sacoche-sacolla/c25fc07803464ea087965d355b363152.jepg,https://fulmo-img-server.com/sacoche-sacolla/858b908d937b4f408d2d32653194747a.jepg,https://fulmo-img-server.com/sacoche-sacolla/e46f0335ba4645e797e2d475d664f2ce.jepg,https://fulmo-img-server.com/sacoche-sacolla/b5c09159e3b74816af054cc1676243c7.jepg","ホワイト / ブラック","169"
"229","レザーサコッシュ ウエストポーチ","しなやかなレザーを使用したサコッシュは、都会的なデザインと実用性を兼ね備えています。","out of stock","new","5900 JPY","https://www.sacoche-sacolla.jp/item/229","https://fulmo-img-server.com/sacoche-sacolla/f50ba144cfbb421fb4e6ee49bdae8f02.jepg","sacoche sacolla","https://fulmo-img-server.com/sacoche-sacolla/7632f0e1b0e549a086f83366498101a2.jepg,https://fulmo-img-server.com/sacoche-sacolla/e0a4c6edcbcc47faa85323c29dd4993a.jepg,https://fulmo-img-server.com/sacoche-sacolla/46c90cfabbcd475a93b011efe23b44ba.jepg,https://fulmo-img-server.com/sacoche-sacolla/654c0b235fa4487c904c9c713dec29b3.jepg","ブラック","169"
"230","スタイリッシュウエストサコッシュ","シンプルで洗練されたレザーサコッシュは、大容量の収納力と実用性を兼ね備えています。","out of stock","new","6580 JPY","https://www.sacoche-sacolla.jp/item/230","https://fulmo-img-server.com/sacoche-sacolla/f97a2d5de6464c1a9f44da254c2402a4.jepg","sacoche sacolla","https://fulmo-img-server.com/sacoche-sacolla/1dc8b99d5d384408abaee4a6c886b9de.jepg,https://fulmo-img-server.com/sacoche-sacolla/681b388844784f5592ff1f11cd664099.jepg,https://fulmo-img-server.com/sacoche-sacolla/39a2fa47f1c1477ba51f95b81c4192cf.jepg,https://fulmo-img-server.com/sacoche-sacolla/0e363d9904a24a5eb3367802a4c8d63d.jepg,https://fulmo-img-server.com/sacoche-sacolla/a44f1980c96f4f39a326797ec80e1679.jepg,https://fulmo-img-server.com/sacoche-sacolla/3240551292fc4fe78bc230bab8ceebdb.jepg,https://fulmo-img-server.com/sacoche-sacolla/def0a1a1f33849f4bccad165055de049.jepg,https://fulmo-img-server.com/sacoche-sacolla/4a7b151e6a14438d8a1316ffde5373f0.jepg,https://fulmo-img-server.com/sacoche-sacolla/f0120138d51844a2aaea726164bac67b.jepg","ブラック","169"
"231","シンプル上質レザーサコッシュ","なめらかなレザー素材を使用した洗練されたサコッシュ。","out of stock","new","2920 JPY","https://www.sacoche-sacolla.jp/item/231","https://fulmo-img-server.com/sacoche-sacolla/3b2e002991074d819430e03064ccc39a.jepg","sacoche sacolla","https://fulmo-img-server.com/sacoche-sacolla/2df5615db84d4688994944fe189d4574.jepg,https://fulmo-img-server.com/sacoche-sacolla/265ac3f84041406a8b36cb098768080c.jepg,https://fulmo-img-server.com/sacoche-sacolla/661669bf05024f22889d7652e6950b11.jepg,https://fulmo-img-server.com/sacoche-sacolla/9344662a2d214f93809e80345fffa9d9.jepg,https://fulmo-img-server.com/sacoche-sacolla/72ee51c0b7e34c828f080cf8aa802d98.jepg,https://fulmo-img-server.com/sacoche-sacolla/a5bd04038597473daa2f767e1a6d35b3.jepg,https://fulmo-img-server.com/sacoche-sacolla/4922ed18672f40cb8ba77adbf0ad4632.jepg,https://fulmo-img-server.com/sacoche-sacolla/5030b827339a43f2a279380bb43d1489.jepg,https://fulmo-img-server.com/sacoche-sacolla/ccd1c7e049a6423ab2c27d37978b79ec.jepg","ブラック / ホワイト","169"
"232","サコッシュ 肩掛け本革レザーウエストポーチ","しなやかなレザーを贅沢に使用したサコッシュ。 すっきりとしたデザインながら収納力も備えた実用的な一品。 身体にフィットする曲線的なフォルムで、普段使いからアウトドアまで幅広く活躍。","out of stock","new","9840 JPY","https://www.sacoche-sacolla.jp/item/232","https://fulmo-img-server.com/sacoche-sacolla/49ab4a6bbda84de8b02e7e9d9d468db9.jepg","sacoche sacolla","https://fulmo-img-server.com/sacoche-sacolla/6a3d4f0112204e84b82792783e0151b0.jepg,https://fulmo-img-server.com/sacoche-sacolla/f7c5688e2ce04eb9a28147a20f7be635.jepg,https://fulmo-img-server.com/sacoche-sacolla/7a0fc0ee04cc4abd9440c3164e78c9b9.jepg,https://fulmo-img-server.com/sacoche-sacolla/e27ccdb21f4e436ba4dbe1ba867c4420.jepg,https://fulmo-img-server.com/sacoche-sacolla/079ec920322c4262b77ecf332e76a676.jepg,https://fulmo-img-server.com/sacoche-sacolla/ba495c43d08143ed9ce7509b45308e82.jepg,https://fulmo-img-server.com/sacoche-sacolla/43e77b3dc14848298428d3a9ef68894e.jepg,https://fulmo-img-server.com/sacoche-sacolla/c755924934bf49049668eaacabd018cf.jepg","ブラック / ブラウン","169"
"233","ななめがけレザーサコッシュ","高級レザーを贅沢に使用したサコッシュは、シンプルなデザインながら存在感のある一品。","out of stock","new","2320 JPY","https://www.sacoche-sacolla.jp/item/233","https://fulmo-img-server.com/sacoche-sacolla/4bf62d4722854210884338b0f899a7c3.jepg","sacoche sacolla","https://fulmo-img-server.com/sacoche-sacolla/64c0000237d14bf9ade2fc9be330222b.jepg,https://fulmo-img-server.com/sacoche-sacolla/8b07f60cc249427f9a35afd7c53b3257.jepg,https://fulmo-img-server.com/sacoche-sacolla/bae936a6c6f24dcbb60fe9aabe7d76ff.jepg,https://fulmo-img-server.com/sacoche-sacolla/3e64f2163cef46e18be05fdc416bd76e.jepg,https://fulmo-img-server.com/sacoche-sacolla/92c3045ef361487e995ad5c522e93c0e.jepg,https://fulmo-img-server.com/sacoche-sacolla/0cc1285ea6304c3889eff804ae9d9050.jepg,https://fulmo-img-server.com/sacoche-sacolla/c29c9668051f47168d3883629960f34a.jepg,https://fulmo-img-server.com/sacoche-sacolla/dfc37c80fe5e43caadd49678b85adfaa.jepg,https://fulmo-img-server.com/sacoche-sacolla/b43810c8d47a40edbd9b1a1a99fbc887.jepg","ブラック / ブラウン","169"
"234","クラシック二段ポケットレザーサコッシュ","伝統的な職人技が光る上質なレザーを使用したサコッシュ。フロントの大きな二つのポケットが特徴的で、収納力と機能性を兼ね備えている。","out of stock","new","3580 JPY","https://www.sacoche-sacolla.jp/item/234","https://fulmo-img-server.com/sacoche-sacolla/f066e8d6cf1742b0a46a8a0ebee41d8e.jepg","sacoche sacolla","https://fulmo-img-server.com/sacoche-sacolla/c1e576e6288841d9b1b9a8179b0cd490.jepg,https://fulmo-img-server.com/sacoche-sacolla/c55459b679f54304b7be10f82785e9f1.jepg,https://fulmo-img-server.com/sacoche-sacolla/69a7bb85442d442a99b815478bc34f28.jepg,https://fulmo-img-server.com/sacoche-sacolla/efec1e876b844388b8a639b69b662d40.jepg,https://fulmo-img-server.com/sacoche-sacolla/3a574b5c253c4221bc494eece39b3d3f.jepg,https://fulmo-img-server.com/sacoche-sacolla/c1d636605e544409939fbce169e0dd61.jepg,https://fulmo-img-server.com/sacoche-sacolla/fa3ee59ba9be4bd798390882412eec1f.jepg,https://fulmo-img-server.com/sacoche-sacolla/735fe18c2fc24ab892004ab91620d08d.jepg,https://fulmo-img-server.com/sacoche-sacolla/ea38095453ea4725a7c47afe52c89955.jepg","ブラック / イエロー","169"
"235","上質レザーサコッシュ 斜め掛けウエストポーチ","しっとりとした質感の本革を贅沢に使用したサコッシュ。","out of stock","new","16140 JPY","https://www.sacoche-sacolla.jp/item/235","https://fulmo-img-server.com/sacoche-sacolla/58dd9474520140588e844e23f36d30c6.jepg","sacoche sacolla","https://fulmo-img-server.com/sacoche-sacolla/cc14ddbe73d04ae5a77da88bc8a8032e.jepg,https://fulmo-img-server.com/sacoche-sacolla/c82a445bff224dceb342d7213753dbbf.jepg,https://fulmo-img-server.com/sacoche-sacolla/62649001a74b4ae1a527ff235bc8e4b2.jepg,https://fulmo-img-server.com/sacoche-sacolla/2bff8eb684de4122b120d337f7035a74.jepg,https://fulmo-img-server.com/sacoche-sacolla/6bcce16606b5424f82fe478bafdf3c91.jepg,https://fulmo-img-server.com/sacoche-sacolla/4ed6f055b481470592d1ec6c1e1b787f.jepg,https://fulmo-img-server.com/sacoche-sacolla/17a9101ab10c4a6fb54c2ca8a32b5bac.jepg,https://fulmo-img-server.com/sacoche-sacolla/98b52108e6a64c279ff12c735c2be388.jepg,https://fulmo-img-server.com/sacoche-sacolla/964ae6db20864b338b61b53c8876a49a.jepg","ブラック","169"
"236","斜め掛けレザーサコッシュ 匠","ほど良い厚みの上質なレザーを贅沢に使用したサコッシュ。","out of stock","new","16180 JPY","https://www.sacoche-sacolla.jp/item/236","https://fulmo-img-server.com/sacoche-sacolla/615a2a8b157b41788017c41567ae96c1.jepg","sacoche sacolla","https://fulmo-img-server.com/sacoche-sacolla/fbdf3bd12e554b14a6b44d0195c633a6.jepg,https://fulmo-img-server.com/sacoche-sacolla/489519f67f7248bea4d1abe00474d207.jepg,https://fulmo-img-server.com/sacoche-sacolla/edd1ba93a3f94c28802fca56e9b7f95a.jepg,https://fulmo-img-server.com/sacoche-sacolla/0e09321ecc184d77a4fdfabf70c1016f.jepg,https://fulmo-img-server.com/sacoche-sacolla/ff8d7b2492a4462f8885aaf5fb05c453.jepg","ブラック","169"
"237","上質革職人こだわりサコッシュ","しなやかなレザーを贅沢に使用したサコッシュ。","out of stock","new","3960 JPY","https://www.sacoche-sacolla.jp/item/237","https://fulmo-img-server.com/sacoche-sacolla/74ed765f439340558aedd807ea7e7969.jepg","sacoche sacolla","https://fulmo-img-server.com/sacoche-sacolla/aaed766900cd48d1b7e1735313786b8c.jepg,https://fulmo-img-server.com/sacoche-sacolla/8285389da4844feebeabb7ca493c860f.jepg,https://fulmo-img-server.com/sacoche-sacolla/a7d2e6dd410940648907910645e6a2b5.jepg,https://fulmo-img-server.com/sacoche-sacolla/40851f41d9ca4daa9bd92a4243f28ac5.jepg,https://fulmo-img-server.com/sacoche-sacolla/9eae3832d5224b408f54ff251c2b87e4.jepg,https://fulmo-img-server.com/sacoche-sacolla/df77d08f671c4b538306415c90f319c8.jepg,https://fulmo-img-server.com/sacoche-sacolla/1bfcddc4db0a487daaaf36366b9116ab.jepg,https://fulmo-img-server.com/sacoche-sacolla/7468df95a8564809bcae0c20899c03c7.jepg,https://fulmo-img-server.com/sacoche-sacolla/4de6819ecdd740e1b1590c32b174d0fe.jepg","ブラック","169"
"238","なめし革シワ加工サコッシュ","上質なレザーを贅沢に使用した大容量サコッシュ。 柔らかな革の質感とシワ加工が味わい深い雰囲気を演出。 肩掛けしやすい長さのストラップで、普段使いに最適な逸品。","out of stock","new","4520 JPY","https://www.sacoche-sacolla.jp/item/238","https://fulmo-img-server.com/sacoche-sacolla/bcd361ff53394866b4065ab2101cc4e3.jepg","sacoche sacolla","https://fulmo-img-server.com/sacoche-sacolla/02cca11dd2664384ade4929a6f6f85ae.jepg,https://fulmo-img-server.com/sacoche-sacolla/6559b51fe16342edad2aea68cd75eef2.jepg,https://fulmo-img-server.com/sacoche-sacolla/723a6fa2b80f46b0ae1b349f87d35b2d.jepg,https://fulmo-img-server.com/sacoche-sacolla/71699d2badf14bb09f0f3e28664c2458.jepg,https://fulmo-img-server.com/sacoche-sacolla/68573b1cfd76411bae042d60f9e6e858.jepg,https://fulmo-img-server.com/sacoche-sacolla/36a53814dc0945eea38a65f7d4c40c66.jepg,https://fulmo-img-server.com/sacoche-sacolla/5608b6df13be40229d7f9491ffb9c5ae.jepg,https://fulmo-img-server.com/sacoche-sacolla/e6b30fd80d0b4a15ac04a79e8e7109d9.jepg,https://fulmo-img-server.com/sacoche-sacolla/80faed8c4b45407a95f2474d7b0d6087.jepg","ブラック / ブラウン","169"
"239","シンプル斜めがけレザーサコッシュ","こだわりの上質なレザーを使用したスタイリッシュなサコッシュ。","out of stock","new","2740 JPY","https://www.sacoche-sacolla.jp/item/239","https://fulmo-img-server.com/sacoche-sacolla/3de0517252a748d2a4301568a4c167fc.jepg","sacoche sacolla","https://fulmo-img-server.com/sacoche-sacolla/3cd519520c2f471e8a98cafd8a690e76.jepg,https://fulmo-img-server.com/sacoche-sacolla/0a150def825b4d9e8bef67e3f2a97ea1.jepg,https://fulmo-img-server.com/sacoche-sacolla/2088bf42600b4385b6e535176c997f3e.jepg,https://fulmo-img-server.com/sacoche-sacolla/5ca8f628310644d39f85ec0158dc9727.jepg","ブラック / ブラウン","169"
"240","アウトドアスポーツサコッシュ","スポーティーな印象のナイロンサコッシュ。 斜めがけで使いやすく、ジップポケットで小物の収納も安心。 軽量で普段使いからアウトドアまで幅広く活用できる実用的なアイテム。","out of stock","new","6160 JPY","https://www.sacoche-sacolla.jp/item/240","https://fulmo-img-server.com/sacoche-sacolla/9fc81ced49244268988a033fda7c78a8.jepg","sacoche sacolla","https://fulmo-img-server.com/sacoche-sacolla/187650fd1c2846e692710ec31e44440f.jepg,https://fulmo-img-server.com/sacoche-sacolla/dc900f894a7b42dc8479a5842106d633.jepg,https://fulmo-img-server.com/sacoche-sacolla/0a3015523ce347929dcadabe801df421.jepg,https://fulmo-img-server.com/sacoche-sacolla/c60cd3c14e1340e0aca6d9462ad5e3f3.jepg,https://fulmo-img-server.com/sacoche-sacolla/de597c18d465420ebc9fe398c30dea1a.jepg,https://fulmo-img-server.com/sacoche-sacolla/77122c4278e8430087ce619032cc0ca8.jepg,https://fulmo-img-server.com/sacoche-sacolla/f3a04b9714ff4d7dbb357177fb32c5f4.jepg,https://fulmo-img-server.com/sacoche-sacolla/498afb6705ef437a94a9b196e0cb7e9f.jepg,https://fulmo-img-server.com/sacoche-sacolla/1d349137894d4b32a8ee4db433a79d75.jepg","ブラック / グレー","169"
"241","キルティングステッチ サコッシュ","しっかりとしたナイロン素材を使用したキルティングステッチのサコッシュ。","out of stock","new","36520 JPY","https://www.sacoche-sacolla.jp/item/241","https://fulmo-img-server.com/sacoche-sacolla/8dc4efb74738462db7853b6706b6e85c.jepg","sacoche sacolla","https://fulmo-img-server.com/sacoche-sacolla/e9768603f32e4dfa8cf40da15f18dce6.jepg,https://fulmo-img-server.com/sacoche-sacolla/6af7acaed4474942993170751e68c0b8.jepg,https://fulmo-img-server.com/sacoche-sacolla/37b30fa0e1d7474b87966f7a82bef3ee.jepg,https://fulmo-img-server.com/sacoche-sacolla/aaae25f71b6e490385f4f98a2ed55822.jepg,https://fulmo-img-server.com/sacoche-sacolla/c0caa329e0d640a0bf0c8dfc6202791f.jepg","ブラック","169"
"242","サコッシュ シンプルウエストポーチ","ナイロン素材を使用したサコッシュは、シンプルなデザインで普段使いに最適。 スマートなフォルムで体にフィットし、散歩やちょっとした外出に便利な収納力を備えています。","out of stock","new","9000 JPY","https://www.sacoche-sacolla.jp/item/242","https://fulmo-img-server.com/sacoche-sacolla/b44ee5c06f254eafaeb134cd7a4204e0.jepg","sacoche sacolla","https://fulmo-img-server.com/sacoche-sacolla/c459d39a353a447abb4b99086edac8c7.jepg,https://fulmo-img-server.com/sacoche-sacolla/ffc913c85a1d4460a6997a1d1c6040db.jepg,https://fulmo-img-server.com/sacoche-sacolla/432aa14ec361492fbb5025febaf55797.jepg,https://fulmo-img-server.com/sacoche-sacolla/55b3824aff5b4912a230ffba5fa14900.jepg,https://fulmo-img-server.com/sacoche-sacolla/028d83042df049b684139d3d1c1b14b1.jepg,https://fulmo-img-server.com/sacoche-sacolla/2bbff34b01394cbba4c649f2b160ba83.jepg,https://fulmo-img-server.com/sacoche-sacolla/d9ac39fa53054a388b7e8e9bff1f8f7a.jepg","ブラック / グリーン / ブルー","169"
"243","シンプル軽量サコッシュ","しなやかなナイロン素材を使用したコンパクトなサコッシュ。","out of stock","new","4420 JPY","https://www.sacoche-sacolla.jp/item/243","https://fulmo-img-server.com/sacoche-sacolla/7cb738d3540b4203b0319fb7e402952a.jepg","sacoche sacolla","https://fulmo-img-server.com/sacoche-sacolla/5837f073b50e433e93a7fc35c6a2b7b9.jepg,https://fulmo-img-server.com/sacoche-sacolla/d3fea122d84646b4a4c7573c4a647dea.jepg,https://fulmo-img-server.com/sacoche-sacolla/f2dda7d9859c4443a7b100269a059855.jepg,https://fulmo-img-server.com/sacoche-sacolla/cae21d2d4c9143de83acc298f2cef5ac.jepg,https://fulmo-img-server.com/sacoche-sacolla/010f4430f31742759a806b9f1f1e0af3.jepg,https://fulmo-img-server.com/sacoche-sacolla/835d385c1629453590b93f8e856e2650.jepg,https://fulmo-img-server.com/sacoche-sacolla/68665f14ee2a43caad646d6dc88f980b.jepg,https://fulmo-img-server.com/sacoche-sacolla/52c37fc8556340cca6feea4574eaeb6e.jepg,https://fulmo-img-server.com/sacoche-sacolla/db280562a3554e1d93148b4850327ea6.jepg","ブラック / ブルー / グリーン / グレー","169"
"244","多機能ポケット付きサコッシュ","軽量なナイロン素材を使用した実用的なサコッシュ。 フロントの大容量ポケットで小物の整理がしやすく、斜めがけで快適な持ち運びが可能。 シンプルなデザインで普段使いに最適。","out of stock","new","4680 JPY","https://www.sacoche-sacolla.jp/item/244","https://fulmo-img-server.com/sacoche-sacolla/a749da9a018b4817b02190a676c0ee08.jepg","sacoche sacolla","https://fulmo-img-server.com/sacoche-sacolla/db6b8ac7434f4b81a49785badcf07f8c.jepg,https://fulmo-img-server.com/sacoche-sacolla/102887b4c57b433c9e65723ad0a79ee1.jepg,https://fulmo-img-server.com/sacoche-sacolla/c938335583f144f1a5fe3dfb25a6fb4d.jepg,https://fulmo-img-server.com/sacoche-sacolla/8f1686cd09334331bdd9c61c431acb48.jepg,https://fulmo-img-server.com/sacoche-sacolla/d4cd8eec882c45a18ca44a7ef1a92329.jepg,https://fulmo-img-server.com/sacoche-sacolla/16fea888f1f44b0eb9ea10080b1abddd.jepg,https://fulmo-img-server.com/sacoche-sacolla/72f5e683720e49af84e2a1b205060667.jepg,https://fulmo-img-server.com/sacoche-sacolla/427ad79a4ff8443cb25d4b16ebe4ecf7.jepg,https://fulmo-img-server.com/sacoche-sacolla/4558cda77048407194fb09dc26bae17c.jepg","ブラック / ブルー / グレー / グリーン","169"
"245","軽量コンパクト旅行サコッシュ","日常使いにぴったりなナイロン製サコッシュ。 フロントポケット付きで収納力抜群。 長さ調整可能なショルダーストラップで快適な携帯性を実現。 軽量で耐久性のあるナイロン素材を採用している。","out of stock","new","4000 JPY","https://www.sacoche-sacolla.jp/item/245","https://fulmo-img-server.com/sacoche-sacolla/ae798832d83549969257f425dc55d2ee.jepg","sacoche sacolla","https://fulmo-img-server.com/sacoche-sacolla/16802ae8b51f4b0597e7973b29ad5abe.jepg,https://fulmo-img-server.com/sacoche-sacolla/f1750cf70bbb4cb289b00baccd432ef5.jepg,https://fulmo-img-server.com/sacoche-sacolla/f17029a28feb47d1a2ae1d522c025bd1.jepg,https://fulmo-img-server.com/sacoche-sacolla/3ced95263447404ca57aed9efcfe86f8.jepg,https://fulmo-img-server.com/sacoche-sacolla/048d555ab3804171b28e8414b6de44dd.jepg,https://fulmo-img-server.com/sacoche-sacolla/8865dad6bf294428852fb9ec3da5958c.jepg,https://fulmo-img-server.com/sacoche-sacolla/487f41fb2e0b4fe7ab866276d7cc0038.jepg,https://fulmo-img-server.com/sacoche-sacolla/c869bd5dda9749cd81b5f75180845ea1.jepg,https://fulmo-img-server.com/sacoche-sacolla/52d676689e5e4547a9a23b2bacf938ad.jepg","ブラック / グリーン / ダークブルー / グレー / クリーム","169"
"246","シンプル多機能サコッシュ","軽量ナイロン素材を使用したサコッシュ。 フロントポケットと本体収納の2層構造で小物の整理がしやすい。 斜めがけ可能なショルダーストラップは長さ調整可能。","out of stock","new","5640 JPY","https://www.sacoche-sacolla.jp/item/246","https://fulmo-img-server.com/sacoche-sacolla/cac285fa3b6f49a98e3460194be9cd8d.jepg","sacoche sacolla","https://fulmo-img-server.com/sacoche-sacolla/a972faacc2f346f4b692970fbdeddecc.jepg,https://fulmo-img-server.com/sacoche-sacolla/280febb964a44d32b82ca5af5f7cb63c.jepg,https://fulmo-img-server.com/sacoche-sacolla/953c38300d1f45ce88c874316d7dc23d.jepg,https://fulmo-img-server.com/sacoche-sacolla/c181d9f648754c13bf8e62e1d7b8c7bf.jepg,https://fulmo-img-server.com/sacoche-sacolla/e3ce77d3dfa04217aa75be9661354ce7.jepg,https://fulmo-img-server.com/sacoche-sacolla/475801f98a1044e2a7aea2dea16db268.jepg","ブラック / グレー / ダークブルー","169"
"247","防水スポーティサコッシュ","撥水性の高いナイロン素材を採用したスタイリッシュなサコッシュ。","out of stock","new","4420 JPY","https://www.sacoche-sacolla.jp/item/247","https://fulmo-img-server.com/sacoche-sacolla/3c3ed5af0a18475d9bf4d21cec1f0b94.jepg","sacoche sacolla","https://fulmo-img-server.com/sacoche-sacolla/4c9303df940d4916bf6ff834097dc232.jepg,https://fulmo-img-server.com/sacoche-sacolla/54f1d815e75a45e98aa5b3dcb33a3b64.jepg,https://fulmo-img-server.com/sacoche-sacolla/4d90ba97a3744909897d17475ec80260.jepg,https://fulmo-img-server.com/sacoche-sacolla/7569ff3d19744d019145e3611fbe212c.jepg","ブラック / グリーン / グレー","169"
"248","都会派スポーティサコッシュ","防水性の高いナイロン素材を使用したサコッシュ。 シンプルなデザインながら収納力があり、スタイリッシュな印象を与える。 フロントの差し色がアクセントとなり、日常使いからアウトドアまで幅広く活躍する実用的な一品。","out of stock","new","3580 JPY","https://www.sacoche-sacolla.jp/item/248","https://fulmo-img-server.com/sacoche-sacolla/db719c4486e744b48d5b150610318b34.jepg","sacoche sacolla","https://fulmo-img-server.com/sacoche-sacolla/c03ad57332f94e789661025c664a1a28.jepg,https://fulmo-img-server.com/sacoche-sacolla/d63ebf5a5855423d850edf6991041600.jepg,https://fulmo-img-server.com/sacoche-sacolla/05c918e882054e899df9d7a620ba7ade.jepg,https://fulmo-img-server.com/sacoche-sacolla/0fda77ca57f9405bbd819b41a89bd1ff.jepg,https://fulmo-img-server.com/sacoche-sacolla/be08b46b33744d029f392211e8fa6fa2.jepg,https://fulmo-img-server.com/sacoche-sacolla/12fcfc794a924f1bb073af68250b791a.jepg,https://fulmo-img-server.com/sacoche-sacolla/1f038222babe4a5b95a1b67226b98646.jepg,https://fulmo-img-server.com/sacoche-sacolla/f6a8a0a1fcb447b499ecff34d10cebc4.jepg,https://fulmo-img-server.com/sacoche-sacolla/c9d824f307bc4ccaafcb0cc4a92bf418.jepg","ブラック / グリーン / グレー","169"
"249","都会派スポーティーサコッシュ","機能性に優れたナイロン素材のサコッシュ。 斜めがけでも腰巻きでも使える実用的なデザイン。 メインポケットに加え、小物の収納に便利な前面ファスナーポケット付き。","out of stock","new","13240 JPY","https://www.sacoche-sacolla.jp/item/249","https://fulmo-img-server.com/sacoche-sacolla/70db7e040a1f457b952a53f8921c69c0.jepg","sacoche sacolla","https://fulmo-img-server.com/sacoche-sacolla/e28e92e5c6eb4967bce24502baf4f8c0.jepg,https://fulmo-img-server.com/sacoche-sacolla/07174b056408413eaa75a3c0b01c103b.jepg,https://fulmo-img-server.com/sacoche-sacolla/e0f420a38d9a413d8ab373db45431a64.jepg,https://fulmo-img-server.com/sacoche-sacolla/d814630a2c474204a0c41507d4e94c66.jepg,https://fulmo-img-server.com/sacoche-sacolla/e72a8c2779a2468aa5cec50163d12cad.jepg,https://fulmo-img-server.com/sacoche-sacolla/3c195f59d97c4ab2a85a7531649a77fd.jepg","ブラック / ブルー / レッド / パープル","169"
"250","シンプル斜めがけサコッシュ","軽量ナイロン素材を使用した実用的なサコッシュ。","out of stock","new","7660 JPY","https://www.sacoche-sacolla.jp/item/250","https://fulmo-img-server.com/sacoche-sacolla/ca61719b57bf47eda37f5e41c235db9c.jepg","sacoche sacolla","https://fulmo-img-server.com/sacoche-sacolla/33f9e9af5f794a15a281e4320a3cf73f.jepg,https://fulmo-img-server.com/sacoche-sacolla/41c5860045344297b06a224c31bf2cd6.jepg,https://fulmo-img-server.com/sacoche-sacolla/4d7a73c4b2414d7686b5fc5e5d40c67a.jepg,https://fulmo-img-server.com/sacoche-sacolla/a2b7c657ea8d4432a32e561372d1a614.jepg,https://fulmo-img-server.com/sacoche-sacolla/d8cade292e4e44e3bac83fba15651dea.jepg,https://fulmo-img-server.com/sacoche-sacolla/f0ec156954204aa490df50dd64440c51.jepg,https://fulmo-img-server.com/sacoche-sacolla/c06eb626897648628eb82b9ba17351be.jepg,https://fulmo-img-server.com/sacoche-sacolla/7aee3e3120ee4458a4c797c9bb3030a6.jepg,https://fulmo-img-server.com/sacoche-sacolla/8f5a21740d2349beaa69651104d0e946.jepg","ブラック / ホワイト / グリーン","169"
"251","なめらかウェーブ サコッシュ","ソフトな風合いのナイロン素材を使用したサコッシュ。","out of stock","new","10300 JPY","https://www.sacoche-sacolla.jp/item/251","https://fulmo-img-server.com/sacoche-sacolla/ecbb664f14204c13a5de1a868694c0e0.jepg","sacoche sacolla","https://fulmo-img-server.com/sacoche-sacolla/ebc3167826c8475c9bc17553c432e5a8.jepg,https://fulmo-img-server.com/sacoche-sacolla/115f8243189246db840b7eba3500e26a.jepg,https://fulmo-img-server.com/sacoche-sacolla/5f938b8d375b4f0c87e2f615e4dc16b4.jepg,https://fulmo-img-server.com/sacoche-sacolla/e50f41db01b54db2881c0a8c6d3eb895.jepg,https://fulmo-img-server.com/sacoche-sacolla/20ddc99f82924866884b623aa0c941f7.jepg,https://fulmo-img-server.com/sacoche-sacolla/aec77f3df32044bba29d1dac086d71b8.jepg,https://fulmo-img-server.com/sacoche-sacolla/a1578709c6034212b6c40d9d9eec02f6.jepg,https://fulmo-img-server.com/sacoche-sacolla/c0d0f6d1588448279d3156c3aef7b17a.jepg,https://fulmo-img-server.com/sacoche-sacolla/6e30e1b820dc42a99a8d9364b09ccdaf.jepg","ブラック / キャラメル","169"
"252","シンプル携帯ポケットサコッシュ","キャンバス生地を使用したミニマルなデザインのサコッシュです。","out of stock","new","2660 JPY","https://www.sacoche-sacolla.jp/item/252","https://fulmo-img-server.com/sacoche-sacolla/494bf29d-686a-4634-91f7-59ca5f021756.jpg","sacoche sacolla","https://fulmo-img-server.com/sacoche-sacolla/c69509e2-f13a-4716-84b9-3ef22e8349e4.jpg,https://fulmo-img-server.com/sacoche-sacolla/0d65c52d-4a49-4f84-b668-77e175e6ac03.jpg,https://fulmo-img-server.com/sacoche-sacolla/6c6d5da2-f92d-4570-a875-cbc8a94b1fc2.jpg,https://fulmo-img-server.com/sacoche-sacolla/3abfe4f4-622d-4507-8cfb-cb7826dac9f7.jpg","グリーン / パープル / レモン","169"
"253","なめらかポーチ風軽量サコッシュ","ナイロン素材を使用した薄型のサコッシュは、スマートフォンや財布などの必需品をコンパクトに収納できます。","out of stock","new","2780 JPY","https://www.sacoche-sacolla.jp/item/253","https://fulmo-img-server.com/sacoche-sacolla/b483cbff-4542-4ef7-a5cf-cb35fb4a07e3.jpg","sacoche sacolla","https://fulmo-img-server.com/sacoche-sacolla/c8ee436d-a437-4f85-ad1b-e394b3831ac8.jpg,https://fulmo-img-server.com/sacoche-sacolla/15e9beef-539f-492f-bfdd-ad0f0405b268.jpg,https://fulmo-img-server.com/sacoche-sacolla/5cd71c15-b231-494f-99b2-5be8e411a02d.jpg,https://fulmo-img-server.com/sacoche-sacolla/379e5051-c4bc-446f-856e-3a94bbde7fe0.jpg,https://fulmo-img-server.com/sacoche-sacolla/91567d2e-3b83-446a-a5d1-e39430bf62da.jpg,https://fulmo-img-server.com/sacoche-sacolla/8d802119-2e6b-4471-9d2b-dd241cd054c9.jpg,https://fulmo-img-server.com/sacoche-sacolla/e5b4fa0a-1799-452f-b0bc-87fac6a30ba4.jpg,https://fulmo-img-server.com/sacoche-sacolla/afe73c08-433f-4853-9325-5a406d36a418.jpg,https://fulmo-img-server.com/sacoche-sacolla/30554f9d-d135-41c3-b3e1-9a7c743cdc53.jpg","ピンク / ブラック / グリーン / パープル","169"
"254","なごみ帆布のシンプルサコッシュ","上質な帆布素材を使用したシンプルなサコッシュ。長さ調節可能なショルダーストラップと、しっかりとした留め具で使い勝手抜群。","out of stock","new","2940 JPY","https://www.sacoche-sacolla.jp/item/254","https://fulmo-img-server.com/sacoche-sacolla/0a40145b-0f05-456f-95cf-a70a6f2f2881.jpg","sacoche sacolla","https://fulmo-img-server.com/sacoche-sacolla/88348706-00ec-4c6c-91c3-f21b34b0453f.jpg,https://fulmo-img-server.com/sacoche-sacolla/00e13941-713f-4e29-ba73-b7fc8d2e5a37.jpg,https://fulmo-img-server.com/sacoche-sacolla/db86efed-3c2a-4b9d-ab34-634e4100307c.jpg,https://fulmo-img-server.com/sacoche-sacolla/f80ca585-b910-4a0b-bef1-9d00d393a55f.jpg,https://fulmo-img-server.com/sacoche-sacolla/6f87b22b-b276-442d-8e1c-ae257656cb00.jpg,https://fulmo-img-server.com/sacoche-sacolla/f485861d-e6e1-440a-a7a6-2782490e9179.jpg,https://fulmo-img-server.com/sacoche-sacolla/d51148ac-03af-42cb-8958-288d68d59915.jpg,https://fulmo-img-server.com/sacoche-sacolla/291a4a75-5c07-4100-aefd-11e857454378.jpg,https://fulmo-img-server.com/sacoche-sacolla/9d320a61-e07d-4b8e-909c-57948269e726.jpg","ホワイト / ブラック / ベージュ","169"
"255","実用派の街歩きサコッシュ","シンプルで機能的なデザインのサコッシュは、普段使いに最適な大きさが特徴。","out of stock","new","17500 JPY","https://www.sacoche-sacolla.jp/item/255","https://fulmo-img-server.com/sacoche-sacolla/3a933ecc-f8f4-48c6-9ea8-d0681959ca5f.jpg","sacoche sacolla","https://fulmo-img-server.com/sacoche-sacolla/e64589be-c3da-4b42-881d-6ce726d73fb7.jpg,https://fulmo-img-server.com/sacoche-sacolla/04c83089-9e35-4e57-97a3-872acb9cc1d4.jpg,https://fulmo-img-server.com/sacoche-sacolla/6cbaa138-03a7-487f-ba58-a03a4c3c9ee9.jpg,https://fulmo-img-server.com/sacoche-sacolla/d8f8ce1d-9473-448d-8b37-14dbe2205962.jpg,https://fulmo-img-server.com/sacoche-sacolla/76f3756c-1a64-4ff3-a07e-67fa6df3f0df.jpg,https://fulmo-img-server.com/sacoche-sacolla/82848ccf-7ead-41cb-9380-917bc513e04f.jpg,https://fulmo-img-server.com/sacoche-sacolla/d52e68da-dabc-48a7-b626-d957f0b84e69.jpg,https://fulmo-img-server.com/sacoche-sacolla/44e33af8-9582-4ba5-8d4e-6fecfb437261.jpg,https://fulmo-img-server.com/sacoche-sacolla/b498e664-4358-4062-9ef0-cc2054f2d839.jpg","グレー / ブラック / イエロー / ブルー / カーキ / ベージュ / ピンク / ブラウン","169"
"256","パッド入りショルダーサコッシュ","機能性とスタイリッシュさを兼ね備えたキルティング加工のサコッシュ。ペットボトルや小物をスマートに収納できる実用的なサイズ感。","out of stock","new","7320 JPY","https://www.sacoche-sacolla.jp/item/256","https://fulmo-img-server.com/sacoche-sacolla/e54b37f5-2a61-4395-bfbb-631a665c6660.jpg","sacoche sacolla","https://fulmo-img-server.com/sacoche-sacolla/090c77ad-81a5-4fd9-86df-6f4960cbc475.jpg,https://fulmo-img-server.com/sacoche-sacolla/30008f65-2be7-44d6-a27e-ddfc7ac76c78.jpg,https://fulmo-img-server.com/sacoche-sacolla/73434c7e-66f8-41fa-9859-360baa06f58a.jpg,https://fulmo-img-server.com/sacoche-sacolla/c65e66fe-f1ba-4d4a-8faa-3cc3dc8abeea.jpg,https://fulmo-img-server.com/sacoche-sacolla/ca758ac6-264a-4737-a846-6c12873c85df.jpg,https://fulmo-img-server.com/sacoche-sacolla/1681359c-6ba7-4d36-9d00-1554408e2cfb.jpg,https://fulmo-img-server.com/sacoche-sacolla/993ca519-edfb-4f44-ab15-000161b1cabb.jpg,https://fulmo-img-server.com/sacoche-sacolla/3eb9bf7e-43e8-402e-a3e7-b9d7636c828b.jpg,https://fulmo-img-server.com/sacoche-sacolla/03375e07-3f32-47c8-b426-2510851d5ebe.jpg","ブラック / グリーン / カーキ","169"
"257","上質な斜めがけレザーサコッシュ","上質なレザーを使用したサコッシュは、シンプルながらも洗練されたデザインが魅力。普段使いにぴったりなサイズ感で、必要なものをすっきり収納可能。カジュアルからフォーマルまで幅広いスタイルにマッチし、デイリーユースに最適なアイテムです。","in stock","new","5600 JPY","https://www.sacoche-sacolla.jp/item/257","https://fulmo-img-server.com/sacoche-sacolla/1962cc6d-03f0-4b68-84b2-d224476a570f.jpg","sacoche sacolla","https://fulmo-img-server.com/sacoche-sacolla/9c72cd94-6046-460d-a411-f90a247b8c40.jpg,https://fulmo-img-server.com/sacoche-sacolla/d4db985d-517e-432c-a08f-91eed82918b6.jpg,https://fulmo-img-server.com/sacoche-sacolla/bfad6598-4034-4af4-a69b-680e4f8a17e9.jpg,https://fulmo-img-server.com/sacoche-sacolla/329a7d46-f8eb-4366-b080-da948e2e1c96.jpg,https://fulmo-img-server.com/sacoche-sacolla/62946ef1-395f-457a-ac15-b53c7d22b272.jpg,https://fulmo-img-server.com/sacoche-sacolla/734a5120-400b-4a48-8a63-cfe68fc47dac.jpg,https://fulmo-img-server.com/sacoche-sacolla/6d793ab6-cb47-47d0-a9cc-16aaff13272f.jpg,https://fulmo-img-server.com/sacoche-sacolla/ea03cba6-55c6-47ce-809b-2928d3d9094e.jpg,https://fulmo-img-server.com/sacoche-sacolla/0be0c273-5e72-4ba1-a139-4a3d519d4d3d.jpg","ブラック","169"
"258","サコッシュ 生成です","上質なレザーサコッシュで日常をスタイリッシュに。 斜めがけで使いやすく、コンパクトながら必要なものをしっかり収納。 丈夫な素材と洗練されたデザインのサコッシュは、カジュアルからきれいめまであらゆるスタイルに対応。 機能性と上質感を兼ね備えたレザーサコッシュで、毎日のお出かけをより快適に。","in stock","new","4560 JPY","https://www.sacoche-sacolla.jp/item/258","https://fulmo-img-server.com/sacoche-sacolla/97efd28b-6c2c-4921-a62d-93476c84f6d4.jpg","sacoche sacolla","https://fulmo-img-server.com/sacoche-sacolla/a8c9b2ec-b4f5-4f42-bb0f-8856535b36f4.jpg,https://fulmo-img-server.com/sacoche-sacolla/35ff7f5b-32d7-4a71-bf10-99db5e1cd1e5.jpg,https://fulmo-img-server.com/sacoche-sacolla/626403e3-a57f-4ffe-8fe0-82c513483400.jpg,https://fulmo-img-server.com/sacoche-sacolla/6bf52a85-0ffb-4756-9b19-3945681c43dd.jpg","ライトグレー / ブラック","169"
"259","シンプル斜め掛けサコッシュ","シンプルで洗練されたデザインのナイロンサコッシュ。軽量設計により、日常使いにも最適で、都会的なスタイルを引き立てます。豊富なカラーバリエーションから選べ、どんなコーディネートにもマッチ。収納力もあり、必要なものをスマートに持ち運べる機能性も魅力です。カジュアルなシーンでも、おしゃれを楽しむアイテムとして活躍します。あなたのスタイルを一層引き立てる、必携のナイロンサコッシュです。","in stock","new","4740 JPY","https://www.sacoche-sacolla.jp/item/259","https://fulmo-img-server.com/sacoche-sacolla/88024f23-3c35-42ea-aad3-756d2e2d53f5.jpg","sacoche sacolla","https://fulmo-img-server.com/sacoche-sacolla/16c49b6a-66b0-4547-bb98-03490246b5b4.jpg,https://fulmo-img-server.com/sacoche-sacolla/dc6b0881-fde2-4802-a92a-42c9fcb1363f.jpg,https://fulmo-img-server.com/sacoche-sacolla/39ddb6ab-c18e-4844-98a6-9b258906e7d6.jpg,https://fulmo-img-server.com/sacoche-sacolla/483299c9-9503-460d-8e7e-948660c2c147.jpg,https://fulmo-img-server.com/sacoche-sacolla/10106f2c-bbfc-4b9d-abdc-0159e82637ad.jpg,https://fulmo-img-server.com/sacoche-sacolla/550ea962-5627-44c1-a460-5d3d7b07c08b.jpg,https://fulmo-img-server.com/sacoche-sacolla/bfa435db-98ef-4ded-b16a-79bda0f16d65.jpg,https://fulmo-img-server.com/sacoche-sacolla/cd227686-41ab-4b62-8b32-1bb2cd01d13b.jpg,https://fulmo-img-server.com/sacoche-sacolla/20db3ae6-48cd-4eeb-a4f9-ab40d97d02b4.jpg","ブラック","169"
"260","上質な革素材のミニマルサコッシュ","洗練されたシンプルさが魅力のレザーサコッシュ。高品質なレザーを使用し、使い込むほどに味わいが増すデザインが特徴。必要なものをさっと収納できるサイズ感で、日常使いから特別なシーンまで幅広く活躍します。スタイリッシュでありながら実用性も兼ね備えた一品です。あなたのスタイルにぴったりのサコッシュを手に入れて、毎日をより豊かに彩りましょう。","in stock","new","5680 JPY","https://www.sacoche-sacolla.jp/item/260","https://fulmo-img-server.com/sacoche-sacolla/9174cbf1-403c-4042-acec-6408a0bef0c0.jpg","sacoche sacolla","https://fulmo-img-server.com/sacoche-sacolla/565fe178-d320-4733-b778-a01fbf210b01.jpg,https://fulmo-img-server.com/sacoche-sacolla/f1bb7706-d0bc-4074-afa8-163c59128cc1.jpg,https://fulmo-img-server.com/sacoche-sacolla/c1fbb495-808e-4ec2-9284-22bdde5e5fe3.jpg,https://fulmo-img-server.com/sacoche-sacolla/5fa297d8-ad49-4c34-a83b-0b47c2f0b32f.jpg,https://fulmo-img-server.com/sacoche-sacolla/07f70b51-a326-49f3-aa7c-67fd57399bb0.jpg,https://fulmo-img-server.com/sacoche-sacolla/51aac009-7adb-4197-8413-ca15829100ca.jpg,https://fulmo-img-server.com/sacoche-sacolla/e2ca10b9-78b4-40a3-9c4d-3dafff2bc321.jpg,https://fulmo-img-server.com/sacoche-sacolla/b1cbc80f-740b-445c-a01a-45b143a6f236.jpg,https://fulmo-img-server.com/sacoche-sacolla/6cf2b48c-d0f1-4a43-8df0-dac6a8ae8c6a.jpg","ワインレッド / ピンク","169"
"261","サコッシュ 上質な革の小ぶりなショルダーバッグ","シンプルで洗練された雰囲気のレザーサコッシュです。柔らかな革の質感と程よいサイズ感が特徴で、普段使いに最適です。","out of stock","new","11140 JPY","https://www.sacoche-sacolla.jp/item/261","https://fulmo-img-server.com/sacoche-sacolla/5a4d1403-d589-449e-9a94-72ea92cc9c8e.jpg","sacoche sacolla","https://fulmo-img-server.com/sacoche-sacolla/3409d761-b8b5-478c-b432-7b1bdd47a282.jpg,https://fulmo-img-server.com/sacoche-sacolla/d530e6ac-5c0d-4f11-8468-10c94bf7ba63.jpg,https://fulmo-img-server.com/sacoche-sacolla/d8763047-033d-4f7d-a609-a9357303603b.jpg,https://fulmo-img-server.com/sacoche-sacolla/3214437a-4f03-4add-ac95-0964171ea80f.jpg,https://fulmo-img-server.com/sacoche-sacolla/440f03e7-75b4-4a48-98dc-d649bd572ee2.jpg,https://fulmo-img-server.com/sacoche-sacolla/8a38413c-a98a-4abc-a129-989f1b1ced52.jpg,https://fulmo-img-server.com/sacoche-sacolla/048b21cf-cb53-42ae-8c3d-b812c6033eb9.jpg,https://fulmo-img-server.com/sacoche-sacolla/9c395cd5-c466-4784-bfdb-27679d241a71.jpg,https://fulmo-img-server.com/sacoche-sacolla/7821f00e-bcb6-454a-bb24-5e542ced8026.jpg","ブラック / イエロー / ベージュ","169"
"262","上質レザーのシンプルサコッシュ","しなやかな革素材を使用したレザーサコッシュは、日常使いに最適な大きさと機能性を兼ね備えています。","out of stock","new","15720 JPY","https://www.sacoche-sacolla.jp/item/262","https://fulmo-img-server.com/sacoche-sacolla/d75f52b9-10f9-430c-88d8-d105df2fae32.jpg","sacoche sacolla","https://fulmo-img-server.com/sacoche-sacolla/9b178c88-d3a8-48cb-a4a6-293991088e79.jpg,https://fulmo-img-server.com/sacoche-sacolla/ce478b80-9dcf-48e6-940a-f8f1067d5aea.jpg,https://fulmo-img-server.com/sacoche-sacolla/51a93725-cfd2-4648-af08-bdb4dac80e50.jpg,https://fulmo-img-server.com/sacoche-sacolla/a592b95c-6077-48b2-8dfa-a118b5210971.jpg,https://fulmo-img-server.com/sacoche-sacolla/71aa7261-41e8-4c81-b4b2-652d5ad2961e.jpg,https://fulmo-img-server.com/sacoche-sacolla/ce36b975-9ed9-4670-a253-df0b6142929b.jpg,https://fulmo-img-server.com/sacoche-sacolla/d56b968b-7600-4bb4-9ee4-7549d06b8512.jpg,https://fulmo-img-server.com/sacoche-sacolla/bd6c3652-a942-48f6-92bd-96a947572ee0.jpg,https://fulmo-img-server.com/sacoche-sacolla/ab8bd0cd-e85f-4000-8b97-45616d7867f7.jpg","ブラック / ブラウン","169"
"263","シンプル日和 帆布サコッシュ","キャンバス生地を贅沢に使用した普段使いに最適なサコッシュ。","out of stock","new","2900 JPY","https://www.sacoche-sacolla.jp/item/263","https://fulmo-img-server.com/sacoche-sacolla/5e34405f-029c-49f3-b999-c8a5da2e9c76.jpg","sacoche sacolla","https://fulmo-img-server.com/sacoche-sacolla/f9b7b5df-e9cf-4b44-bd26-668714c74d24.jpg,https://fulmo-img-server.com/sacoche-sacolla/a939f62e-e78e-4c4e-8dd0-bb7751fe79d6.jpg,https://fulmo-img-server.com/sacoche-sacolla/f941949d-f196-4ed7-b32d-6f0b59a28165.jpg,https://fulmo-img-server.com/sacoche-sacolla/5aa7763f-466e-4910-a101-142a30891090.jpg,https://fulmo-img-server.com/sacoche-sacolla/601bb28c-d668-416e-a110-b87328501b1a.jpg,https://fulmo-img-server.com/sacoche-sacolla/be07a65a-8a83-4044-b62e-f3c291ad5b04.jpg,https://fulmo-img-server.com/sacoche-sacolla/d3ce9237-2948-49e1-8a45-080c90a3708f.jpg,https://fulmo-img-server.com/sacoche-sacolla/aadcda26-ba61-4548-96b7-df876d90f207.jpg,https://fulmo-img-server.com/sacoche-sacolla/cbe194b7-aa49-426b-a686-8269918e3f8c.jpg","ホワイト / ブラック / ダークブルー / イエロー","169"
"264","シンプル帆布サコッシュ 携帯スマート","シンプルで実用的なキャンバス生地のサコッシュ。","out of stock","new","2900 JPY","https://www.sacoche-sacolla.jp/item/264","https://fulmo-img-server.com/sacoche-sacolla/fab17cad-18c3-4dd8-9549-2e13ae9e29aa.jpg","sacoche sacolla","https://fulmo-img-server.com/sacoche-sacolla/89082959-5ab7-4b4f-8db5-a8926f644331.jpg,https://fulmo-img-server.com/sacoche-sacolla/f8d9670a-e726-41d4-8c5c-0cc48f2c88c3.jpg,https://fulmo-img-server.com/sacoche-sacolla/cc8182fe-3031-4b81-8f31-7bdc1861b41b.jpg,https://fulmo-img-server.com/sacoche-sacolla/bc94e50b-0c64-42d9-bc2f-db22c0846b3e.jpg,https://fulmo-img-server.com/sacoche-sacolla/8905421e-931c-493e-bfe3-4998907bee1d.jpg,https://fulmo-img-server.com/sacoche-sacolla/7b68bc2b-aaa9-4b05-8977-dcb7d5a51a5d.jpg,https://fulmo-img-server.com/sacoche-sacolla/b1ddd47b-8ea6-4bef-923c-5e63c540fc30.jpg,https://fulmo-img-server.com/sacoche-sacolla/c63b9a89-fed1-47cd-aace-9e697b330a4b.jpg,https://fulmo-img-server.com/sacoche-sacolla/fb2ef3cc-2253-4272-9db8-b04d00f0ed99.jpg","グリーン / ブラック / ダークブルー / ホワイト / イエロー","169"
"265","ふわもこテディー付き帆布サコッシュ","シンプルながら愛らしい小熊のチャームが特徴的な帆布サコッシュです。","out of stock","new","2500 JPY","https://www.sacoche-sacolla.jp/item/265","https://fulmo-img-server.com/sacoche-sacolla/e756dcdf-3e07-4a4e-ab99-cb7e463fc9b1.jpg","sacoche sacolla","https://fulmo-img-server.com/sacoche-sacolla/e4e46e6c-3818-4330-872c-b4acca879269.jpg,https://fulmo-img-server.com/sacoche-sacolla/b7adc686-f1ed-4f81-9729-ab50906607e4.jpg,https://fulmo-img-server.com/sacoche-sacolla/56aec1fa-72ac-4442-a3da-12a8a80e10e9.jpg,https://fulmo-img-server.com/sacoche-sacolla/4faccd37-a713-48a1-a894-7b56ed6ebda0.jpg,https://fulmo-img-server.com/sacoche-sacolla/4bbd6020-1f75-46a3-be3b-d8ee01ba256d.jpg,https://fulmo-img-server.com/sacoche-sacolla/43c9402a-bf73-4ea1-8e8d-563b11c95c88.jpg,https://fulmo-img-server.com/sacoche-sacolla/ad5fbc84-450a-45b3-ac79-b7814d8f5848.jpg,https://fulmo-img-server.com/sacoche-sacolla/5a35e740-044c-499b-9270-cb3c4986de92.jpg,https://fulmo-img-server.com/sacoche-sacolla/ef7018f8-37e2-470d-b22f-8101afb63683.jpg","ホワイト / イエロー / グレー / グリーン / オフホワイト / ブラック","169"
"266","シンプル軽量サコッシュ","ナイロン素材で軽量なサコッシュは、普段使いにぴったりな斜めがけバッグです。","out of stock","new","2240 JPY","https://www.sacoche-sacolla.jp/item/266","https://fulmo-img-server.com/sacoche-sacolla/f1b9c139-3909-4b5e-abb8-2f29a6427f30.jpg","sacoche sacolla","https://fulmo-img-server.com/sacoche-sacolla/95f75be0-87fb-4a80-b314-ae53fa917fc0.jpg,https://fulmo-img-server.com/sacoche-sacolla/999a6850-d8d6-4b50-b623-b4ca41a92553.jpg,https://fulmo-img-server.com/sacoche-sacolla/5349162b-7167-4487-ad1b-b09feb4713d3.jpg,https://fulmo-img-server.com/sacoche-sacolla/ef06beac-8e21-4775-b1f0-5b3143013df6.jpg,https://fulmo-img-server.com/sacoche-sacolla/1e8cda46-7866-41f6-abbd-75caf08a7c3b.jpg,https://fulmo-img-server.com/sacoche-sacolla/a758305c-e3d9-43ab-b0e3-7500492ef72c.jpg,https://fulmo-img-server.com/sacoche-sacolla/8ca4803e-2cdd-4af1-931d-8fc624b6e4d7.jpg,https://fulmo-img-server.com/sacoche-sacolla/960f8b2d-dcc5-457a-9ccf-2b3f1a6e15ed.jpg,https://fulmo-img-server.com/sacoche-sacolla/4427a834-e0ab-42e6-a2ba-b94cb663c510.jpg","ブラック / ピンク / パープル / ネイビー / ブラック（ミニ） / ピンク（ミニ） / パープル（ミニ） / ネイビー（ミニ）","169"
"267","メッシュポケット付きナイロンサコッシュ","軽量で丈夫なナイロン素材を使用したサコッシュバッグ。メッシュポケットと収納ポケットを備え、実用性を重視した設計。","out of stock","new","3220 JPY","https://www.sacoche-sacolla.jp/item/267","https://fulmo-img-server.com/sacoche-sacolla/a527d5c5-8c22-452c-afbb-479667d3f934.jpg","sacoche sacolla","https://fulmo-img-server.com/sacoche-sacolla/0e0ab7b1-92c4-4366-8e9f-014842595a48.jpg,https://fulmo-img-server.com/sacoche-sacolla/02c8d45f-6e80-4dfe-b925-3365aace1f99.jpg,https://fulmo-img-server.com/sacoche-sacolla/7850c93d-8565-4877-8c2c-dd488d7b3d22.jpg,https://fulmo-img-server.com/sacoche-sacolla/a4ed798f-658f-4340-9808-477f1386099f.jpg,https://fulmo-img-server.com/sacoche-sacolla/8c770fd8-2228-4235-af2d-0d4342bb94bd.jpg,https://fulmo-img-server.com/sacoche-sacolla/e10e3298-ca26-4c84-a68a-e539800e3351.jpg,https://fulmo-img-server.com/sacoche-sacolla/39689d40-ddb8-4d79-bccd-294d82915fc4.jpg,https://fulmo-img-server.com/sacoche-sacolla/91f8f287-2921-44b9-977d-d08a28e839a7.jpg,https://fulmo-img-server.com/sacoche-sacolla/3f61da0d-06bc-4cc9-8c4c-59b3ce450051.jpg","パープル / ブラック / イエロー / ホワイト / グレー","169"
"268","アウトドア専用サコッシュ","サコッシュを肩から掛けて、スマホや鍵などの必需品を手軽に収納できる。","out of stock","new","7620 JPY","https://www.sacoche-sacolla.jp/item/268","https://fulmo-img-server.com/sacoche-sacolla/9761b07e-4ac5-4f51-9b0b-f46e7387d4f7.jpg","sacoche sacolla","https://fulmo-img-server.com/sacoche-sacolla/a637cf12-6d15-48c6-9f87-184210e2c6c4.jpg,https://fulmo-img-server.com/sacoche-sacolla/5936780e-4aa0-4b9d-aae2-38f2f5aef5cc.jpg,https://fulmo-img-server.com/sacoche-sacolla/18fdedc9-8d0f-423b-97ee-630b7ade917a.jpg,https://fulmo-img-server.com/sacoche-sacolla/76b4d582-d9e1-4d12-aa42-f978a15be380.jpg,https://fulmo-img-server.com/sacoche-sacolla/6c720d6a-5ba8-412e-a23a-e080d81cbe77.jpg,https://fulmo-img-server.com/sacoche-sacolla/e315274a-d054-4def-8da5-2daab622e387.jpg,https://fulmo-img-server.com/sacoche-sacolla/efe500bc-97f3-4520-ad81-58febb244066.jpg,https://fulmo-img-server.com/sacoche-sacolla/44179a13-15c1-4182-9c91-a5f72bfcc5b1.jpg,https://fulmo-img-server.com/sacoche-sacolla/67faacb0-40cf-4dea-af80-0c96e12be05f.jpg","ホワイト / イエロー / グリーン","169"
"269","メッシュポケット付きサコッシュ","軽量で耐久性に優れたナイロン素材を使用したサコッシュです。","out of stock","new","20760 JPY","https://www.sacoche-sacolla.jp/item/269","https://fulmo-img-server.com/sacoche-sacolla/38667c65-b7b8-4678-95a5-d073041a8ba1.jpg","sacoche sacolla","https://fulmo-img-server.com/sacoche-sacolla/a1e29678-e0be-4a98-9472-7f911b142fdf.jpg,https://fulmo-img-server.com/sacoche-sacolla/1d8c574f-42e0-47bc-a4ca-7ff85635fdca.jpg,https://fulmo-img-server.com/sacoche-sacolla/34bca548-4dc7-491d-af7a-58642816673e.jpg,https://fulmo-img-server.com/sacoche-sacolla/c513f65a-d8cb-4ef6-8630-24e270f190f1.jpg,https://fulmo-img-server.com/sacoche-sacolla/22c267c7-0631-427d-b7d8-366d621afcbb.jpg,https://fulmo-img-server.com/sacoche-sacolla/e46bf3d2-69ef-43b6-a222-654085485a77.jpg,https://fulmo-img-server.com/sacoche-sacolla/7e0b940b-ada7-4da2-8e5d-14c7831ebebd.jpg,https://fulmo-img-server.com/sacoche-sacolla/a5cb9f99-a186-4644-95b2-fa2b9b17df5c.jpg,https://fulmo-img-server.com/sacoche-sacolla/e9db7b57-0d5c-4107-b658-17c852409348.jpg","ブラック / ホワイト / ブルー / イエロー","169"
"270","メッシュポケットサコッシュ","軽量ナイロン素材とメッシュ生地を組み合わせた機能的なサコッシュ。","out of stock","new","4840 JPY","https://www.sacoche-sacolla.jp/item/270","https://fulmo-img-server.com/sacoche-sacolla/73fcf000-58be-440c-8439-9677b321b996.jpg","sacoche sacolla","https://fulmo-img-server.com/sacoche-sacolla/2c525d36-e40e-4f96-909e-5a34e61d6132.jpg,https://fulmo-img-server.com/sacoche-sacolla/f2e7eb6f-a51d-4f85-93e5-a638f5997a14.jpg,https://fulmo-img-server.com/sacoche-sacolla/49d0cc38-8c34-4b99-9b38-cb171bb85edf.jpg,https://fulmo-img-server.com/sacoche-sacolla/2c1bef6d-dbc8-4f75-8fe7-edcef47ee358.jpg,https://fulmo-img-server.com/sacoche-sacolla/546865bb-e8cf-4a78-b404-a292e23138a0.jpg,https://fulmo-img-server.com/sacoche-sacolla/942974d5-2eb0-4b31-8aec-e97e6664606e.jpg,https://fulmo-img-server.com/sacoche-sacolla/3e8b456b-1a7e-4db1-9635-164b90c8e399.jpg,https://fulmo-img-server.com/sacoche-sacolla/e657553e-ed08-47f9-9093-b2b20791b054.jpg,https://fulmo-img-server.com/sacoche-sacolla/0facc0cf-c141-4866-905e-94387eae6ec6.jpg","ブラック / グリーン / ブルー+オレンジ / イエロー","169"
"271","ミリタリーメッシュポケットサコッシュ","通気性の高いメッシュポケットを配置したナイロンサコッシュ。","out of stock","new","3720 JPY","https://www.sacoche-sacolla.jp/item/271","https://fulmo-img-server.com/sacoche-sacolla/cb625e37-76ce-4f56-ab4f-d6486e26c842.jpg","sacoche sacolla","https://fulmo-img-server.com/sacoche-sacolla/47d309d5-adf0-4e43-9398-a5c5e8a770d3.jpg,https://fulmo-img-server.com/sacoche-sacolla/3a575b8c-c793-4aa2-bb40-a326a511669a.jpg,https://fulmo-img-server.com/sacoche-sacolla/b97d4416-de35-4d7e-9f01-48ca37afc613.jpg,https://fulmo-img-server.com/sacoche-sacolla/be55069a-099e-440e-88df-1ab3b27e2c96.jpg,https://fulmo-img-server.com/sacoche-sacolla/0d7b399c-3344-41e9-a463-d1ae3cffb150.jpg,https://fulmo-img-server.com/sacoche-sacolla/599d493f-5197-4688-9ef2-37a60c213bb1.jpg,https://fulmo-img-server.com/sacoche-sacolla/e40e606a-51a2-4ac6-a20c-09bc299b4479.jpg","迷彩 / ブラック","169"
"272","メッシュポケット付きサコッシュ","軽量ナイロンとメッシュ素材を組み合わせた実用的なサコッシュ。","out of stock","new","13240 JPY","https://www.sacoche-sacolla.jp/item/272","https://fulmo-img-server.com/sacoche-sacolla/4580b841-2708-46a4-8069-731089f03347.jpg","sacoche sacolla","https://fulmo-img-server.com/sacoche-sacolla/6e991fd7-15ec-4fc0-ac34-60e11a250a7a.jpg,https://fulmo-img-server.com/sacoche-sacolla/da228637-155c-4dff-bd33-c5079008e795.jpg,https://fulmo-img-server.com/sacoche-sacolla/a16f1788-779d-4c2b-93d3-78108e1c5b89.jpg,https://fulmo-img-server.com/sacoche-sacolla/0f90beee-4bc3-4e33-a93b-075b4019ab8b.jpg,https://fulmo-img-server.com/sacoche-sacolla/03b75e25-0880-4712-a8d9-e642aaadb827.jpg,https://fulmo-img-server.com/sacoche-sacolla/55d10113-f123-4f16-9ffa-6f683d147252.jpg,https://fulmo-img-server.com/sacoche-sacolla/bf3e6ada-a4e6-4642-b79b-5ee0be1300a5.jpg,https://fulmo-img-server.com/sacoche-sacolla/483cf2a3-ec75-4db7-9958-89f8c470d7c8.jpg,https://fulmo-img-server.com/sacoche-sacolla/b484a94c-e44e-4532-8043-f0e9def3642d.jpg","イラスト / カーキ / ブラック","169"
"273","シンプル大人の斜めがけ帆布サコッシュ","キャンバス生地を使用した日常使いにぴったりのシンプルなサコッシュです。","out of stock","new","3160 JPY","https://www.sacoche-sacolla.jp/item/273","https://fulmo-img-server.com/sacoche-sacolla/bbc68006-d089-43b1-ae59-e4d0fbd07ab2.jpg","sacoche sacolla","https://fulmo-img-server.com/sacoche-sacolla/7e3e0b07-2d4d-4994-bbd1-47f0a3888200.jpg,https://fulmo-img-server.com/sacoche-sacolla/ba1d0426-ef60-4a8f-a9d4-238148c60250.jpg,https://fulmo-img-server.com/sacoche-sacolla/cefe1524-0af7-4017-b5b0-9b4720f2d914.jpg,https://fulmo-img-server.com/sacoche-sacolla/0e6ad25b-f7a1-45bd-a142-9458921c426f.jpg,https://fulmo-img-server.com/sacoche-sacolla/cd470fb0-31f9-4f5e-aa0d-906d597023c9.jpg,https://fulmo-img-server.com/sacoche-sacolla/357197c7-21db-4f2e-84a0-286e0f45059b.jpg,https://fulmo-img-server.com/sacoche-sacolla/833cbf68-a729-41e4-92ba-61cbfedd8900.jpg,https://fulmo-img-server.com/sacoche-sacolla/826a3daf-177b-4fe5-8fb6-fc2ba091ff8b.jpg,https://fulmo-img-server.com/sacoche-sacolla/14639a4e-9ea9-4bc9-9bf3-a7dddae03a96.jpg","ブラック / ブラウン / グリーン / ブルー / スカイブルー","169"
"274","軽量コンパクト多機能ミニ財布サコッシュ","超軽量な素材を使用し、必要最小限の荷物をスマートに持ち運べるミニサコッシュ兼用財布。","out of stock","new","2780 JPY","https://www.sacoche-sacolla.jp/item/274","https://fulmo-img-server.com/sacoche-sacolla/71472958-5a16-4f70-839f-42625bd95e47.jpg","sacoche sacolla","https://fulmo-img-server.com/sacoche-sacolla/5b6dba5c-a73d-4f68-a6c5-7ae37a429f09.jpg,https://fulmo-img-server.com/sacoche-sacolla/bcb00ed4-e1fc-4bf8-ba67-d4b96d6501dc.jpg,https://fulmo-img-server.com/sacoche-sacolla/745a03b4-0bfa-43c1-98e4-426a6cd9262d.jpg,https://fulmo-img-server.com/sacoche-sacolla/8e79d84f-9f48-4c66-b07a-827b8187f81d.jpg,https://fulmo-img-server.com/sacoche-sacolla/90715c4a-b37e-4385-80c0-217ba40950c9.jpg,https://fulmo-img-server.com/sacoche-sacolla/0b6c200a-daf1-4853-9559-b019bf8901cf.jpg,https://fulmo-img-server.com/sacoche-sacolla/ac1c17ee-8018-4c9c-8e62-46c0512951c2.jpg,https://fulmo-img-server.com/sacoche-sacolla/16dbb7c5-6133-4468-be42-1ff010710a53.jpg,https://fulmo-img-server.com/sacoche-sacolla/ee61caf0-1ead-42e6-8cad-2ca0ba9a1818.jpg","オレンジ / ブラック / グレー / レッド / グリーン / ブルー","169"
"275","コンパクトポケットサコッシュ","高品質ナイロン素材を使用したサコッシュは、必要最小限の荷物を収納できる実用的なデザイン。","out of stock","new","6940 JPY","https://www.sacoche-sacolla.jp/item/275","https://fulmo-img-server.com/sacoche-sacolla/969f1c65-4229-4612-8e78-112cc2c0135b.jpg","sacoche sacolla","https://fulmo-img-server.com/sacoche-sacolla/5c9f1fdc-cca6-483c-a53c-6cb18f53dfe5.jpg,https://fulmo-img-server.com/sacoche-sacolla/aab1c0fc-712d-4489-8a24-a8bfb7eb4512.jpg,https://fulmo-img-server.com/sacoche-sacolla/dd89639e-896f-444d-920c-17604a4b9b20.jpg,https://fulmo-img-server.com/sacoche-sacolla/eb1bdb5c-0746-4b5e-89a0-980d58c910f5.jpg,https://fulmo-img-server.com/sacoche-sacolla/5f53c6c4-6f9e-43d8-8109-ede6ac4d9631.jpg,https://fulmo-img-server.com/sacoche-sacolla/1c1dbe74-c8c8-4393-9cb1-37e390c56c8c.jpg,https://fulmo-img-server.com/sacoche-sacolla/27baf1f0-e760-46ee-8b64-333151c14639.jpg,https://fulmo-img-server.com/sacoche-sacolla/39374375-9bfd-48ea-b4e4-daaa84d80f47.jpg,https://fulmo-img-server.com/sacoche-sacolla/4cbeb71d-7055-4832-8a09-9a565fd2647d.jpg","グリーン","169"
"276","モダン メッセージ サコッシュ","コンパクトながら必要な小物を収納できるナイロン製サコッシュ。","out of stock","new","3160 JPY","https://www.sacoche-sacolla.jp/item/276","https://fulmo-img-server.com/sacoche-sacolla/37eb1a97-e1c0-4560-a6b7-e671b67eedc3.jpg","sacoche sacolla","https://fulmo-img-server.com/sacoche-sacolla/08ef985e-944c-44d0-b00f-78df8872de8a.jpg,https://fulmo-img-server.com/sacoche-sacolla/c0ffcd9c-3242-4a32-a2f9-3b4e460b79f0.jpg,https://fulmo-img-server.com/sacoche-sacolla/12508132-55fa-404f-b420-bccca681c46a.jpg,https://fulmo-img-server.com/sacoche-sacolla/04b39dea-71c5-4e9a-8e8c-aae5318a04af.jpg,https://fulmo-img-server.com/sacoche-sacolla/d806f295-0f78-4224-9776-49240b09781a.jpg,https://fulmo-img-server.com/sacoche-sacolla/a0557301-4d71-4790-b170-4da298c3c8fa.jpg,https://fulmo-img-server.com/sacoche-sacolla/4c7694a5-42d1-4b8f-a22c-7485f9cd5401.jpg,https://fulmo-img-server.com/sacoche-sacolla/07790418-8412-4b44-ae59-61d4cc06626b.jpg,https://fulmo-img-server.com/sacoche-sacolla/c6535f46-2c9e-4f76-bede-2c2c2d0b50fa.jpg","ブラック / イエロー / ブルー / グリーン","169"
"277","シンプル収納サコッシュ","普段使いに最適な軽量サコッシュと大切なスマホを一緒に持ち運べます。","out of stock","new","2380 JPY","https://www.sacoche-sacolla.jp/item/277","https://fulmo-img-server.com/sacoche-sacolla/6e476bb5-4771-4302-8dd1-6fb1d00b7d4e.jpg","sacoche sacolla","https://fulmo-img-server.com/sacoche-sacolla/265596a9-87c4-4476-8a01-51107e36506b.jpg,https://fulmo-img-server.com/sacoche-sacolla/d5c9b6e0-f8e7-4831-ac8e-603c38f11ceb.jpg,https://fulmo-img-server.com/sacoche-sacolla/b02da435-4b43-4762-916a-aca5461ced60.jpg,https://fulmo-img-server.com/sacoche-sacolla/10a77603-fbb3-4873-80f8-cd544f67b9d8.jpg,https://fulmo-img-server.com/sacoche-sacolla/cb2604d4-07f4-44e3-8d9f-162405e80fb8.jpg,https://fulmo-img-server.com/sacoche-sacolla/2b8c2a6b-1a73-4243-8798-07d11d00aa07.jpg,https://fulmo-img-server.com/sacoche-sacolla/f7f63ba4-d3e6-4d90-bbfe-b40545f2ddea.jpg,https://fulmo-img-server.com/sacoche-sacolla/9a662ee7-1d3d-420e-ab1a-8aa8d4774080.jpg,https://fulmo-img-server.com/sacoche-sacolla/ddadbf77-fc49-463d-8815-6c3d011d7c23.jpg","ブラック / グリーン / ホワイト","169"
"278","上質な型押し革のミニマルサコッシュ","上質な型押し革を使用したレザーサコッシュは、しっとりとした手触りが魅力。シンプルながらも洗練されたデザインで、日常のコーディネートに自然に溶け込む一品。軽量で収納力もあり、スマートフォンや小物を持ち運ぶのに最適。エレガントさと機能性を兼ね備えたこのサコッシュで、スタイリッシュな日常を楽しんで。","in stock","new","26680 JPY","https://www.sacoche-sacolla.jp/item/278","https://fulmo-img-server.com/sacoche-sacolla/9b6587af-3b62-43b3-87b9-415219107d18.jpg","sacoche sacolla","https://fulmo-img-server.com/sacoche-sacolla/c82cd4f5-bada-42fc-b642-8031a65dc364.jpg,https://fulmo-img-server.com/sacoche-sacolla/80e45161-16ed-4ef5-b3ac-c55208b8326d.jpg,https://fulmo-img-server.com/sacoche-sacolla/3fdb1855-4fe2-4f3b-892c-32976b303ddc.jpg,https://fulmo-img-server.com/sacoche-sacolla/77cb5aed-a641-4919-9b2a-c14414d36011.jpg,https://fulmo-img-server.com/sacoche-sacolla/2b7658b1-e290-4c46-86b5-c43ae2c2c8d7.jpg,https://fulmo-img-server.com/sacoche-sacolla/37079f85-f3e6-4a33-aa10-d28f84a92f65.jpg,https://fulmo-img-server.com/sacoche-sacolla/fb529957-9847-4b11-bc42-ccbe59207913.jpg,https://fulmo-img-server.com/sacoche-sacolla/7d94c95f-c836-4e7b-97f6-4ffcf882db5c.jpg,https://fulmo-img-server.com/sacoche-sacolla/07065e4e-a498-420b-b3c0-a8a54a92d79f.jpg","ブラック / ネイビー","169"
"279","なめらか上質レザーサコッシュ","シンプルで洗練されたデザインのレザーサコッシュです。 上質な素材感と職人の丁寧な仕上げが特徴的なサコッシュは、日常使いから特別な日まで幅広く活躍します。 付属の肩掛けベルトで長さ調節が可能で、実用性も兼ね備えています。","in stock","new","6520 JPY","https://www.sacoche-sacolla.jp/item/279","https://fulmo-img-server.com/sacoche-sacolla/d46c71be-49a4-4be0-b04b-13cc901b275d.jpg","sacoche sacolla","https://fulmo-img-server.com/sacoche-sacolla/3db73164-f9d9-429b-8590-00964f950736.jpg,https://fulmo-img-server.com/sacoche-sacolla/63c45c96-e379-4074-adea-97db0b0ed4fe.jpg,https://fulmo-img-server.com/sacoche-sacolla/119e188d-1b91-482f-ab51-31a330f6b404.jpg,https://fulmo-img-server.com/sacoche-sacolla/634d41db-8098-4235-a8ac-fbf3648b1996.jpg","ブラック","169"
"280","サコッシュ 上質な曲線美レザーバケットバッグ","上質なレザーを使用したサコッシュは、シンプルでありながら洗練されたデザインが魅力。柔らかな曲線が優雅な印象を与え、使い勝手の良い収納力を備えています。デイリー使いから特別なシーンまで、幅広く活躍するアイテムです。スタイリッシュなコーディネートにぴったりな、あなたの必須アイテムとなるでしょう。","in stock","new","43120 JPY","https://www.sacoche-sacolla.jp/item/280","https://fulmo-img-server.com/sacoche-sacolla/ed41876e-dc33-4478-aabd-714b8ec31061.jpg","sacoche sacolla","https://fulmo-img-server.com/sacoche-sacolla/4106cb55-6cc1-4ff0-9e1f-d50f7a017867.jpg,https://fulmo-img-server.com/sacoche-sacolla/e391ca21-8329-4a43-ac98-303a51b22dce.jpg,https://fulmo-img-server.com/sacoche-sacolla/852f06db-6cce-4db8-8986-175dbbd77aa7.jpg,https://fulmo-img-server.com/sacoche-sacolla/dc334987-2584-4db2-9e53-4f6ea19d6095.jpg,https://fulmo-img-server.com/sacoche-sacolla/3e319629-ccf0-468b-897d-5b3b6aeae8d3.jpg,https://fulmo-img-server.com/sacoche-sacolla/64769e2a-1aab-4a16-93e0-56d749a97453.jpg,https://fulmo-img-server.com/sacoche-sacolla/44f77bec-ec8e-4ed3-9155-acbfe43940b5.jpg,https://fulmo-img-server.com/sacoche-sacolla/51a29050-09b2-4ab9-9987-c5da2a75728b.jpg,https://fulmo-img-server.com/sacoche-sacolla/dcd7548e-2304-4f79-b427-c94a381bdef6.jpg","ブラック / グレー / ホワイト","169"
"281","シンプル上質レザーサコッシュ","本革を贅沢に使用したレザーサコッシュ。シンプルなデザインに洗練された雰囲気が漂い、日常使いから特別なシーンまで幅広く活躍。コンパクトサイズながらも収納力があり、必要なアイテムをスマートに持ち運べる。上質な素材感が手に馴染み、長く愛用できる一品。スタイリッシュなアクセントとして、コーディネートに華を添える。","in stock","new","15800 JPY","https://www.sacoche-sacolla.jp/item/281","https://fulmo-img-server.com/sacoche-sacolla/b7c87538-678c-444a-a198-0c6c14c69b09.jpg","sacoche sacolla","https://fulmo-img-server.com/sacoche-sacolla/9be8057e-2334-434e-afb5-6a4234d38515.jpg,https://fulmo-img-server.com/sacoche-sacolla/bc768209-562f-495e-8760-d50adc2ba183.jpg,https://fulmo-img-server.com/sacoche-sacolla/fab3348c-69c8-4f53-872d-cb7740c95a77.jpg,https://fulmo-img-server.com/sacoche-sacolla/766a5f94-c698-40c2-aa62-ae515c15ef75.jpg,https://fulmo-img-server.com/sacoche-sacolla/4efd89a5-5d50-46ea-abb9-ac888ed337b4.jpg,https://fulmo-img-server.com/sacoche-sacolla/a5381f80-298c-4ac6-bf41-5e2230c8b71f.jpg,https://fulmo-img-server.com/sacoche-sacolla/32e3422d-5ab0-40d7-86d1-e0efb52b79a2.jpg,https://fulmo-img-server.com/sacoche-sacolla/99621fb2-f7b7-4c4d-acaf-30e7745829d8.jpg,https://fulmo-img-server.com/sacoche-sacolla/6dfd740b-d9b7-4d08-9536-f9cff7cbcdd0.jpg","","169"
"282","上質なめし革 なでしこサコッシュ","洗練されたデザインのレザーサコッシュは、スタイリッシュなアクセントを加えます。高品質なレザーを使用し、耐久性と使いやすさを兼ね備えています。シンプルながらも美しいフォルムが、どんなシーンにもマッチ。日常使いから特別な場面まで、万能に活躍するアイテムです。","in stock","new","9000 JPY","https://www.sacoche-sacolla.jp/item/282","https://fulmo-img-server.com/sacoche-sacolla/493e7bc6-4559-4fd4-9678-c49195c3a6ef.jpg","sacoche sacolla","https://fulmo-img-server.com/sacoche-sacolla/b9eeb7d2-a583-45a3-a46f-dab419ce7ef8.jpg,https://fulmo-img-server.com/sacoche-sacolla/29f377c0-8507-4a2f-a2e3-dc2db991cf83.jpg,https://fulmo-img-server.com/sacoche-sacolla/569e7ce0-afdd-4ea7-ae12-2c90f86e4346.jpg,https://fulmo-img-server.com/sacoche-sacolla/5e567540-8dee-4d2b-b366-ca8ea64c3491.jpg,https://fulmo-img-server.com/sacoche-sacolla/73c275aa-522e-4ac5-81d4-9d0db67ffd9b.jpg,https://fulmo-img-server.com/sacoche-sacolla/ef05562c-4b9c-43ee-a0f4-9fd08397c82f.jpg,https://fulmo-img-server.com/sacoche-sacolla/836e4211-3a3a-48ac-a43c-58970bd32898.jpg,https://fulmo-img-server.com/sacoche-sacolla/daadfa6c-02db-4855-be03-d1ad45cc3a47.jpg,https://fulmo-img-server.com/sacoche-sacolla/0a7a343c-a84e-44c7-a0c9-7dfa8dffe392.jpg","ブラック / マロン / ベージュ","169"
"283","クラシカルレザーサコッシュ 大人上質","贅沢なしなやかなレザーを使用したサコッシュは、日常使いにぴったりのアイテム。上品な質感が魅力で、どんなスタイルにも調和します。収納力も優れており、必要なものをスマートに持ち運べる設計。街歩きや旅行にも最適な、洗練されたレザーサコッシュで、あなたのスタイルを引き立てます。","in stock","new","4800 JPY","https://www.sacoche-sacolla.jp/item/283","https://fulmo-img-server.com/sacoche-sacolla/2fbf221c-e785-4a66-baeb-2e9ed09ffb62.jpg","sacoche sacolla","https://fulmo-img-server.com/sacoche-sacolla/18c55269-6436-45d8-9800-3bfbe5b9f807.jpg,https://fulmo-img-server.com/sacoche-sacolla/58fc99be-b897-4838-8e70-8fa33c7c032d.jpg,https://fulmo-img-server.com/sacoche-sacolla/f5ebf330-ce63-4fc3-a9c2-580197e630cc.jpg,https://fulmo-img-server.com/sacoche-sacolla/d20cf0e6-cdd8-41d1-9e9b-a02d75be0212.jpg,https://fulmo-img-server.com/sacoche-sacolla/189ed9fc-8b49-40ff-bcd2-40904afededd.jpg,https://fulmo-img-server.com/sacoche-sacolla/6e78df23-8cfb-455e-b33b-c29f473614c5.jpg,https://fulmo-img-server.com/sacoche-sacolla/a25a96b9-6af2-4127-b63e-506dea3173d6.jpg,https://fulmo-img-server.com/sacoche-sacolla/dd611cfd-b202-4385-927a-b88a4e7ad50b.jpg,https://fulmo-img-server.com/sacoche-sacolla/4841e4ec-0537-4b09-b536-b41f1cbd5d2e.jpg","ブラック","169"
"284","アーバンスタイル レザーサコッシュ","高品質なレザーを使用したサコッシュは、スタイリッシュかつ実用的なデザインが魅力です。日常の必需品をスマートに収納できるサイズで、軽量ながら耐久性にも優れています。シンプルな外観は、カジュアルからフォーマルまで幅広いスタイルにマッチし、毎日のコーディネートを引き立てます。おしゃれで機能的なレザーサコッシュを、ぜひ日常に取り入れてみてください。","in stock","new","3420 JPY","https://www.sacoche-sacolla.jp/item/284","https://fulmo-img-server.com/sacoche-sacolla/36782769-5659-474c-8329-204781be51d3.jpg","sacoche sacolla","https://fulmo-img-server.com/sacoche-sacolla/2a4bcad7-c1bd-4648-a7ba-610b32886ddd.jpg,https://fulmo-img-server.com/sacoche-sacolla/eb20b97f-623e-417e-a475-9baf6ecd341a.jpg,https://fulmo-img-server.com/sacoche-sacolla/0c2ce38b-2375-49d5-91df-7c13f5eae07b.jpg,https://fulmo-img-server.com/sacoche-sacolla/d8f52193-dc51-46d9-a750-82b17a70c84e.jpg,https://fulmo-img-server.com/sacoche-sacolla/806776e0-9437-44ea-900e-4323b8a98770.jpg,https://fulmo-img-server.com/sacoche-sacolla/e9c804d7-da3e-42d1-b9e0-66a6417dadd2.jpg,https://fulmo-img-server.com/sacoche-sacolla/c56f0bd3-0976-4e92-a7fa-6161dce6d2ff.jpg,https://fulmo-img-server.com/sacoche-sacolla/13de9931-c0cb-4818-9ff8-20d497f89c7c.jpg,https://fulmo-img-server.com/sacoche-sacolla/fde48e42-c698-4834-93d4-e8ab6effee16.jpg","シルバー","169"
"285","上質な革とキャンバス コンビサコッシュ","上質なレザーを使用したサコッシュは、シンプルでありながら洗練された印象を与えます。キャンバス生地とのバイカラーデザインがアクセントとなり、日常使いにも特別なシーンにもぴったり。コンパクトながら収納力も兼ね備え、スマートなスタイルを演出します。手にするたび、革の質感とデザインの美しさを感じられる一品です。","in stock","new","3540 JPY","https://www.sacoche-sacolla.jp/item/285","https://fulmo-img-server.com/sacoche-sacolla/e673a9ec-6372-48a7-9b40-480909759a17.jpg","sacoche sacolla","https://fulmo-img-server.com/sacoche-sacolla/a4db3387-256d-4eed-b14b-24fc0cb028b8.jpg,https://fulmo-img-server.com/sacoche-sacolla/25fc20de-8d3e-4e22-8d37-f6a240761691.jpg,https://fulmo-img-server.com/sacoche-sacolla/cbd30995-886a-4225-9216-5314e16c18d8.jpg,https://fulmo-img-server.com/sacoche-sacolla/793f489c-a2c8-48cf-bd6f-15f2e2b8154d.jpg,https://fulmo-img-server.com/sacoche-sacolla/c2d6ffbe-053d-486e-ad80-8ee827f5784c.jpg,https://fulmo-img-server.com/sacoche-sacolla/e2e16703-c8ff-45c4-be1a-3541ca1e720a.jpg,https://fulmo-img-server.com/sacoche-sacolla/42efa440-03dd-4c9c-a8f0-5f93b22abd5c.jpg","","169"
"286","シンプル上質レザーサコッシュ","コンパクトなレザーサコッシュは、スマートフォンや財布をすっきり収納できる理想的なアイテム。高品質なレザーを使用し、スタイリッシュなデザインが魅力。普段使いやお出かけにぴったりで、シーンを選ばず活躍します。手軽さと上品さを兼ね備えたこのサコッシュで、洗練されたスタイルを楽しんでみてください。","in stock","new","3200 JPY","https://www.sacoche-sacolla.jp/item/286","https://fulmo-img-server.com/sacoche-sacolla/73f6ce2b-e83f-45ba-807c-17f41efb83f0.jpg","sacoche sacolla","https://fulmo-img-server.com/sacoche-sacolla/268affa9-8c40-4b07-af46-b5b302727d26.jpg,https://fulmo-img-server.com/sacoche-sacolla/2607c482-19b0-42e7-9b43-0106731bb3a0.jpg,https://fulmo-img-server.com/sacoche-sacolla/6d24facb-f74c-4f0c-a32f-b32197d776db.jpg,https://fulmo-img-server.com/sacoche-sacolla/935375e1-4588-4562-9d66-146bad8b7141.jpg,https://fulmo-img-server.com/sacoche-sacolla/ccc7caf2-80bf-40de-8e82-2a093ba087d1.jpg,https://fulmo-img-server.com/sacoche-sacolla/5eaa24e4-c9c0-4dd4-b3eb-393620797244.jpg,https://fulmo-img-server.com/sacoche-sacolla/6f04a4be-e8e0-4e4e-8c40-27c789383d09.jpg,https://fulmo-img-server.com/sacoche-sacolla/deae0bbb-2d4f-4dbe-a3e1-d1c4d97a9b9f.jpg,https://fulmo-img-server.com/sacoche-sacolla/8a85790f-39a0-48d7-a768-592d5b9a6e73.jpg","ブラック / レッド / ネイビー / グレー / ライトグリーン / ピンク / ミントグリーン / ベージュ","169"
"287","しなやかレザーサコッシュ 上質な風合い","滑らかなレザーの質感が際立つサコッシュ。日常使いにぴったりのサイズ感と、長さ調節可能なストラップが魅力。シンプルながらも高級感を漂わせるデザインは、普段使いから特別なお出かけまで、さまざまなシーンで活躍。洗練されたスタイルを求める方におすすめのアイテム。","in stock","new","89640 JPY","https://www.sacoche-sacolla.jp/item/287","https://fulmo-img-server.com/sacoche-sacolla/967ee75f-99bb-434a-9f4a-4ba80b9935b5.jpg","sacoche sacolla","https://fulmo-img-server.com/sacoche-sacolla/247f3245-2778-480b-a03e-e1437273a6d7.jpg,https://fulmo-img-server.com/sacoche-sacolla/f417b66b-9304-4a7e-b57e-a040e36efa45.jpg,https://fulmo-img-server.com/sacoche-sacolla/c43469d7-ee9f-4c05-b95e-2f79dc6d8dbc.jpg,https://fulmo-img-server.com/sacoche-sacolla/d7235fee-368d-48b7-a987-dddca01a073c.jpg,https://fulmo-img-server.com/sacoche-sacolla/b258976c-72ef-4d20-980f-f174c056c498.jpg,https://fulmo-img-server.com/sacoche-sacolla/b201c6e8-dd72-4798-98b3-476f300bd5f0.jpg,https://fulmo-img-server.com/sacoche-sacolla/6b232824-6594-47f9-a1e8-25795a3a0f0f.jpg,https://fulmo-img-server.com/sacoche-sacolla/6b3e2a71-ee9e-4605-b4c0-671ad5e47a6b.jpg,https://fulmo-img-server.com/sacoche-sacolla/cd3a8147-7183-4d42-8f8e-0899f2d40db5.jpg","ブラック / ベージュ","169"
"288","上質な革素材 シンプル機能美サコッシュ","選び抜かれた上質な革を使用したレザーサコッシュは、シンプルでありながら洗練されたデザインが魅力です。どんなスタイルにもマッチし、日常使いに最適。軽量で持ち運びやすく、必要なものをしっかり収納できる実用性も兼ね備えています。洗練された佇まいで、あなたのコーディネートを引き立てるアイテムです。","in stock","new","17740 JPY","https://www.sacoche-sacolla.jp/item/288","https://fulmo-img-server.com/sacoche-sacolla/b20d9169-4576-4eb1-9851-c9f177c839b8.jpg","sacoche sacolla","https://fulmo-img-server.com/sacoche-sacolla/b3be94b5-8db6-418d-adde-dc1112305bab.jpg,https://fulmo-img-server.com/sacoche-sacolla/720ff02d-a165-4939-b447-7a093f60af1c.jpg,https://fulmo-img-server.com/sacoche-sacolla/5e9b87f4-5828-42a3-a02c-99154a8cf802.jpg,https://fulmo-img-server.com/sacoche-sacolla/720f49d0-477b-4d77-b557-03be54212afc.jpg","ブラック","169"
"289","クラシカル本革シンプルサコッシュ","高品質な本革を使用したレザーサコッシュは、洗練されたフラップデザインが魅力。柔らかな素材感と丁寧な縫製により、スタイリッシュな印象を与えます。日常使いから特別なシーンまで幅広く活躍し、持つ人の個性を引き立てるアイテムです。シンプルながらも存在感のあるデザインで、どんなコーディネートにもマッチします。","in stock","new","21180 JPY","https://www.sacoche-sacolla.jp/item/289","https://fulmo-img-server.com/sacoche-sacolla/00b832ee-0b16-450a-97f8-75c1741ab60c.jpg","sacoche sacolla","https://fulmo-img-server.com/sacoche-sacolla/c181e241-2992-4b0f-b94e-91c7f1da2a6f.jpg,https://fulmo-img-server.com/sacoche-sacolla/ea24abad-a5e4-4d8d-a053-4fcbc3303954.jpg,https://fulmo-img-server.com/sacoche-sacolla/e71c9468-8b6c-4c57-8996-e514580fe864.jpg,https://fulmo-img-server.com/sacoche-sacolla/dad8fed2-e36b-4fbd-a4f0-c479944d58d1.jpg,https://fulmo-img-server.com/sacoche-sacolla/29a5df3c-08d6-435e-9407-72d5b12c8fdb.jpg,https://fulmo-img-server.com/sacoche-sacolla/df1240a1-593a-4ea7-bf70-c44a0ad78652.jpg,https://fulmo-img-server.com/sacoche-sacolla/0aedd971-017a-4008-8b5f-41c56444262d.jpg,https://fulmo-img-server.com/sacoche-sacolla/8382f644-39c1-4c60-a402-2a961a39c852.jpg","ブラック","169"
"290","カンガルーマーク高級防水サコッシュ","高品質なレザーを使用したサコッシュは、スタイリッシュなデザインと優れた耐久性を兼ね備えています。防水性に優れ、雨の日でも安心してお使いいただけるため、日常使いはもちろん、アウトドアシーンにも最適です。シンプルながら洗練された印象を与えるこのサコッシュは、あなたのコーディネートを引き立てるアイテムとして活躍します。","in stock","new","6520 JPY","https://www.sacoche-sacolla.jp/item/290","https://fulmo-img-server.com/sacoche-sacolla/f8f86f16-8fec-4db4-9570-cfd86bf9df59.jpg","sacoche sacolla","https://fulmo-img-server.com/sacoche-sacolla/d19d8ac9-404b-4952-aa60-e5869061ab9b.jpg,https://fulmo-img-server.com/sacoche-sacolla/1123d06c-bb86-460a-ab62-53f87b102272.jpg,https://fulmo-img-server.com/sacoche-sacolla/1e5230a5-398a-4138-af16-a681d392d57f.jpg,https://fulmo-img-server.com/sacoche-sacolla/d23ad7ad-a6bd-4f88-81a4-0fea51999a91.jpg,https://fulmo-img-server.com/sacoche-sacolla/c4ccdf6b-6fc2-4bd1-87c9-7b6bca50de12.jpg,https://fulmo-img-server.com/sacoche-sacolla/b6da9dd2-e30e-4a09-9827-0a7fffe19997.jpg,https://fulmo-img-server.com/sacoche-sacolla/3366b531-e681-416a-88d5-466085e70149.jpg,https://fulmo-img-server.com/sacoche-sacolla/974a3f6b-d85d-4c42-b1ec-fd1fd24b73c0.jpg,https://fulmo-img-server.com/sacoche-sacolla/b9463034-5bff-455f-8fbf-6598881a5d6d.jpg","ブラック / ブルー","169"
"291","上質なめし革のミニマルサコッシュ","上質な本革を贅沢に使用したレザーサコッシュ。滑らかな手触りと洗練されたシンプルなデザインが魅力です。必要なものをしっかり収納できる程よいサイズ感で、日常使いやお出かけに最適。スタイルを引き立てるアイテムとして、あなたのコーディネートに華を添えます。","in stock","new","3420 JPY","https://www.sacoche-sacolla.jp/item/291","https://fulmo-img-server.com/sacoche-sacolla/7b4749fa-9dbf-46aa-9f61-efc29a43bcad.jpg","sacoche sacolla","https://fulmo-img-server.com/sacoche-sacolla/6f0c646d-09dd-4b5c-b361-2096cf0541dc.jpg,https://fulmo-img-server.com/sacoche-sacolla/ee970d43-87ae-4db9-9e0b-3060c76817a8.jpg,https://fulmo-img-server.com/sacoche-sacolla/46f56ea2-c975-40ae-bb3a-e36b8add289c.jpg,https://fulmo-img-server.com/sacoche-sacolla/0c434c28-184e-4ca4-a63a-edf672e62262.jpg,https://fulmo-img-server.com/sacoche-sacolla/b2b2086a-2e84-4145-b3c5-df8704528187.jpg,https://fulmo-img-server.com/sacoche-sacolla/2deb2076-388d-45fe-94b2-17e42df9f512.jpg,https://fulmo-img-server.com/sacoche-sacolla/e7bf1311-4f6c-476c-8dd1-7184d22877f2.jpg,https://fulmo-img-server.com/sacoche-sacolla/08c9b6aa-c7d2-4004-9b91-977608559faa.jpg,https://fulmo-img-server.com/sacoche-sacolla/9af928f8-0472-447a-b6bb-aff1834d7f9c.jpg","ブラック / ホワイト / ブラウン / ネイビー","169"
"292","職人の手作り本革サコッシュ","高級感あふれるレザーを贅沢に使用したサコッシュ。シンプルで洗練されたデザインは、日常のコーディネートにぴったり。ちょうど良いサイズ感で、必要なものをしっかり収納できるため、外出時の便利な相棒となります。上質な素材感が持つ人のスタイルを引き立て、どんなシーンでも活躍するアイテムです。","in stock","new","24160 JPY","https://www.sacoche-sacolla.jp/item/292","https://fulmo-img-server.com/sacoche-sacolla/d651bbe0-450c-4b38-89ae-9f9e3eac7e31.jpg","sacoche sacolla","https://fulmo-img-server.com/sacoche-sacolla/c22eead9-9588-4afa-bafc-22c786158407.jpg,https://fulmo-img-server.com/sacoche-sacolla/476d46a4-4c38-4a63-8911-137d460537b0.jpg,https://fulmo-img-server.com/sacoche-sacolla/12f8e648-4744-4b50-9cb5-72de3c26d02b.jpg,https://fulmo-img-server.com/sacoche-sacolla/86ac33eb-0b88-45cd-9c63-073e47ecb100.jpg,https://fulmo-img-server.com/sacoche-sacolla/7f6c6c28-5d20-4ec8-ac4a-93d61e2363f1.jpg,https://fulmo-img-server.com/sacoche-sacolla/ad799b65-d7f3-49ba-b232-daac70c35d8d.jpg,https://fulmo-img-server.com/sacoche-sacolla/0f5505f1-dc92-4a2c-8cb4-77fe351c9368.jpg,https://fulmo-img-server.com/sacoche-sacolla/486ecdcb-63b3-4909-9a60-c8c9ca82c107.jpg,https://fulmo-img-server.com/sacoche-sacolla/9d6832e1-dda2-4f10-9783-9c2760b9a604.jpg","蜜蝋 / フォレストグリーン / ネイビー / ブラック","169"
"293","なめし革の職人手作りミニサコッシュ","高級感溢れるレザーを使用したサコッシュ。洗練されたデザインと機能性を兼ね備え、普段使いから特別なシーンまで幅広く活躍するアイテム。職人の手による緻密な縫製が、耐久性と美しさを両立。贅沢な革の質感が、持つ人の個性を引き立てる。","in stock","new","7000 JPY","https://www.sacoche-sacolla.jp/item/293","https://fulmo-img-server.com/sacoche-sacolla/5bb63864-7899-4092-845c-d99adc5bbbd2.jpg","sacoche sacolla","https://fulmo-img-server.com/sacoche-sacolla/b9203fb9-7064-46d1-abfd-8deadbd7035a.jpg,https://fulmo-img-server.com/sacoche-sacolla/4d1cf4d2-e643-4265-98e8-faeb60453d23.jpg,https://fulmo-img-server.com/sacoche-sacolla/805955fd-a4e2-4e34-921a-c2cc9928f6b5.jpg,https://fulmo-img-server.com/sacoche-sacolla/d082c208-a84b-435b-813c-5bfbddd307d0.jpg,https://fulmo-img-server.com/sacoche-sacolla/1e50280e-7b00-452d-91ea-506237d63932.jpg,https://fulmo-img-server.com/sacoche-sacolla/e32edf45-036b-4baf-9998-595d81f998df.jpg,https://fulmo-img-server.com/sacoche-sacolla/67682ddc-7561-4816-bf7f-953d646959be.jpg,https://fulmo-img-server.com/sacoche-sacolla/0d6327c9-7fc0-4829-a405-2df376550c13.jpg,https://fulmo-img-server.com/sacoche-sacolla/00f1575d-145d-46b3-8c53-b194351229f4.jpg","グレー / ピンク / ベージュ / ブラック / パープル / キャメル / グリーン / ブラウン","169"
"294","職人による手縫いレザーサコッシュ","贅沢な本革を用いたレザーサコッシュは、シンプルながらも洗練されたデザインが魅力。手縫いの丁寧なステッチが高級感を演出し、耐久性のある金具が長く愛用できる信頼性を提供。普段使いから特別なシーンまで幅広く活躍する一品。手に馴染む質感と機能性を兼ね備えたこのサコッシュで、スタイリッシュなコーディネートを楽しもう。","in stock","new","23740 JPY","https://www.sacoche-sacolla.jp/item/294","https://fulmo-img-server.com/sacoche-sacolla/1165ead6-239f-4fd2-8b4e-ea98488313f6.jpg","sacoche sacolla","https://fulmo-img-server.com/sacoche-sacolla/8c46c7f9-8973-45dd-8e06-112db48d9ef5.jpg,https://fulmo-img-server.com/sacoche-sacolla/356465bd-2767-44a0-9389-a80166488389.jpg,https://fulmo-img-server.com/sacoche-sacolla/515f6c61-5473-4001-b292-c63c819d5b1a.jpg,https://fulmo-img-server.com/sacoche-sacolla/731f234c-7f3f-4f13-b437-8d6c95ad9b55.jpg,https://fulmo-img-server.com/sacoche-sacolla/ceb1ae3b-05c7-486d-9f1a-58e71587c456.jpg,https://fulmo-img-server.com/sacoche-sacolla/13430917-b9dc-4e22-9606-2b5d3ae6c6a3.jpg,https://fulmo-img-server.com/sacoche-sacolla/f7e05333-0c4c-4a80-9dce-a872805b7a74.jpg,https://fulmo-img-server.com/sacoche-sacolla/5d56b3a1-cb85-4606-9817-32527000ac4b.jpg,https://fulmo-img-server.com/sacoche-sacolla/86bd6818-0662-4795-ae1d-b2420201c474.jpg","蜜蜡色 / フォレストグリーン / レッド / ブラック","169"
"295","職人が作る本革サコッシュ","洗練されたデザインのレザーサコッシュは、日常使いに最適なアイテム。上質な牛革を使用し、職人の手によって丁寧に仕上げられたこのサコッシュは、耐久性と美しさを兼ね備えています。シンプルな外観ながら、収納力も抜群。カジュアルからフォーマルまで幅広いスタイルにマッチし、使うほどに味わいが増す一品です。","in stock","new","12700 JPY","https://www.sacoche-sacolla.jp/item/295","https://fulmo-img-server.com/sacoche-sacolla/c31a9528-8867-421f-8b14-9daa60797058.jpg","sacoche sacolla","https://fulmo-img-server.com/sacoche-sacolla/4ea3b396-8fb5-4ae1-b2a2-c0e4a189e91a.jpg,https://fulmo-img-server.com/sacoche-sacolla/61c9ee97-3455-4e79-ba17-e74c15a38996.jpg,https://fulmo-img-server.com/sacoche-sacolla/0a32a666-d4f1-4bd4-8010-f050dfcb97ff.jpg,https://fulmo-img-server.com/sacoche-sacolla/bc02c4f5-7798-4c3d-8376-90c17ce1df01.jpg,https://fulmo-img-server.com/sacoche-sacolla/cfc1192f-ce64-4205-8b3b-1cfc7e57e2be.jpg,https://fulmo-img-server.com/sacoche-sacolla/d1312703-8d32-4472-ad56-39dfc5ed08da.jpg,https://fulmo-img-server.com/sacoche-sacolla/ae7d72c1-aec5-46fe-9e1b-a1a569cae412.jpg,https://fulmo-img-server.com/sacoche-sacolla/34cabcbe-1d9d-4174-9147-527e814d4e53.jpg,https://fulmo-img-server.com/sacoche-sacolla/73919557-12dd-453a-99f8-236ac7ce1d95.jpg","ライトブラウン / ダークブラウン","169"
"296","サコッシュ 洗練シンプル本革斜め掛けミニバッグ","柔らかな質感の本革を使用したレザーサコッシュ。 長さ調節可能な細めのショルダーストラップと、すっきりとした薄型フォルムが特徴です。 日常使いからちょっとしたお出かけまで幅広く活躍するサコッシュは、端末や財布などの必需品をコンパクトに収納できます。 無駄のないデザインで大人の品格を演出する、使いやすさと上質さを兼ね備えた逸品です。","in stock","new","14500 JPY","https://www.sacoche-sacolla.jp/item/296","https://fulmo-img-server.com/sacoche-sacolla/752509fa-31d4-48a1-ad5a-818460ba1771.jpg","sacoche sacolla","https://fulmo-img-server.com/sacoche-sacolla/5f12dab5-a3c2-481c-8d5a-87e62f19560e.jpg,https://fulmo-img-server.com/sacoche-sacolla/7bde0dce-21db-4126-9ef3-012279a1d87b.jpg,https://fulmo-img-server.com/sacoche-sacolla/efcdeae0-02e2-4739-a6c7-f051811a4362.jpg,https://fulmo-img-server.com/sacoche-sacolla/560107dc-1140-4bc1-a9be-e18c34b5eb7c.jpg","ブラック / グレーホワイト","169"
"297","サコッシュ 洗練ミニマルポケットサコッシュ","シンプルな佇まいながら上質な素材感が際立つレザーサコッシュ。 薄型設計ながら収納力に優れ、日常使いに最適なサイズ感です。 長さ調節可能なストラップで斜め掛けスタイルが楽しめるサコッシュは、カジュアルからきれいめまで幅広いコーディネートに馴染みます。 本革の経年変化も楽しみなレザーサコッシュは、長く愛用できる逸品です。","in stock","new","17020 JPY","https://www.sacoche-sacolla.jp/item/297","https://fulmo-img-server.com/sacoche-sacolla/8cc7a6be-d021-4f94-833f-5c5430e14406.jpg","sacoche sacolla","https://fulmo-img-server.com/sacoche-sacolla/edc1bcdf-3579-43c2-9a5f-a66d63612918.jpg,https://fulmo-img-server.com/sacoche-sacolla/fe27640e-6c86-454b-ba80-49e348d0f6c5.jpg,https://fulmo-img-server.com/sacoche-sacolla/4f9b9c2c-ac12-46e2-802d-ea1fea125e6e.jpg,https://fulmo-img-server.com/sacoche-sacolla/ac899e00-0f6c-4b95-8628-faa6755730cf.jpg,https://fulmo-img-server.com/sacoche-sacolla/66a6f594-c530-4a89-828e-38b351ba7fe3.jpg,https://fulmo-img-server.com/sacoche-sacolla/ac18ae29-eb0c-4755-b742-f6621ac05590.jpg,https://fulmo-img-server.com/sacoche-sacolla/c03257d7-64ce-45ce-b490-c3b66e95c0fa.jpg","ブラック","169"
"298","サコッシュ 上質素材の休日サコッシュ","柔らかな手触りと深みのある風合いが魅力のレザーサコッシュです。 使いやすいシンプルなデザインに、上質な本革の質感が日常に贅沢さを添えます。 長さ調節可能なショルダーストラップで、快適な携帯性を実現。 サコッシュならではの薄型ながらも、必要な小物をしっかり収納できる実用性も兼ね備えています。","in stock","new","22440 JPY","https://www.sacoche-sacolla.jp/item/298","https://fulmo-img-server.com/sacoche-sacolla/86f5ad7a-fda8-47fc-b0bd-8248b5bcf560.jpg","sacoche sacolla","https://fulmo-img-server.com/sacoche-sacolla/a5776b38-2267-4a0b-8934-f4c63dcd3d52.jpg,https://fulmo-img-server.com/sacoche-sacolla/2bf9d230-ca59-4cca-9cb7-47cc0d0777ee.jpg,https://fulmo-img-server.com/sacoche-sacolla/c6c397de-e1be-4267-9456-6c2fc9c2a914.jpg,https://fulmo-img-server.com/sacoche-sacolla/0b2c8b69-2d55-40ee-aefa-c0989af701cc.jpg,https://fulmo-img-server.com/sacoche-sacolla/b5629f0d-1ab4-43c4-b998-566777372fe4.jpg,https://fulmo-img-server.com/sacoche-sacolla/b50c1eeb-2a79-4fea-a042-e13a2935c862.jpg,https://fulmo-img-server.com/sacoche-sacolla/98719c2e-24af-459d-b7a0-1bd9c3d7ddb3.jpg","オータムリーフ / ブラック / ブラウン / グリーン","169"
"299","サコッシュ 洗練された都会派レザーサコッシュ","シンプルながらも上質な革素材を活かした都会的なレザーサコッシュ。 丁寧に仕上げられた質感と適度な収納力が魅力のサコッシュは、ビジネスからカジュアルまで幅広いシーンで活躍します。 肩掛けスタイルで両手が自由に使え、実用性とデザイン性を兼ね備えたレザーサコッシュは、日常使いにぴったりの逸品です。","in stock","new","6520 JPY","https://www.sacoche-sacolla.jp/item/299","https://fulmo-img-server.com/sacoche-sacolla/55252bd4-10ae-48b0-b2ca-826ef903f2fd.jpg","sacoche sacolla","https://fulmo-img-server.com/sacoche-sacolla/9b67437d-f60f-4ad0-808d-a3b3578b113f.jpg,https://fulmo-img-server.com/sacoche-sacolla/6e326561-c050-43e7-b788-44edab1f4d10.jpg,https://fulmo-img-server.com/sacoche-sacolla/e1cbad73-70fe-4be0-a73e-74874decc9fb.jpg,https://fulmo-img-server.com/sacoche-sacolla/3b43709b-6b19-403e-bf62-28edb5e58d50.jpg","ブラック / グレー","169"
"300","サコッシュ 上質な革素材の洗練ミニショルダー","シンプルで洗練されたデザインのレザーサコッシュは、日常使いに最適な大きさと機能性を兼ね備えています。 上質な革素材を使用し、長く愛用できる耐久性と美しい質感が特徴です。 調節可能なショルダーストラップで斜め掛けや肩掛けなど、様々な持ち方ができるサコッシュです。 必要な小物をコンパクトに収納でき、どんなスタイルにも合わせやすいレザーサコッシュです。","in stock","new","4900 JPY","https://www.sacoche-sacolla.jp/item/300","https://fulmo-img-server.com/sacoche-sacolla/50421652-9400-4a0f-8f05-71dc2efd60e8.jpg","sacoche sacolla","https://fulmo-img-server.com/sacoche-sacolla/61db1003-e76b-4c8f-9535-155f45ee74ed.jpg,https://fulmo-img-server.com/sacoche-sacolla/0ee23062-56ce-4089-bf7f-67ad6ca409c4.jpg,https://fulmo-img-server.com/sacoche-sacolla/087c9c23-8390-4d57-8078-f3bb0941e6a2.jpg,https://fulmo-img-server.com/sacoche-sacolla/dd25d869-ee23-4b7e-b510-54779753ec11.jpg,https://fulmo-img-server.com/sacoche-sacolla/56c232a8-71d6-437f-a7e9-513b1e162f95.jpg,https://fulmo-img-server.com/sacoche-sacolla/1f8a929c-a9ac-493e-9f3e-c4f8529e1868.jpg,https://fulmo-img-server.com/sacoche-sacolla/0165a7fc-d1e2-4763-aa65-84c4e177c860.jpg,https://fulmo-img-server.com/sacoche-sacolla/be208510-e5cf-48c8-8b6a-a051d74b9b67.jpg,https://fulmo-img-server.com/sacoche-sacolla/90f16b65-ce99-4532-8bdd-2bd4e66c940f.jpg","ブラック","169"
"301","サコッシュ 上品さを極めた方形レザーサコッシュ","洗練された佇まいが魅力のレザーサコッシュ。 最小限のデザインで日常に溶け込む美しさを追求しました。 上質な革素材を贅沢に使用し、長く愛用できる耐久性を備えています。 調節可能なショルダーストラップ付きで、スマートに持ち歩けるサコッシュです。 必要な小物をコンパクトに収納できる実用性も兼ね備えています。","in stock","new","3580 JPY","https://www.sacoche-sacolla.jp/item/301","https://fulmo-img-server.com/sacoche-sacolla/a18b325b-d75c-41ca-8d71-f747ac9f4bde.jpg","sacoche sacolla","https://fulmo-img-server.com/sacoche-sacolla/d1dcdc0a-7ca2-4c26-8787-d745117864f9.jpg,https://fulmo-img-server.com/sacoche-sacolla/14b76b21-7b9b-4e7f-b33f-78199fe3eeba.jpg,https://fulmo-img-server.com/sacoche-sacolla/1a1e86e1-42e4-4b7f-8b5e-d472cb81f072.jpg,https://fulmo-img-server.com/sacoche-sacolla/855deeb6-56da-49f4-9a83-7cd2b7542e8d.jpg,https://fulmo-img-server.com/sacoche-sacolla/ba81d3ff-820a-4022-a526-a8400ff2b75e.jpg,https://fulmo-img-server.com/sacoche-sacolla/745dc060-3ead-4fdd-b401-394734926c91.jpg,https://fulmo-img-server.com/sacoche-sacolla/9adc33c6-b967-414f-90a3-ee21e874ab48.jpg","ブラック","169"
"302","サコッシュ 洗練された上質レザーミニサコッシュ","シンプルで洗練されたデザインが魅力のレザーサコッシュです。 柔らかな質感の上質な革素材を使用し、必要最小限の荷物を収納できる絶妙なサイズ感が特徴です。 長さ調節可能なショルダーストラップで斜め掛けスタイルが楽しめます。 サコッシュならではの薄型フォルムで日常使いからお出かけまで幅広く活躍するレザーサコッシュです。","in stock","new","5320 JPY","https://www.sacoche-sacolla.jp/item/302","https://fulmo-img-server.com/sacoche-sacolla/398a6ffc-e1a2-4058-9620-279fbcfe4e39.jpg","sacoche sacolla","https://fulmo-img-server.com/sacoche-sacolla/2f820050-d050-4568-903f-ac0cf3c86fbe.jpg,https://fulmo-img-server.com/sacoche-sacolla/4044717a-7738-4895-a92e-2d5694eb948b.jpg,https://fulmo-img-server.com/sacoche-sacolla/48d40769-92e5-4c34-b44d-8fd2bc208ff3.jpg,https://fulmo-img-server.com/sacoche-sacolla/e06f0c64-2d2d-46ce-91a7-d749c7181226.jpg","ブラック / ベージュ","169"
"303","サコッシュ 上質な牛革コンパクトサコッシュ","必要最小限のものだけを持ち歩けるレザーサコッシュ。 柔らかな質感の本革を使用し、シンプルで洗練されたデザインに仕上げました。 結び目が特徴的な細めの肩掛け紐で、軽快な印象を与えます。 小さめのサイズ感でありながら、お札や小銭、カードなどの必需品はしっかり収納可能。 サコッシュならではの手軽さと上質なレザーの高級感を兼ね備えた逸品です。","in stock","new","9040 JPY","https://www.sacoche-sacolla.jp/item/303","https://fulmo-img-server.com/sacoche-sacolla/fa16a950-0240-404f-ae4e-7d06292f7aca.jpg","sacoche sacolla","https://fulmo-img-server.com/sacoche-sacolla/2b93b535-bcf5-4ca9-8b31-041509f2bf7b.jpg,https://fulmo-img-server.com/sacoche-sacolla/82aa248c-e49b-4ca9-ac27-0385eda0ed4a.jpg,https://fulmo-img-server.com/sacoche-sacolla/806c092e-610f-4227-a023-45c81791e919.jpg,https://fulmo-img-server.com/sacoche-sacolla/8185cf63-4c83-460d-bdf6-f6df75492127.jpg,https://fulmo-img-server.com/sacoche-sacolla/fe40bc5d-8752-48fc-a761-aa88da9afc48.jpg,https://fulmo-img-server.com/sacoche-sacolla/afef023d-bd2b-4dd6-944f-24c3cfd15ea8.jpg,https://fulmo-img-server.com/sacoche-sacolla/855614cd-21cf-40a2-acb7-cf6abe83576c.jpg,https://fulmo-img-server.com/sacoche-sacolla/c910cf4b-7e7a-43a6-a833-4c3f654e1015.jpg,https://fulmo-img-server.com/sacoche-sacolla/ccae255b-0a8a-4ab5-9daa-fa2488239a79.jpg","レッド / イエロー / グリーン / シルバー / ブルー / ピンク / ホワイト / ブラック / オレンジ","169"
"304","サコッシュ ミニマルポケットサコッシュ","シンプルなデザインが魅力のナイロン製サコッシュ。 薄型で身体にフィットする設計で、必要最小限の荷物を持ち歩くのに最適です。 前面のボタン留めポケットと小さめのロゴが上品なアクセントに。 調節可能な肩掛けストラップ付きで、日常使いからちょっとしたお出かけまで幅広く活躍するサコッシュです。","in stock","new","3040 JPY","https://www.sacoche-sacolla.jp/item/304","https://fulmo-img-server.com/sacoche-sacolla/ac9bcbd5-8a99-4bac-b816-1c6aa83b8160.jpg","sacoche sacolla","https://fulmo-img-server.com/sacoche-sacolla/470657cb-6600-41aa-a395-3adfd0c5e310.jpg,https://fulmo-img-server.com/sacoche-sacolla/1f2121dc-7224-4826-a982-4cf830f014cb.jpg,https://fulmo-img-server.com/sacoche-sacolla/9d85fee6-8d99-4bf4-a20e-b0d7f411a7f8.jpg","アイスブルー / グレー / ライトブルー / イエロー / 抹茶グリーン / キャラメル / モカブラウン / ブラック","169"
"305","サコッシュ 洗練シンプル 職人手作りミニバッグ","必要なものだけを持ち歩く、すっきりとした日常を演出するレザーサコッシュ。 上質な本革を使用し、細部まで丁寧に仕上げた職人技が光る逸品です。 コンパクトながらも使いやすい設計で、ミニマルな装いに映えるサコッシュとして日常使いからちょっとしたお出かけまで幅広く活躍します。 シンプルなデザインで様々な装いに合わせやすく、長く愛用できる革製品です。","in stock","new","34120 JPY","https://www.sacoche-sacolla.jp/item/305","https://fulmo-img-server.com/sacoche-sacolla/fe21fa4b-8d32-427e-93e8-f9b270ff3da8.jpg","sacoche sacolla","https://fulmo-img-server.com/sacoche-sacolla/304d714d-49d5-4644-a741-4cabbd1cba6d.jpg,https://fulmo-img-server.com/sacoche-sacolla/65171237-d6bb-42fb-9be6-cf6d92ae4348.jpg,https://fulmo-img-server.com/sacoche-sacolla/676df552-fd54-45a6-bf85-fd24c770bdb1.jpg,https://fulmo-img-server.com/sacoche-sacolla/4c13fa98-6419-40b9-8373-cce37e1e2a44.jpg,https://fulmo-img-server.com/sacoche-sacolla/06d5cc77-2b77-4899-bffc-dd2951840d2d.jpg,https://fulmo-img-server.com/sacoche-sacolla/9afa10cf-5376-4331-b125-2a5f12cd7675.jpg,https://fulmo-img-server.com/sacoche-sacolla/1dddb02b-d236-4ff6-a8fc-25bd05e0abfc.jpg","ブラック / レッド / ブラウン","169"
"306","サコッシュ 洗練ミニマル本革サコッシュ","上質な本革を使用した機能美あふれるレザーサコッシュ。 必要最小限のデザインながら、フロントのスナップボタンと絶妙なサイズ感が日常使いの利便性を高めています。 肩掛けスタイルでハンズフリーを実現するサコッシュは、スマートなシルエットで洋服を選ばない汎用性が魅力。 日々の外出からちょっとしたお出かけまで、大人の品格を添えるレザーサコッシュです。","in stock","new","5300 JPY","https://www.sacoche-sacolla.jp/item/306","https://fulmo-img-server.com/sacoche-sacolla/65cb1df9-dd6c-4eec-9e35-d8d4bba4c6cf.jpg","sacoche sacolla","https://fulmo-img-server.com/sacoche-sacolla/24664a65-247e-4ab4-8046-855cf4120001.jpg,https://fulmo-img-server.com/sacoche-sacolla/0d79e0bd-e6d5-4aa9-a7c8-c02d89703dfd.jpg,https://fulmo-img-server.com/sacoche-sacolla/757e1431-7cf8-41fd-b565-bdeffd3678b4.jpg,https://fulmo-img-server.com/sacoche-sacolla/480e82ad-5ac8-4c7c-af95-dcaa38af3d8c.jpg","ブラック","169"
"307","サコッシュ 洗練された四角形のレザーサコッシュ","無駄のないシンプルな形状が魅力的なレザーサコッシュです。 厳選された素材を使用し、丁寧な縫製で仕上げられた逸品です。 薄型でありながら必要な小物を収納できる実用性と、どんな装いにも合わせやすい洗練されたデザイン性を両立したサコッシュです。 肩掛けできる長さの調節可能なストラップ付きで、日常使いからちょっとしたお出かけまで幅広いシーンで活躍します。","in stock","new","3040 JPY","https://www.sacoche-sacolla.jp/item/307","https://fulmo-img-server.com/sacoche-sacolla/f7a60e02-fae5-4ded-9a1a-a4a46f2ec981.jpg","sacoche sacolla","https://fulmo-img-server.com/sacoche-sacolla/475cdf01-cbc2-48b1-97cc-b56638e31d37.jpg,https://fulmo-img-server.com/sacoche-sacolla/4399bcd8-4143-42a4-8f88-c8fa1bb9d7ac.jpg,https://fulmo-img-server.com/sacoche-sacolla/72e8a97e-f5b8-4e32-8a90-b09ac791eda7.jpg,https://fulmo-img-server.com/sacoche-sacolla/32a9b1a2-0d2d-4455-8996-18309c30c151.jpg,https://fulmo-img-server.com/sacoche-sacolla/e63d5b9b-ed83-426f-ab18-b5c0f569f36c.jpg,https://fulmo-img-server.com/sacoche-sacolla/7c8c36f6-afba-4d1e-8a61-cfbf68857d31.jpg,https://fulmo-img-server.com/sacoche-sacolla/2e054876-b9d9-4e66-a4d3-5ab35e81e0fe.jpg,https://fulmo-img-server.com/sacoche-sacolla/c64d6800-4099-4fcf-8a58-3edb36a54369.jpg,https://fulmo-img-server.com/sacoche-sacolla/943137a0-f771-4ce2-a80e-187d428bea72.jpg","ベージュ / ブラック","169"
"308","サコッシュ 三角デザイン 上質肩掛けレザーサコッシュ","上質な素材を使用した実用的なレザーサコッシュは、日常使いにぴったりのアイテムです。 前面にあしらわれた三角形の金具がアクセントとなり、洗練された印象を与えます。 調節可能な肩掛けストラップと前面ポケットで機能性も兼ね備えたサコッシュです。 薄型でありながら必要な小物をすっきり収納できる設計で、カジュアルからビジネスまで幅広いシーンで活躍します。","in stock","new","12040 JPY","https://www.sacoche-sacolla.jp/item/308","https://fulmo-img-server.com/sacoche-sacolla/55bbe677-f820-43b1-bf7d-6221c4b26de6.jpg","sacoche sacolla","https://fulmo-img-server.com/sacoche-sacolla/20269ef7-f997-4be4-b93d-b9603f81f857.jpg,https://fulmo-img-server.com/sacoche-sacolla/8fc54e49-e9f4-4399-a2a9-df670b45014c.jpg,https://fulmo-img-server.com/sacoche-sacolla/c5f67951-daf2-4de2-961e-d74a630d1aa3.jpg,https://fulmo-img-server.com/sacoche-sacolla/0e203739-b1af-4122-b126-aa7d97c93a32.jpg,https://fulmo-img-server.com/sacoche-sacolla/c429ddb5-a355-4714-ab8d-6b218d0e95e0.jpg,https://fulmo-img-server.com/sacoche-sacolla/37ec124d-9147-47cb-9fe1-e00418de1c2e.jpg,https://fulmo-img-server.com/sacoche-sacolla/abe6da90-6e0a-429c-99d9-33cae845ad58.jpg,https://fulmo-img-server.com/sacoche-sacolla/92f75921-3316-4c3e-b7ef-e3636e1d7e11.jpg","","169"
"309","サコッシュ 職人技が光る上質ミニ財布サコッシュ","細部まで丁寧な縫製が特徴のレザーサコッシュ。 上質な素材感と洗練されたフォルムが日常のコーディネートに馴染みます。 実用性とデザイン性を兼ね備え、必要最小限の持ち物をスマートに持ち運ぶサコッシュの理想形。 ボタン留めのフラップと調節可能なストラップで、快適な使い心地を実現したレザーサコッシュです。","in stock","new","3620 JPY","https://www.sacoche-sacolla.jp/item/309","https://fulmo-img-server.com/sacoche-sacolla/353449eb-0b5e-4acd-9893-6172d24cdd3d.jpg","sacoche sacolla","https://fulmo-img-server.com/sacoche-sacolla/7e61ddbf-28a8-43f7-817b-0aa89ad0e35b.jpg,https://fulmo-img-server.com/sacoche-sacolla/f161fdfb-dc98-4759-a8ec-9b30d74fe45b.jpg,https://fulmo-img-server.com/sacoche-sacolla/a0567d73-317a-46d6-9d49-715865b5a9be.jpg,https://fulmo-img-server.com/sacoche-sacolla/92468aed-30b4-4ee6-be8b-544dd72e81e9.jpg","ブラック / レッド / ブラウン","169"
"310","サコッシュ 本革クラッチ 職人技サコッシュ","上質な本革を使用した高級感あふれるレザーサコッシュ。 手首に掛けられるストラップ付きで持ち運びに便利なデザインです。 表面には品質の証となる刻印入り。 ファスナー開閉式で中身が安心して収納できます。 ビジネスからカジュアルまで幅広いシーンで活躍するサコッシュです。","in stock","new","2780 JPY","https://www.sacoche-sacolla.jp/item/310","https://fulmo-img-server.com/sacoche-sacolla/ed857f68-d8e5-4fe3-83b6-1fa596cacbae.jpg","sacoche sacolla","https://fulmo-img-server.com/sacoche-sacolla/bb3770d2-8c4b-4847-8945-5a1b2888cd15.jpg,https://fulmo-img-server.com/sacoche-sacolla/1b17703f-d0e2-45e6-8c7d-a0eb46b9c2e6.jpg,https://fulmo-img-server.com/sacoche-sacolla/3b5fba4b-f603-49e2-a11a-9f47116175d7.jpg,https://fulmo-img-server.com/sacoche-sacolla/32969865-660b-414b-be12-870994b58621.jpg","ブラック / ダークブラウン / カーキ","169"
"311","サコッシュ 上質な手触り シンプル本革ポシェット","上質な天然皮革を使用したレザーサコッシュ。 柔らかな質感と耐久性を兼ね備えた本革製で、経年変化も楽しめる逸品です。 シンプルなデザインでありながら、高級感あふれる佇まいが魅力のサコッシュ。 斜めがけスタイルで両手が自由に使え、日常使いからちょっとしたお出かけまで幅広く活躍します。","in stock","new","5260 JPY","https://www.sacoche-sacolla.jp/item/311","https://fulmo-img-server.com/sacoche-sacolla/d952fa1e-c386-4729-b5cb-9b519a9d3a99.jpg","sacoche sacolla","https://fulmo-img-server.com/sacoche-sacolla/bc05af7f-cd2b-4c70-ac1d-9eeb8321ff2d.jpg,https://fulmo-img-server.com/sacoche-sacolla/28fe9237-01f1-4ecf-823a-d3052a89a725.jpg,https://fulmo-img-server.com/sacoche-sacolla/e00a3cee-fc63-4897-a10e-791c788a7f36.jpg,https://fulmo-img-server.com/sacoche-sacolla/159afe80-f695-4486-a175-f87cef605d48.jpg","ブラック / グリーン / ワインレッド / ブラウン / ベージュ / レッド / ライトブルー / ピンク","169"
"312","サコッシュ 上質な本革ミニショルダーバッグ","厳選された本革を使用したレザーサコッシュ。 薄型ながらも機能的な内部設計で、日常使いに最適な大きさです。 取り外し可能なショルダーストラップと手首に掛けられるリストストラップ付きで、様々な持ち方に対応。 ジッパー開閉式で中身の安全を確保する実用的なサコッシュです。","in stock","new","5860 JPY","https://www.sacoche-sacolla.jp/item/312","https://fulmo-img-server.com/sacoche-sacolla/3d638849-e469-4e27-8457-0172f5f5c78c.jpg","sacoche sacolla","https://fulmo-img-server.com/sacoche-sacolla/01e59634-2cc3-4a08-9c1b-41e51c55097b.jpg,https://fulmo-img-server.com/sacoche-sacolla/53ac1672-77cc-465d-8e73-56549d7d4cb2.jpg,https://fulmo-img-server.com/sacoche-sacolla/27ef40ee-0472-4263-8f7a-b1fec2cb217b.jpg,https://fulmo-img-server.com/sacoche-sacolla/3a07b097-ade8-4b79-9239-f7c039dce1a0.jpg,https://fulmo-img-server.com/sacoche-sacolla/72d34f1d-f7a9-49c2-9bb9-66da6d8a3253.jpg","ブラックストライプ / ブラックチェック","169"
"313","サコッシュ 透明窓付き 携帯収納 本革ミニショルダー","スマートフォンを見やすく収納できる透明窓付きのレザーサコッシュです。 長さ調整可能なショルダーストラップで快適な斜め掛けが楽しめます。 本革の高級感ある質感と機能性を兼ね備えたサコッシュで、日常使いからちょっとしたお出かけまで幅広く活躍します。 ファスナー付きで大切な小物もしっかり守ります。","in stock","new","5860 JPY","https://www.sacoche-sacolla.jp/item/313","https://fulmo-img-server.com/sacoche-sacolla/a258277f-26e7-432f-b62a-14ed48eed8b9.jpg","sacoche sacolla","https://fulmo-img-server.com/sacoche-sacolla/3cbbd6f1-75f6-4f62-99b9-1c515e51d763.jpg,https://fulmo-img-server.com/sacoche-sacolla/2ae449af-068b-448b-85b6-5391909a5c68.jpg,https://fulmo-img-server.com/sacoche-sacolla/e70d30e4-e0ab-4634-bf89-367179e0896e.jpg,https://fulmo-img-server.com/sacoche-sacolla/0bc5b4fa-68d2-4889-bb66-64e7f94a88d3.jpg,https://fulmo-img-server.com/sacoche-sacolla/bd7f18c6-2c9d-4f3a-beba-a29048053499.jpg,https://fulmo-img-server.com/sacoche-sacolla/964d4a25-ad02-48f8-b346-71eb7dfb1be3.jpg,https://fulmo-img-server.com/sacoche-sacolla/e9a35304-2dd1-4f0e-83b7-b1d60753fbdc.jpg,https://fulmo-img-server.com/sacoche-sacolla/8cd9d24d-e120-4612-bba2-d9680886f1e1.jpg","ブラック（チェック柄） / ブラック（ストライプ）","169"
"314","サコッシュ 伝統模様ストラップ本革サコッシュ","厳選された上質な本革を使用したレザーサコッシュ。 伝統的な幾何学模様のストラップが特徴で、ファッション性と実用性を兼ね備えています。 程よいサイズ感でスマートフォンや財布などの必需品を収納でき、日常使いにぴったりのサコッシュです。 肩掛けやななめ掛けなど様々な使い方ができ、どんな装いにも合わせやすい洗練されたデザインになっています。","in stock","new","4380 JPY","https://www.sacoche-sacolla.jp/item/314","https://fulmo-img-server.com/sacoche-sacolla/43184015-f8ef-4b81-9a4b-c755c94e7194.jpg","sacoche sacolla","https://fulmo-img-server.com/sacoche-sacolla/5a359c35-bc87-4727-b21d-1bf238c71155.jpg,https://fulmo-img-server.com/sacoche-sacolla/7bbb469b-7e7a-4e06-85c8-4392f63359ce.jpg,https://fulmo-img-server.com/sacoche-sacolla/32983023-c7e5-497d-b00d-0a1c7da8f7eb.jpg,https://fulmo-img-server.com/sacoche-sacolla/4907f80c-6821-4abb-bdaf-ca312efaa3e9.jpg,https://fulmo-img-server.com/sacoche-sacolla/354ec53f-c7c9-4708-bcee-473ea034b231.jpg,https://fulmo-img-server.com/sacoche-sacolla/eae1005f-0ff9-449e-a583-bd4ac189c25c.jpg,https://fulmo-img-server.com/sacoche-sacolla/6cbf295d-395b-4fdb-8987-ef48c723c4b8.jpg,https://fulmo-img-server.com/sacoche-sacolla/cf05a363-93de-439f-b6b5-76153c6941ea.jpg,https://fulmo-img-server.com/sacoche-sacolla/8acb0b43-2550-4a88-98d2-14e310635112.jpg","ライトブラウン / ブラック / ダークブラウン","169"
"315","サコッシュ 上質革のスリムサコッシュ","シンプルなフォルムが魅力のレザーサコッシュ。 上質な本革を使用し、手触りの良さと耐久性を兼ね備えています。 薄型設計でありながら必要な小物をしっかり収納でき、肩掛けスタイルで両手が自由に使えるのが特徴です。 サコッシュとしての機能性とシンプルな美しさで、日常使いからちょっとしたお出かけまで幅広く活躍します。","in stock","new","12400 JPY","https://www.sacoche-sacolla.jp/item/315","https://fulmo-img-server.com/sacoche-sacolla/ec3bbaae-c052-4acc-bdf0-e3dff70d77ed.jpg","sacoche sacolla","https://fulmo-img-server.com/sacoche-sacolla/8df9a7ba-1e19-49bd-9be7-3f63ed640465.jpg,https://fulmo-img-server.com/sacoche-sacolla/a0a015ec-adfc-450a-a361-0009102c6b2c.jpg,https://fulmo-img-server.com/sacoche-sacolla/f20565d4-cb10-4653-b102-9f751a91285b.jpg,https://fulmo-img-server.com/sacoche-sacolla/303e15ec-db9c-46a7-8c87-4fd195886ad6.jpg,https://fulmo-img-server.com/sacoche-sacolla/64ff51ee-b489-41bc-9f18-9619ea9da01a.jpg,https://fulmo-img-server.com/sacoche-sacolla/e24ac971-7ad7-4921-9d54-a78abb255a51.jpg,https://fulmo-img-server.com/sacoche-sacolla/42f1f31c-1eb9-4a9a-8f06-43a7227bfd83.jpg,https://fulmo-img-server.com/sacoche-sacolla/542ac50e-e95d-4994-8410-2c98ff7a3b63.jpg,https://fulmo-img-server.com/sacoche-sacolla/51bf8fe2-8718-45d3-bde1-b805bf2ef3de.jpg","レッド / ブラック / ブラウン / ホワイト","169"
"316","サコッシュ 上質な革の日常使いショルダーバッグ","洗練されたデザインと機能性を兼ね備えたレザーサコッシュです。 柔らかな本革を使用し、シンプルな佇まいながらも上品な存在感を放ちます。 薄マチながら必要な小物をすっきりと収納でき、肩掛けスタイルで両手が自由に使えるサコッシュとして日常の様々なシーンで活躍します。 素材の経年変化も楽しめる、長く愛用いただける逸品です。","in stock","new","22480 JPY","https://www.sacoche-sacolla.jp/item/316","https://fulmo-img-server.com/sacoche-sacolla/f2f4aa7d-a299-402a-97c2-ddf39e69db51.jpg","sacoche sacolla","https://fulmo-img-server.com/sacoche-sacolla/0142d5da-0019-49dc-a0b2-cd05f7f03b67.jpg,https://fulmo-img-server.com/sacoche-sacolla/71962dca-5491-4ae5-84f2-75e20a8cb425.jpg,https://fulmo-img-server.com/sacoche-sacolla/055fef15-40fa-45bb-91ac-7a857b2ae2c8.jpg,https://fulmo-img-server.com/sacoche-sacolla/fbd7f6a4-8ee7-4eb5-b1e2-10d6f70c7ba0.jpg,https://fulmo-img-server.com/sacoche-sacolla/00d9afc3-9145-4eaa-9b28-5cdfc6fa0fb4.jpg,https://fulmo-img-server.com/sacoche-sacolla/ec620147-154e-4dc2-82b4-1886c4af69d8.jpg,https://fulmo-img-server.com/sacoche-sacolla/cff775c2-0a2d-4035-9ac3-f6ff41e20f5d.jpg,https://fulmo-img-server.com/sacoche-sacolla/0db71792-a8cf-44f1-97e5-5e6b8c267971.jpg","エンジ / ダークブラウン / ブラック","169"
"317","サコッシュ 洗練スクエアハンドルレザーサコッシュ","シンプルな美しさと実用性を兼ね備えたレザーサコッシュ。 滑らかな質感の上質な本革を使用し、クラシカルでありながら現代的なデザインに仕上げました。 長めのハンドルで肩掛けスタイルも楽しめ、小ぶりながら必要な小物がしっかり収まる実用的なサイズ感。 サコッシュの魅力を存分に引き出した、日常使いからちょっとしたお出かけまで幅広く活躍する逸品です。","in stock","new","10680 JPY","https://www.sacoche-sacolla.jp/item/317","https://fulmo-img-server.com/sacoche-sacolla/2469a77f-cb6e-4ff8-b538-09385f954930.jpg","sacoche sacolla","https://fulmo-img-server.com/sacoche-sacolla/16c575bf-b76a-4ccb-9bb1-3f29d67462e1.jpg,https://fulmo-img-server.com/sacoche-sacolla/ede5492b-977d-4cd2-9390-d4f9efc37c80.jpg,https://fulmo-img-server.com/sacoche-sacolla/4f81fb84-01af-494e-90f7-9e21d1f51c57.jpg,https://fulmo-img-server.com/sacoche-sacolla/78683a42-336b-4b99-ba53-3f40b43e9a15.jpg","ワインレッド / オフホワイト / ブラック / ライトイエロー / ピンク / シルバー / ブラウン","169"
"318","サコッシュ 職人の手仕事 なめらか本革サコッシュ","日常に溶け込む上質なレザーサコッシュ。 厳選された本革を使用し、職人の丁寧な縫製で仕上げました。 適度な収納力とすっきりとしたデザインで、普段使いからちょっとしたお出かけまで幅広く活躍します。 ショルダーストラップは長さ調節可能で、体にフィットする快適な使い心地です。 サコッシュとしての機能性と、上質なレザーサコッシュならではの風合いをお楽しみください。","in stock","new","16980 JPY","https://www.sacoche-sacolla.jp/item/318","https://fulmo-img-server.com/sacoche-sacolla/2020e223-a193-41d7-a6f7-882b0d752fec.jpg","sacoche sacolla","https://fulmo-img-server.com/sacoche-sacolla/2d42ba46-60d7-4970-b594-dba8644b23dd.jpg,https://fulmo-img-server.com/sacoche-sacolla/d560a704-a493-43a8-a514-e0e055258f5d.jpg,https://fulmo-img-server.com/sacoche-sacolla/cba27cb0-4dae-4875-b0ef-9dee08dfb123.jpg,https://fulmo-img-server.com/sacoche-sacolla/005e6bde-2f10-434c-8ebf-b7c2891a46dc.jpg,https://fulmo-img-server.com/sacoche-sacolla/05906447-2a90-47a4-a7f5-5d819efb0d42.jpg,https://fulmo-img-server.com/sacoche-sacolla/4ac6dc6c-6d4b-4d4c-b47a-563af9c8914e.jpg,https://fulmo-img-server.com/sacoche-sacolla/dee0bf76-5e04-40db-9cf5-be1eba497873.jpg,https://fulmo-img-server.com/sacoche-sacolla/cf52452b-dec9-45f0-ae45-1665d7276cd0.jpg,https://fulmo-img-server.com/sacoche-sacolla/325e448a-6e1f-49b3-adfb-82666b0792db.jpg","キャラメル / ブラウン / ブラック","169"
"319","サコッシュ 通気性抜群 軽量網目ウエストポーチ","通気性に優れたメッシュ素材を使用したサコッシュです。 調節可能なベルトで体にしっかりフィットし、快適な装着感を実現。 ワンタッチで簡単に着脱できる実用的な留め具付き。 中身が見える網目構造で必要な物がすぐに見つかり、収納力も十分。 軽量で負担が少なく、運動時や屋外活動におすすめのメッシュサコッシュです。","in stock","new","2780 JPY","https://www.sacoche-sacolla.jp/item/319","https://fulmo-img-server.com/sacoche-sacolla/e702e979-1193-4a80-a885-1bbd3b26c2df.jpg","sacoche sacolla","https://fulmo-img-server.com/sacoche-sacolla/24720366-06c9-4bc2-84d4-b832db2c64e3.jpg,https://fulmo-img-server.com/sacoche-sacolla/96cff63b-c5fc-4885-b9d7-0c9ceb241e90.jpg,https://fulmo-img-server.com/sacoche-sacolla/f12244ad-d611-44e7-a0cc-068670fd9aec.jpg,https://fulmo-img-server.com/sacoche-sacolla/5ae67195-92cc-4cfa-a632-be6ea091ff07.jpg,https://fulmo-img-server.com/sacoche-sacolla/aded303c-6fd1-4172-bc3e-7924366df0b6.jpg","ブラック","169"
"320","サコッシュ 透明収納ポケット付きサコッシュ","実用性と洗練さが融合したメッシュ素材のサコッシュ。 通気性抜群のメッシュポケットと防水性のある上部素材の組み合わせで、小物の整理に最適です。 長さ調節可能な肩掛けストラップと巾着式の紐で、使い勝手の良さを追求しました。 軽量かつ丈夫なサコッシュは、アウトドアからタウンユースまで幅広く活躍します。","in stock","new","14340 JPY","https://www.sacoche-sacolla.jp/item/320","https://fulmo-img-server.com/sacoche-sacolla/4c59cf53-c028-49bf-a848-f376e153150e.jpg","sacoche sacolla","https://fulmo-img-server.com/sacoche-sacolla/1d8395d7-f2e7-4a8f-8661-37e44548b184.jpg,https://fulmo-img-server.com/sacoche-sacolla/a2d9e4c5-19b8-437d-b08d-b82fa30f12d0.jpg,https://fulmo-img-server.com/sacoche-sacolla/294c6a76-8d27-4592-881c-a46358615f51.jpg,https://fulmo-img-server.com/sacoche-sacolla/7299f076-0f9f-4140-8b5c-5dda260452d4.jpg,https://fulmo-img-server.com/sacoche-sacolla/07da8717-c429-4b79-9b7f-aa835dd13321.jpg,https://fulmo-img-server.com/sacoche-sacolla/38677c8a-3548-4115-9c2c-74a03af4d38f.jpg,https://fulmo-img-server.com/sacoche-sacolla/9bc06cd8-79df-411a-b8b4-bf7d816696a6.jpg","ホワイト / グレー / ベージュ","169"
"321","軽量ナイロンミニサコッシュ スマホポケット付き","シンプルなデザインの軽量ナイロンサコッシュです。 携帯電話やお財布など必要最小限の荷物を収納できるコンパクトサイズ。 長さ調節可能なショルダーストラップで斜め掛けスタイルが楽しめます。 普段使いからちょっとしたお出かけまで幅広く活躍するサコッシュです。","in stock","new","3160 JPY","https://www.sacoche-sacolla.jp/item/321","https://fulmo-img-server.com/sacoche-sacolla/92245d25-bfb8-49f2-a221-435db58c1e6d.jpg","sacoche sacolla","https://fulmo-img-server.com/sacoche-sacolla/c825be71-f18b-44c3-a049-807c573b1efa.jpg,https://fulmo-img-server.com/sacoche-sacolla/d73d627b-4fa5-4bd9-88a8-b37037dfcd40.jpg,https://fulmo-img-server.com/sacoche-sacolla/d5196e90-ee46-4d75-baa6-720b3578c20f.jpg,https://fulmo-img-server.com/sacoche-sacolla/0a70c08e-650d-4067-8012-f94a864eeea2.jpg,https://fulmo-img-server.com/sacoche-sacolla/bf883782-fc0a-4e3d-b214-4976df1442fd.jpg,https://fulmo-img-server.com/sacoche-sacolla/43bc1d84-aa7b-4fab-855b-901afbe0869d.jpg,https://fulmo-img-server.com/sacoche-sacolla/c2aa9feb-a574-4235-b6eb-fbff06c4aaaf.jpg,https://fulmo-img-server.com/sacoche-sacolla/e1f70777-f8a9-4060-b953-3d39aaaee858.jpg","ホワイト / ブラック / ブルー / イエロー","169"
"322","コンパクト半月型ナイロンサコッシュ","軽量なナイロン素材を使用した機能的なサコッシュです。 半月型のスタイリッシュなフォルムで、スポーティーかつ上品な印象を与えます。 内部には小物を整理できるポケットが2つ付いており、実用性も抜群。 調節可能なショルダーストラップで、快適な着用感を実現したナイロンサコッシュは日常使いに最適です。","in stock","new","5260 JPY","https://www.sacoche-sacolla.jp/item/322","https://fulmo-img-server.com/sacoche-sacolla/6d6f9e9c-de2d-4967-8d66-66bc4b6d5383.jpg","sacoche sacolla","https://fulmo-img-server.com/sacoche-sacolla/8e024709-68c3-442c-a22a-39fbf2b51191.jpg","クリームホワイト（ペンダント付き） / アーモンドホワイト","169"
"323","シンプル円筒形ナイロンサコッシュ","100%ナイロン素材で作られた防水機能付きの円筒形サコッシュです。 底部には綿素材の厚手の層があり、内部に仕切りポケット付き。 マジックテープ開閉式で13インチノートパソコンや雑誌、書籍などが収納可能。 調節可能なショルダーストラップで快適な装着感を実現したカジュアルなデザインのサコッシュです。","in stock","new","5860 JPY","https://www.sacoche-sacolla.jp/item/323","https://fulmo-img-server.com/sacoche-sacolla/f8f7e8cd-7c2c-4f3e-bf95-46bcf0906dd1.jpg","sacoche sacolla","https://fulmo-img-server.com/sacoche-sacolla/7ad6e7d6-2a7c-4fc8-a698-65481c950d28.jpg,https://fulmo-img-server.com/sacoche-sacolla/1cc8b7d3-5b45-4fe6-af2d-63bd2a3d4c33.jpg,https://fulmo-img-server.com/sacoche-sacolla/dd979ddb-819f-4a32-bffb-05b7b09771bb.jpg,https://fulmo-img-server.com/sacoche-sacolla/32bb246a-6009-4fa7-a0b3-4d638b881f13.jpg,https://fulmo-img-server.com/sacoche-sacolla/f0fa4191-763b-402f-a270-88b55726fbe4.jpg,https://fulmo-img-server.com/sacoche-sacolla/e64ac7af-7fdc-4816-9e79-85e79d9e5141.jpg,https://fulmo-img-server.com/sacoche-sacolla/ed3b7444-6626-4fdb-a382-3ce6d11c3a8c.jpg","アーミーグリーン / ネイビーブルー / グレー","169"
"324","サコッシュ シルキーフリルハンドルクラウドバッグ","シワ加工を施したシルキーな質感のナイロン素材を使用したクラウド形状のサコッシュです。 フリルハンドルが特徴的で、脇下や肩にかけて様々な持ち方ができる実用的なデザイン。 大容量設計で12インチタブレットやA4サイズの書類も収納可能で、日常使いに最適なアイテムです。","in stock","new","4260 JPY","https://www.sacoche-sacolla.jp/item/324","https://fulmo-img-server.com/sacoche-sacolla/8aca0ac6-1441-43ba-a3fc-0d6d925b168c.jpg","sacoche sacolla","https://fulmo-img-server.com/sacoche-sacolla/7a2fcb08-dc50-4e05-88d6-f76199a89d24.jpg,https://fulmo-img-server.com/sacoche-sacolla/4ac1969d-2545-4b45-8c4d-27629b3f71b3.jpg,https://fulmo-img-server.com/sacoche-sacolla/f6d6740b-cc3a-49f2-a302-f2488c49b955.jpg,https://fulmo-img-server.com/sacoche-sacolla/66399f44-65bc-492d-a014-af77b791582a.jpg,https://fulmo-img-server.com/sacoche-sacolla/ea633974-af3f-46bf-a99c-ac7d6d8e4ff2.jpg,https://fulmo-img-server.com/sacoche-sacolla/366769d5-d452-4c0a-a058-3a3b38f2b688.jpg,https://fulmo-img-server.com/sacoche-sacolla/19f47eca-632b-4ccb-b83c-049c629f9eb2.jpg,https://fulmo-img-server.com/sacoche-sacolla/0a08af0c-43b6-44ec-8d8c-51510a18fcd7.jpg","グレー / ピンクパープル / ブラック / アイスブルー / ベージュ","169"
"325","折りたたみ式防水サコッシュ 軽量ショルダーバッグ","アウトドアやお買い物に最適な防水素材のサコッシュバッグです。 軽量で折りたたみができるため、使わない時はコンパクトに収納可能。 調節可能なショルダーストラップ付きで、快適な着用感を実現。 シンプルなデザインで男女問わず使えるサコッシュです。","in stock","new","3160 JPY","https://www.sacoche-sacolla.jp/item/325","https://fulmo-img-server.com/sacoche-sacolla/f0952d42-205c-4ef3-9b68-c3f576fb494f.jpg","sacoche sacolla","https://fulmo-img-server.com/sacoche-sacolla/cb4627e4-5f1d-4dd6-99a4-7896d4506dd4.jpg,https://fulmo-img-server.com/sacoche-sacolla/99982958-8323-46a6-95e5-74ece89350e5.jpg,https://fulmo-img-server.com/sacoche-sacolla/06361b58-47a5-4c02-8360-d3e10353d438.jpg,https://fulmo-img-server.com/sacoche-sacolla/15bafd5b-1ffa-48ab-bb6e-b29540caa4a6.jpg,https://fulmo-img-server.com/sacoche-sacolla/135dc16e-8ec7-4d7e-b8a0-2592e8d8c37c.jpg","パープル / ブルー / グレー / ビーングリーン / ブラック","169"
"326","コンパクトビジネスナイロンサコッシュ","シンプルで洗練されたデザインのナイロンサコッシュです。 日常の必需品やスマートフォンを収納できる実用的なサイズ感が特徴。 丈夫なナイロン素材を使用しており、軽量かつ耐久性に優れています。 調節可能なショルダーストラップ付きで、通勤や外出時の携帯に便利なサコッシュです。","in stock","new","2160 JPY","https://www.sacoche-sacolla.jp/item/326","https://fulmo-img-server.com/sacoche-sacolla/ef6d1ca6-b233-4a4d-9911-a1b9dcb3b744.jpg","sacoche sacolla","https://fulmo-img-server.com/sacoche-sacolla/ddf751cb-fddb-461c-91b5-e9b151c0547f.jpg,https://fulmo-img-server.com/sacoche-sacolla/cb9cad65-5e4b-49e6-8450-5672595a09f9.jpg,https://fulmo-img-server.com/sacoche-sacolla/0df792b2-d375-4ae0-8c5d-9d78b1e8b76a.jpg,https://fulmo-img-server.com/sacoche-sacolla/82b95561-77c6-444b-a53d-fbdd1bc6923f.jpg,https://fulmo-img-server.com/sacoche-sacolla/bfc20b0d-6b96-4e5c-9069-82e948759efd.jpg,https://fulmo-img-server.com/sacoche-sacolla/788030e1-ff1a-4190-90e6-147363e9ead6.jpg,https://fulmo-img-server.com/sacoche-sacolla/ad5bf6e9-74eb-41d8-a160-94922be364c9.jpg","グリーン / ブラック / グレー / ブルー","169"
"327","シンプル大容量ナイロンサコッシュ","ナイロン素材で仕上げた軽量でありながらも大容量のサコッシュバッグ。 日常使いに最適な斜めがけデザインで、学生から大人まで幅広く愛用できる実用性の高いアイテムです。 シンプルなデザインで様々なスタイルに合わせやすく、普段のお出かけやちょっとした買い物に便利なサイズ感です。","in stock","new","3040 JPY","https://www.sacoche-sacolla.jp/item/327","https://fulmo-img-server.com/sacoche-sacolla/7a1fa961-8df9-490f-aada-f278925842d3.jpg","sacoche sacolla","https://fulmo-img-server.com/sacoche-sacolla/01f06e2d-fb35-4a8f-8070-fc0299e35c02.jpg,https://fulmo-img-server.com/sacoche-sacolla/fb8e642a-3245-4434-8bad-f17b89f41acf.jpg,https://fulmo-img-server.com/sacoche-sacolla/88c95a12-317b-42f3-9de1-3bfc7592c2cf.jpg,https://fulmo-img-server.com/sacoche-sacolla/dc84f9fb-7386-4dde-aae8-e6ea054aa3db.jpg,https://fulmo-img-server.com/sacoche-sacolla/2bc61d03-0a6f-403e-a80e-ed0fae135dd1.jpg,https://fulmo-img-server.com/sacoche-sacolla/2d0a9875-fb45-41a9-96dc-778ab35e4744.jpg,https://fulmo-img-server.com/sacoche-sacolla/5babf580-cb32-4f84-8d52-2e4cb5d775c3.jpg,https://fulmo-img-server.com/sacoche-sacolla/5f2761c9-e175-4079-93c9-f8c5e45ca329.jpg","オレンジ / オフホワイト / ブラック / グリーン","169"
"328","高機能ナイロン製タブレット対応サコッシュ","耐久性に優れたコーデュラナイロン素材を使用したサコッシュです。 磁気式ロック採用で開閉がスムーズかつ安全性も確保。 11インチタブレットが収納可能なサイズ感で、日常使いからちょっとしたお出かけまで幅広く活躍します。 内部には小物を整理できるポケットつきで、機能性とデザイン性を兼ね備えたナイロンサコッシュです。","in stock","new","16600 JPY","https://www.sacoche-sacolla.jp/item/328","https://fulmo-img-server.com/sacoche-sacolla/f64accab-ce7e-497b-99bb-86628508bbe5.jpg","sacoche sacolla","https://fulmo-img-server.com/sacoche-sacolla/a125b602-1e5f-4e9d-b6a6-66e1368c72db.jpg,https://fulmo-img-server.com/sacoche-sacolla/19ca4a01-58d2-4382-b630-a62fb9466974.jpg,https://fulmo-img-server.com/sacoche-sacolla/213a1b5b-7c17-46ba-bafd-c652463f10b2.jpg,https://fulmo-img-server.com/sacoche-sacolla/b2595d9e-a90f-4a6b-8916-f426210588de.jpg,https://fulmo-img-server.com/sacoche-sacolla/a46aedae-eb45-4520-9865-90a5fc37a450.jpg,https://fulmo-img-server.com/sacoche-sacolla/327a87f3-6f51-485a-b402-1ccfed372a57.jpg,https://fulmo-img-server.com/sacoche-sacolla/0ea35f3a-78cc-4b65-bd9d-5a749f137142.jpg,https://fulmo-img-server.com/sacoche-sacolla/3c9ef81b-d9bf-4c7f-b6dc-b6c5d084b306.jpg","ブラック","169"
"329","多収納ポケットナイロンサコッシュ","日常使いに便利な多層構造のナイロンサコッシュ。 複数の収納ポケットで小物をすっきり整理でき、スマートフォンや財布など必需品をコンパクトに収納できます。 軽量なナイロン素材で長時間の持ち歩きも快適。 調節可能なショルダーストラップ付きで斜め掛けスタイルが楽しめるサコッシュです。","in stock","new","2380 JPY","https://www.sacoche-sacolla.jp/item/329","https://fulmo-img-server.com/sacoche-sacolla/2b7b7579-0491-4c58-a2ca-9e64f6a826e1.jpg","sacoche sacolla","https://fulmo-img-server.com/sacoche-sacolla/b0569050-d385-43b7-8fed-3f834a22dac2.jpg,https://fulmo-img-server.com/sacoche-sacolla/18919b20-6651-4cf2-a390-8b95930649a4.jpg,https://fulmo-img-server.com/sacoche-sacolla/46b174d3-26d5-4c8f-80a5-569990d9cffa.jpg,https://fulmo-img-server.com/sacoche-sacolla/1027391f-8f35-4f66-bc28-2bea6caad305.jpg,https://fulmo-img-server.com/sacoche-sacolla/39658c27-4e66-41cb-99aa-3d25d09faa0b.jpg,https://fulmo-img-server.com/sacoche-sacolla/e142caec-ade8-4d08-aec8-8b5508a28927.jpg,https://fulmo-img-server.com/sacoche-sacolla/ddb462d5-6b55-45b0-9c2a-b846d21b6d64.jpg","ライトパープル / ブラック / ボルドー / ライトカーキ","169"
"330","日系通勤スタイル防水ナイロンサコッシュ","シンプルながらも実用的な防水ナイロン素材のサコッシュです。 通勤や普段使いにぴったりのデザインで、ポケットが充実しており小物の整理がしやすい構造になっています。 軽量で約0.22kgと負担が少なく、タブレットなども収納可能なサイズ感が魅力です。 ユニセックスデザインで幅広いコーディネートに合わせやすいサコッシュとなっています。","in stock","new","3380 JPY","https://www.sacoche-sacolla.jp/item/330","https://fulmo-img-server.com/sacoche-sacolla/d3ab20a7-1a61-4f57-88fe-965ddef404c6.jpg","sacoche sacolla","https://fulmo-img-server.com/sacoche-sacolla/2e1ed0f6-c8c9-4041-8510-58f8770b48e3.jpg,https://fulmo-img-server.com/sacoche-sacolla/c27eaa89-79ec-4d99-9751-8a1791b13649.jpg,https://fulmo-img-server.com/sacoche-sacolla/428783c7-9a01-4b16-8f91-da8105309f51.jpg,https://fulmo-img-server.com/sacoche-sacolla/5533442e-c5f3-42d9-add3-26d09894642d.jpg,https://fulmo-img-server.com/sacoche-sacolla/5d2c26e3-b699-48aa-bef3-b21312c4ebc5.jpg,https://fulmo-img-server.com/sacoche-sacolla/59e69e50-5f22-4115-a822-19dbaa577ef8.jpg,https://fulmo-img-server.com/sacoche-sacolla/4724a1df-ce73-4960-8c3a-f68cfa357805.jpg,https://fulmo-img-server.com/sacoche-sacolla/3fee3221-a717-4519-b18c-8342adeccb0b.jpg","ブラック / オレンジ / グレー / カーキ / ホワイト","169"
"331","三日月型ナイロンサコッシュ 大容量斜めがけバッグ","日常使いに最適な軽量ナイロン素材のサコッシュバッグです。 三日月のような独特なフォルムが個性的で、通勤や通学にぴったり。 大容量設計で必需品をすっきり収納でき、シンプルなデザインで様々なコーディネートに合わせやすいのが魅力です。 肩掛けと斜めがけの2WAY仕様で、シーンに合わせた使い方ができます。","in stock","new","3460 JPY","https://www.sacoche-sacolla.jp/item/331","https://fulmo-img-server.com/sacoche-sacolla/7174fe9c-65ea-4421-9b34-872ae8991d7a.jpg","sacoche sacolla","https://fulmo-img-server.com/sacoche-sacolla/74a62fb9-fce8-4808-8ce5-f11156ecc24c.jpg,https://fulmo-img-server.com/sacoche-sacolla/1e714800-5453-48e6-8c7f-09681dc798fb.jpg,https://fulmo-img-server.com/sacoche-sacolla/aab84f4c-67fa-49e5-bcb8-4c2b51e8697f.jpg,https://fulmo-img-server.com/sacoche-sacolla/a26da23e-6210-40d8-bf55-00ed22c05ba5.jpg,https://fulmo-img-server.com/sacoche-sacolla/9f302fd2-50cf-4b61-a098-e826bf756c82.jpg,https://fulmo-img-server.com/sacoche-sacolla/b97c9e85-0619-47c3-8a33-c4ade8ea0bc9.jpg,https://fulmo-img-server.com/sacoche-sacolla/37a7d1cb-b249-486f-8dc6-3f0f5ddbaac9.jpg,https://fulmo-img-server.com/sacoche-sacolla/a25b063c-59b2-456e-a8c8-6b311d327eea.jpg","ブラウン / パープル / ブラック / ベージュ / グリーン","169"
"332","都会派バイカラー防水メッセンジャーサコッシュ","スタイリッシュなバイカラーデザインの防水サコッシュです。 日常使いから通勤まで幅広く活躍する実用的なメッセンジャーバッグ。 9.7インチタブレットが収納可能な大容量設計で、前面と背面にファスナーポケットを備え、小物の整理にも便利。 防水素材を使用しているため、急な雨でも中身を守ります。","in stock","new","4800 JPY","https://www.sacoche-sacolla.jp/item/332","https://fulmo-img-server.com/sacoche-sacolla/084fa297-2f43-432a-ae65-57db7430a429.jpg","sacoche sacolla","https://fulmo-img-server.com/sacoche-sacolla/6dd70082-b40d-4f87-af8c-a0e99eedf17e.jpg","グレーブルー","169"
"333","ナイロン素材 軽量コンパクトサコッシュ","軽量で持ち運びやすいナイロン素材のサコッシュバッグです。 半月型のスタイリッシュなデザインで、肩掛けやクロスボディでの使用に適しています。 必要な小物をコンパクトに収納できる実用性と、シンプルな見た目で様々なコーディネートに合わせやすいのが特徴です。","in stock","new","2960 JPY","https://www.sacoche-sacolla.jp/item/333","https://fulmo-img-server.com/sacoche-sacolla/197f1557-ce39-416e-b860-58c57ef40a7b.jpg","sacoche sacolla","https://fulmo-img-server.com/sacoche-sacolla/69f8a6d3-11f0-4b81-a9c6-87b11169ef99.jpg,https://fulmo-img-server.com/sacoche-sacolla/67165bc1-c6f2-466b-bb01-a0107eefc7f8.jpg,https://fulmo-img-server.com/sacoche-sacolla/4b821361-4848-44be-9329-87024047c477.jpg,https://fulmo-img-server.com/sacoche-sacolla/19302750-f232-4290-abf2-2b6edd111187.jpg,https://fulmo-img-server.com/sacoche-sacolla/f0cebaed-0a70-4f76-a65f-a385a45b3559.jpg,https://fulmo-img-server.com/sacoche-sacolla/5170c159-df21-4d21-8e50-9f5f4ab03682.jpg,https://fulmo-img-server.com/sacoche-sacolla/5d07d38a-4066-4990-883d-15a4feb6011c.jpg,https://fulmo-img-server.com/sacoche-sacolla/1d70fcc0-7d86-4403-bdd6-697d009dc603.jpg","ホワイト / グリーン / ブラック / オレンジ","169"
"334","大容量メッセンジャーサコッシュ ナイロン素材","機能性に優れたナイロン素材のサコッシュバッグ。 大容量設計でタブレットや日用品を余裕で収納できる実用的なアイテム。 調節可能なショルダーストラップと複数のポケットで、使い勝手抜群。 防水性に優れたナイロン素材を使用しているため、急な雨にも対応可能です。","in stock","new","3260 JPY","https://www.sacoche-sacolla.jp/item/334","https://fulmo-img-server.com/sacoche-sacolla/4e05205d-5f1f-4c24-9559-b5a906ae5be2.jpg","sacoche sacolla","https://fulmo-img-server.com/sacoche-sacolla/7e99c236-a355-4f84-b7ac-ba0d3deb1fe2.jpg,https://fulmo-img-server.com/sacoche-sacolla/2a41eb4f-2443-4a3f-a74c-ca50f2fb1bc9.jpg,https://fulmo-img-server.com/sacoche-sacolla/430500b5-5d03-4ba0-b57a-d5fcf7db95cc.jpg,https://fulmo-img-server.com/sacoche-sacolla/81586ab5-890e-466f-97e1-905dbdb1157e.jpg,https://fulmo-img-server.com/sacoche-sacolla/477f7471-b625-4de5-a5b2-7ac64159c71f.jpg,https://fulmo-img-server.com/sacoche-sacolla/259e25ad-5205-42af-a4fa-645ceb12fcde.jpg","グリーン / グレー / ブラック","169"
"335","シンプル筒型ナイロンサコッシュ","シンプルなデザインの筒型ナイロンサコッシュです。 防水性に優れた素材を使用しており、日常使いから旅行、スポーツまで幅広いシーンで活躍します。 軽量でありながら収納力も抜群で、斜め掛けできる調節可能なショルダーストラップ付き。 小物整理に便利な内ポケット構造も充実しています。","in stock","new","3000 JPY","https://www.sacoche-sacolla.jp/item/335","https://fulmo-img-server.com/sacoche-sacolla/210d4d1c-3ad9-416f-93c3-9a4c49ac7410.jpg","sacoche sacolla","https://fulmo-img-server.com/sacoche-sacolla/6babb091-67d5-48b8-95ab-1574ff97619a.jpg,https://fulmo-img-server.com/sacoche-sacolla/290a4666-50b9-4d61-9fd6-085ccba324ba.jpg,https://fulmo-img-server.com/sacoche-sacolla/da0fe082-ffc1-4efc-8bdc-784097ff7e74.jpg,https://fulmo-img-server.com/sacoche-sacolla/801f2584-2281-433a-89a8-67d89481b25a.jpg,https://fulmo-img-server.com/sacoche-sacolla/6f02dbe4-f2cf-4261-a9a8-19230569c1b3.jpg,https://fulmo-img-server.com/sacoche-sacolla/cd7739a4-8144-4360-b62f-565b58a1a805.jpg,https://fulmo-img-server.com/sacoche-sacolla/d0456f26-b82e-414f-bacf-ccf3ad47adfb.jpg","ブラック / ブルー / レッド","169"
"336","コンパクトナイロンサコッシュ スマホポケット付き","軽量で実用的なナイロン素材のサコッシュ。前面にファスナーポケットを配置し、メインコンパートメントには内ポケットも完備。 携帯電話やカード類など日常の必需品をスマートに収納できる実用性の高いデザインです。 調節可能なショルダーストラップで快適な装着感を実現し、アウトドアやタウンユースに最適なサコッシュです。","in stock","new","4840 JPY","https://www.sacoche-sacolla.jp/item/336","https://fulmo-img-server.com/sacoche-sacolla/364a96c8-6f7f-42af-be7d-85a34870ada8.jpg","sacoche sacolla","https://fulmo-img-server.com/sacoche-sacolla/ae4e51a9-e9cf-4c94-88fc-d555c8bd20bd.jpg,https://fulmo-img-server.com/sacoche-sacolla/02acd633-b04f-4927-9034-e1e3579ded83.jpg,https://fulmo-img-server.com/sacoche-sacolla/7be6ab27-0498-4bd2-97bc-a43b2bdfbad6.jpg,https://fulmo-img-server.com/sacoche-sacolla/f299a7e3-cd5b-4b0b-a6a1-61a38506ec26.jpg,https://fulmo-img-server.com/sacoche-sacolla/65bf5434-2e0a-4e28-9426-b833eb3ea845.jpg,https://fulmo-img-server.com/sacoche-sacolla/1662573f-9460-47f6-b6fb-f6c31471885c.jpg","ベージュ / ブラック","169"
"337","三層収納スマホポケット付きナイロンサコッシュ","軽量でコンパクトなナイロン素材のサコッシュです。 三層構造になっており、スマートフォンや小物をしっかり整理して収納できます。 長さ調節可能なショルダーストラップ付きで斜め掛けスタイルにぴったり。 約240gの軽量設計で日常使いにも旅行用としても便利なサコッシュです。","in stock","new","3420 JPY","https://www.sacoche-sacolla.jp/item/337","https://fulmo-img-server.com/sacoche-sacolla/c68b21cc-bb02-48a6-9f04-4e4e38de7210.jpg","sacoche sacolla","https://fulmo-img-server.com/sacoche-sacolla/0cda1461-de4c-46de-82da-ad053f59ccf5.jpg,https://fulmo-img-server.com/sacoche-sacolla/0d53ab26-6b8c-47bf-b2a5-82fc3f8a2bb4.jpg,https://fulmo-img-server.com/sacoche-sacolla/56d25dec-47e4-4475-a7fc-2f2ba53eb787.jpg,https://fulmo-img-server.com/sacoche-sacolla/b18d2e94-50b6-47ae-9317-3101ea3edbb4.jpg,https://fulmo-img-server.com/sacoche-sacolla/a56562b1-c1b2-4042-958e-6a9423a91b09.jpg,https://fulmo-img-server.com/sacoche-sacolla/c6bb9b45-4416-4711-84df-ce5b1d49e6bf.jpg,https://fulmo-img-server.com/sacoche-sacolla/8a97943f-c45e-4d9d-bcb0-cd9f13401265.jpg,https://fulmo-img-server.com/sacoche-sacolla/f9edcfc7-8d13-45ef-a292-1d495d1e40ad.jpg","テラコッタ / ラベンダー / セージグリーン / クリーム / ココア / アンバー / コーヒー / ブラック","169"
"338","軽量ナイロン巾着ミニサコッシュ","日常使いに最適な軽量ナイロン素材のミニサコッシュです。 巾着タイプの開閉で、スマートフォンや小物をすっきり収納できます。 側面のメッシュポケットが便利で、長さ調節可能なショルダーストラップ付き。 シンプルでありながら機能的なデザインは、どんなコーディネートにも合わせやすいサコッシュです。","in stock","new","3040 JPY","https://www.sacoche-sacolla.jp/item/338","https://fulmo-img-server.com/sacoche-sacolla/44c8b3e5-a2b8-4f22-9d1c-67afa99b670e.jpg","sacoche sacolla","https://fulmo-img-server.com/sacoche-sacolla/83673203-ef0d-46f2-806f-7e46c3f590a2.jpg,https://fulmo-img-server.com/sacoche-sacolla/480d8156-a626-4d4e-a01e-9c2ac9ebed91.jpg,https://fulmo-img-server.com/sacoche-sacolla/8e551910-fe4f-4086-9939-a6d0c350b181.jpg,https://fulmo-img-server.com/sacoche-sacolla/5076b6ca-91bb-4199-90ac-c54a03180a91.jpg,https://fulmo-img-server.com/sacoche-sacolla/84f62e8e-4ef2-4e47-855a-9ad7f28fe404.jpg,https://fulmo-img-server.com/sacoche-sacolla/d38cd91b-ab54-4e16-8337-3341d62ac92c.jpg,https://fulmo-img-server.com/sacoche-sacolla/11b7470a-5331-4ef4-bbc0-666fee07bd31.jpg,https://fulmo-img-server.com/sacoche-sacolla/9c423e5b-5814-469a-ae79-984d4d17c029.jpg","グリーン / カーキ / ブラック / ブルー / パープル","169"
"339","高機能防水ミニサコッシュ","高耐久素材を使用した機能性の高いミニサイズのサコッシュです。 防水加工が施されており、スマートフォンや電子書籍など貴重品の持ち運びに最適。 シンプルでコンパクトな設計ながら収納力があり、ナイロン素材で軽量かつ丈夫。 斜め掛けスタイルで日常使いからアウトドアまで幅広いシーンで活躍します。","in stock","new","11320 JPY","https://www.sacoche-sacolla.jp/item/339","https://fulmo-img-server.com/sacoche-sacolla/93d5c1bd-bd86-41eb-8afa-6d2e485973ec.jpg","sacoche sacolla","https://fulmo-img-server.com/sacoche-sacolla/58891729-fa14-4a6b-b18c-c5d1b600f078.jpg,https://fulmo-img-server.com/sacoche-sacolla/4dba1af7-860e-4548-b626-72ac7f86ca0c.jpg,https://fulmo-img-server.com/sacoche-sacolla/2338a0c9-115b-49e2-a974-2f598b5c6f79.jpg,https://fulmo-img-server.com/sacoche-sacolla/4ade2f9d-7de7-4c7d-8086-a66ae3b4907e.jpg,https://fulmo-img-server.com/sacoche-sacolla/92747f3c-1294-4ca9-9adf-3d3a1b39cea8.jpg,https://fulmo-img-server.com/sacoche-sacolla/f7405ac7-6c00-4ce8-8c6f-e86824aea880.jpg,https://fulmo-img-server.com/sacoche-sacolla/e8cc0346-5677-4235-9d20-4bdcd02c9cb9.jpg","ブラック","169"
"340","シンプル大容量ナイロンサコッシュ","軽量ナイロン素材を使用した実用性抜群のサコッシュバッグです。 大容量設計で教科書や日用品をたっぷり収納できるため、通学や通勤に最適。 シンプルなデザインで男女問わず使いやすく、肩掛けスタイルで快適な着用感を実現。 ナイロン素材は耐久性があり、毎日の使用にも安心です。","in stock","new","5320 JPY","https://www.sacoche-sacolla.jp/item/340","https://fulmo-img-server.com/sacoche-sacolla/b4f2751c-25cf-42b3-82e3-d0fa25b98778.jpg","sacoche sacolla","https://fulmo-img-server.com/sacoche-sacolla/29a3c43a-06f1-4591-9135-19544e2071e0.jpg,https://fulmo-img-server.com/sacoche-sacolla/0d511b37-bd8a-401a-9415-49145e7de4a4.jpg,https://fulmo-img-server.com/sacoche-sacolla/10c057ec-5c13-4699-8ce6-dea235d730a9.jpg,https://fulmo-img-server.com/sacoche-sacolla/41368052-6e0d-4479-aeeb-f66a29c286dc.jpg,https://fulmo-img-server.com/sacoche-sacolla/ae42fd43-df6c-4126-b0b8-e759d2a8610a.jpg,https://fulmo-img-server.com/sacoche-sacolla/5ca756b5-30f1-4c45-9dd5-7dbd05b9a63d.jpg,https://fulmo-img-server.com/sacoche-sacolla/71845880-bc21-4503-82bc-334c929642ad.jpg,https://fulmo-img-server.com/sacoche-sacolla/0908ebdd-de7a-453d-9153-0f7e23d416e3.jpg","ベージュ / カーキ / ブラック / ブラウン","169"
"341","サコッシュ 大容量キャンバスショルダーバッグ","シンプルなデザインの大容量キャンバスサコッシュです。 斜めがけでも肩掛けでも使える便利なバッグで、通勤や通学にぴったり。 スマートフォンやタブレット、ノートパソコンなども収納可能な実用的なサイズ感。 柔らかな素材感で体にフィットし、日常使いに最適なキャンバス素材のアイテムです。","in stock","new","3500 JPY","https://www.sacoche-sacolla.jp/item/341","https://fulmo-img-server.com/sacoche-sacolla/7d34ce78-7fe0-474d-88c1-1ac1e035e6ac.jpg","sacoche sacolla","https://fulmo-img-server.com/sacoche-sacolla/0491063c-d9bc-452b-8550-cb7819f8c462.jpg,https://fulmo-img-server.com/sacoche-sacolla/8af10e48-14d9-4344-af17-28ed40b8dde8.jpg,https://fulmo-img-server.com/sacoche-sacolla/5c3de6d0-466b-4a1b-8ff9-607db10038de.jpg,https://fulmo-img-server.com/sacoche-sacolla/5fc9be40-6ea7-4dbc-9b5e-9190194caa44.jpg","ブラック / ミルキーホワイト","169"
"342","サコッシュ レトロ風キャンバスメッセンジャーバッグ","シンプルで機能的なキャンバス素材のサコッシュです。 大容量設計で旅行や運動、日常使いに最適な斜め掛けバッグ。 タブレットや水筒も収納できる実用性の高いデザインで、通勤通学からアウトドアまで幅広く活躍します。 カジュアルスタイルに合わせやすいシンプルなフォルムが魅力です。","in stock","new","3580 JPY","https://www.sacoche-sacolla.jp/item/342","https://fulmo-img-server.com/sacoche-sacolla/f208fd6d-c1e2-402e-833a-bf53098cd49f.jpg","sacoche sacolla","https://fulmo-img-server.com/sacoche-sacolla/79768a4e-aee3-4388-88a7-914fd8e09f8a.jpg,https://fulmo-img-server.com/sacoche-sacolla/ddde8a54-1852-444d-b0ce-2f2672dcbeca.jpg,https://fulmo-img-server.com/sacoche-sacolla/ad1539cf-8f64-49f8-853f-a466d76576b2.jpg,https://fulmo-img-server.com/sacoche-sacolla/b470a830-2d70-44bd-9dfc-348b41f55858.jpg,https://fulmo-img-server.com/sacoche-sacolla/6f14e0e9-5475-452b-8d4e-fd7b30bfeeae.jpg,https://fulmo-img-server.com/sacoche-sacolla/ba4d1bc3-d017-4297-86a8-87a3830b454a.jpg,https://fulmo-img-server.com/sacoche-sacolla/6d409d63-99f8-4360-a74a-d59a5d56e73c.jpg","ブラック / ブラウン / グリーン / グレー","169"
"343","大容量ナイロンボディバッグ サコッシュ","機能的なデザインのナイロン素材のサコッシュです。 斜めがけスタイルで体にフィットし、自転車での移動も快適。 大容量設計でタブレットやスマートフォン、モバイルバッテリーなども収納可能。 カジュアルコーデに合わせやすく、日常使いに最適なサコッシュです。","in stock","new","3380 JPY","https://www.sacoche-sacolla.jp/item/343","https://fulmo-img-server.com/sacoche-sacolla/2c8c87f6-851e-4614-a489-7a106f373ab8.jpg","sacoche sacolla","https://fulmo-img-server.com/sacoche-sacolla/125e5c57-af27-45ca-9f99-234b2c79866b.jpg,https://fulmo-img-server.com/sacoche-sacolla/88de09de-3636-4ad4-abbb-f6b1f9fe0ea2.jpg","ブラック / ホワイト","169"
"344","本革ミニポケットサコッシュ スマホポーチ","柔らかい質感の本革を使用したミニサイズのサコッシュです。 携帯電話がぴったり収まるコンパクト設計で、外出時の必需品をすっきりと持ち運べます。 ショルダーストラップ付きで斜め掛けでき、前ポケットも備えた機能的なレザーサコッシュ。 日常使いにぴったりの上質な質感が魅力です。","in stock","new","6900 JPY","https://www.sacoche-sacolla.jp/item/344","https://fulmo-img-server.com/sacoche-sacolla/fea34f57-5f2a-42a1-bcc6-50c33e22a409.jpg","sacoche sacolla","https://fulmo-img-server.com/sacoche-sacolla/38b0b1da-a9c9-40f2-9347-92d8a9f0759e.jpg,https://fulmo-img-server.com/sacoche-sacolla/a5d29c55-7e32-4d85-b3b2-40da99c6103e.jpg,https://fulmo-img-server.com/sacoche-sacolla/9c8df3be-8de1-4f6a-9cab-0f5c149939e3.jpg","ブラック / ブラウン / ネイビーブルー","169"
"345","手編みレザーメッセンジャーサコッシュ","職人の手編みによる上質なレザーサコッシュです。 編み込み模様が高級感を演出し、フラップデザインが中身をしっかり守ります。 複数の収納スペースを備え、通勤や日常使いに最適なサイズ感。 レザー素材は耐久性に優れ、長く愛用できるアイテムです。","in stock","new","15720 JPY","https://www.sacoche-sacolla.jp/item/345","https://fulmo-img-server.com/sacoche-sacolla/df524d62-e70f-4df1-a3f7-876c3bab2b89.jpg","sacoche sacolla","https://fulmo-img-server.com/sacoche-sacolla/e80d4123-ba2d-407f-aaf8-2f41f301f5e5.jpg,https://fulmo-img-server.com/sacoche-sacolla/e6f51e16-4172-42b4-9ba5-e190e16cdb17.jpg,https://fulmo-img-server.com/sacoche-sacolla/672fa112-04a4-4621-a8ef-f876bdc1f0f3.jpg,https://fulmo-img-server.com/sacoche-sacolla/0f266956-5eb7-4b3b-afc1-a2af9453eb3a.jpg,https://fulmo-img-server.com/sacoche-sacolla/132793a1-250f-4a22-acc6-083dd0c5436d.jpg,https://fulmo-img-server.com/sacoche-sacolla/58adbcc3-9100-45b9-ad9a-7eaae20c75f2.jpg,https://fulmo-img-server.com/sacoche-sacolla/d837ebda-362d-4031-bf56-3a4bb7d98559.jpg","フラップタイプ / マルチジップタイプ","169"
"346","本革スマホポケット付きミニサコッシュ","シンプルでスタイリッシュな本革サコッシュです。 大型スマートフォンも収納できる実用性と、洗練されたデザインが魅力。 内側に複数のポケットを備え、小物の整理にも便利です。 柔らかながらも型崩れしにくいレザー素材で、長く愛用できる上質なサコッシュです。","in stock","new","14500 JPY","https://www.sacoche-sacolla.jp/item/346","https://fulmo-img-server.com/sacoche-sacolla/584684ba-b1a0-4109-a247-2c2b73cf6a44.jpg","sacoche sacolla","https://fulmo-img-server.com/sacoche-sacolla/a9720c67-a7eb-42ab-b53c-c3e4c365370b.jpg,https://fulmo-img-server.com/sacoche-sacolla/beffa47d-6c89-4961-8eb1-438ca566cf17.jpg,https://fulmo-img-server.com/sacoche-sacolla/57cf4ee4-8e82-4598-a2b2-9fc1b8552f71.jpg,https://fulmo-img-server.com/sacoche-sacolla/55c8017e-e72f-44e4-a081-7000003b3f9c.jpg,https://fulmo-img-server.com/sacoche-sacolla/155d6297-b255-4681-9e91-e933c0457c25.jpg","レンガレッド / ヴィンテージブラック","169"
"347","アウトドア防水斜めがけサコッシュ","機能性とスタイルを兼ね備えた防水サコッシュです。 日常使いからアウトドアまで幅広く活躍する実用的なデザイン。 フロントポケット付きで小物の収納に便利で、調節可能なショルダーストラップで快適な装着感を実現。 男女問わず使える洗練されたデザインのサコッシュです。","in stock","new","20680 JPY","https://www.sacoche-sacolla.jp/item/347","https://fulmo-img-server.com/sacoche-sacolla/5178580a-01ba-4082-a0a7-b767126f8e9d.jpg","sacoche sacolla","https://fulmo-img-server.com/sacoche-sacolla/4cd7b2ff-5c8b-4ce9-b8b0-cff0e6a6c29d.jpg,https://fulmo-img-server.com/sacoche-sacolla/a4c4aaf4-e948-4589-8a5d-1931ec0b3cbf.jpg,https://fulmo-img-server.com/sacoche-sacolla/1ddfea39-6eca-418a-b0e0-b54a23c83edf.jpg,https://fulmo-img-server.com/sacoche-sacolla/9dac51f1-de22-4206-bc7f-0a24382f8014.jpg,https://fulmo-img-server.com/sacoche-sacolla/e7d6dcab-2c61-434e-8c6a-80431c522312.jpg,https://fulmo-img-server.com/sacoche-sacolla/835e4d2e-4a16-4e93-ae9e-15ea534ba60c.jpg,https://fulmo-img-server.com/sacoche-sacolla/7b5d5fab-8a6b-403e-a7b7-0d7b43b23ae2.jpg,https://fulmo-img-server.com/sacoche-sacolla/93fd8dc0-99cc-468b-9072-e3044c4f1d74.jpg","ライムストーンベージュ / モランディグリーン / ブラック","169"
"348","超軽量防水ナイロンサコッシュバッグ","超軽量で実用的なナイロン素材のサコッシュバッグです。 防水性に優れているため急な雨でも安心して使用できます。 斜めがけでも肩掛けでも使える長さ調節可能なショルダーストラップ付き。 日常使いにぴったりの容量で、必要な小物をすっきり収納できます。","in stock","new","3300 JPY","https://www.sacoche-sacolla.jp/item/348","https://fulmo-img-server.com/sacoche-sacolla/d827197b-e629-45f3-8b67-2210ba9279b5.jpg","sacoche sacolla","https://fulmo-img-server.com/sacoche-sacolla/8288a765-0ae9-4279-b334-92e88e221fc7.jpg,https://fulmo-img-server.com/sacoche-sacolla/82088c34-d3ba-4aa6-8461-9742a9d8520b.jpg,https://fulmo-img-server.com/sacoche-sacolla/19dfd2cc-be47-494f-b4b4-3817f6b9be55.jpg,https://fulmo-img-server.com/sacoche-sacolla/b8a8f5dd-7354-4795-afd0-d1917bce58f7.jpg,https://fulmo-img-server.com/sacoche-sacolla/e23a06a0-7480-4856-97df-77a321451edf.jpg,https://fulmo-img-server.com/sacoche-sacolla/d39fc16e-b434-4551-ba83-ff76ac6aedc8.jpg,https://fulmo-img-server.com/sacoche-sacolla/bb645756-1843-4599-9f31-a75abfd92d63.jpg,https://fulmo-img-server.com/sacoche-sacolla/92454144-18a0-4306-bc83-6ea5eb096496.jpg","ピンク / ミルキーホワイト / イエロー / ブラック / アーミーグリーン","169"
"349","多機能防水ボディバッグ サコッシュ","大容量の収納スペースを備えた防水素材のサコッシュです。 斜めがけスタイルで体にフィットし、外出時の荷物をすっきりと収納できます。 機能性とシンプルなデザインを両立させた、日常使いに最適なアイテムです。 防水性があるので急な雨でも安心して使用できます。","in stock","new","4680 JPY","https://www.sacoche-sacolla.jp/item/349","https://fulmo-img-server.com/sacoche-sacolla/f1a83604-8e18-4f5d-9ff1-53b9f8b53912.jpg","sacoche sacolla","https://fulmo-img-server.com/sacoche-sacolla/ed586485-7071-4342-9c72-38e875b3b235.jpg,https://fulmo-img-server.com/sacoche-sacolla/7ecbb322-78ba-4641-bfdf-e30cf018ef70.jpg,https://fulmo-img-server.com/sacoche-sacolla/19098e60-39b9-4ee3-8e06-557a98b1d0bc.jpg","ブラック","169"
"350","スタイリッシュ防水サコッシュショルダーバッグ","日常使いに最適な軽量でスタイリッシュなサコッシュバッグです。 防水性に優れた素材を使用しており、急な雨でも中身を守ります。 調節可能なショルダーストラップで斜め掛けスタイルが楽しめ、小物の収納に便利なポケット付き。 シンプルなデザインで幅広いコーディネートに合わせやすい実用的なサコッシュです。","in stock","new","6520 JPY","https://www.sacoche-sacolla.jp/item/350","https://fulmo-img-server.com/sacoche-sacolla/9ffbb18b-76fa-4c43-a6a0-58bfeb59c44f.jpg","sacoche sacolla","https://fulmo-img-server.com/sacoche-sacolla/eae0cd6c-9a8f-473a-9ea1-ea9e6704a00a.jpg,https://fulmo-img-server.com/sacoche-sacolla/d35c6daa-d08e-40ea-ad1a-b5e722c4c1bf.jpg,https://fulmo-img-server.com/sacoche-sacolla/5df137ee-d376-4cf4-8e93-0281f4c3ccac.jpg,https://fulmo-img-server.com/sacoche-sacolla/183ea7cd-3104-4be1-916f-9a14e4b671e6.jpg,https://fulmo-img-server.com/sacoche-sacolla/482271f0-663f-4829-824e-5da0e9b940b6.jpg,https://fulmo-img-server.com/sacoche-sacolla/1f26108a-a58b-4f90-adb0-14df910ba752.jpg,https://fulmo-img-server.com/sacoche-sacolla/67d43c4e-f629-45e3-9875-6f0a44cd99bd.jpg,https://fulmo-img-server.com/sacoche-sacolla/6214a405-f799-4c38-8aa1-6a01ba734f0f.jpg","ブラック / ブルー","169"
"351","完全防水スマホ収納サコッシュバッグ","アウトドアに最適な防水仕様のサコッシュバッグです。 特殊なPVC素材を使用し、雨や水しぶきから大切なスマートフォンや小物をしっかり守ります。 密閉構造で安心して水辺のレジャーやアウトドア活動に持ち運べます。 調節可能なショルダーストラップ付きで使いやすさも抜群です。","in stock","new","6100 JPY","https://www.sacoche-sacolla.jp/item/351","https://fulmo-img-server.com/sacoche-sacolla/b8210cba-5c7c-4853-b2fa-f49db1a23094.jpg","sacoche sacolla","https://fulmo-img-server.com/sacoche-sacolla/2b108740-a9cd-43e6-9139-b9a9d7be9fdb.jpg,https://fulmo-img-server.com/sacoche-sacolla/999feca6-26f8-467a-b759-ab82cd90c378.jpg,https://fulmo-img-server.com/sacoche-sacolla/a9d387c6-6567-4bdf-8a1e-3868ac3f685d.jpg,https://fulmo-img-server.com/sacoche-sacolla/0b3146b2-e61c-469b-81d1-964beea5cee2.jpg","ブラック / ネイビー","169"
"352","サコッシュ スタイリッシュ防水ボディバッグ","シンプルなデザインの防水サコッシュ。日常使いからスポーツまで幅広く活躍します。 調節可能なショルダーストラップで快適な斜め掛けが可能。 コンパクトサイズながら必要な小物をしっかり収納できる実用性も備えています。 通勤や自転車での移動にも最適な機能性サコッシュです。","in stock","new","4800 JPY","https://www.sacoche-sacolla.jp/item/352","https://fulmo-img-server.com/sacoche-sacolla/c77c5c9c-d5d1-4903-9f9f-3e09e7a72cf5.jpg","sacoche sacolla","https://fulmo-img-server.com/sacoche-sacolla/24d5dbc9-c16f-44a4-95b5-079323f74448.jpg,https://fulmo-img-server.com/sacoche-sacolla/4cc766b8-f115-4ee6-b3a0-510b290bf630.jpg,https://fulmo-img-server.com/sacoche-sacolla/04a1711d-cd1b-4b20-a910-dd6d7627efc0.jpg,https://fulmo-img-server.com/sacoche-sacolla/d1dd0bf4-87ff-4a58-8fb8-d30e55b0f555.jpg,https://fulmo-img-server.com/sacoche-sacolla/f2161cfb-51d9-4ccc-af62-5206a9a7d736.jpg","ブラック","169"
"353","サコッシュ 防水レザーボディバッグ 大容量ショルダーパック","スタイリッシュな防水レザーサコッシュとして使えるボディバッグです。 斜めがけで通勤や普段使いに最適で、軽量ながら大容量設計。 防水加工されたレザー素材で雨の日も安心して使用できます。 肩への負担を軽減するパッド入りストラップ付きで長時間の使用も快適です。","in stock","new","5220 JPY","https://www.sacoche-sacolla.jp/item/353","https://fulmo-img-server.com/sacoche-sacolla/00c66f45-5333-4a75-be29-761cdee92b7a.jpg","sacoche sacolla","https://fulmo-img-server.com/sacoche-sacolla/48b138f7-5f41-4e65-be2a-f8d0aabf1979.jpg,https://fulmo-img-server.com/sacoche-sacolla/dd793618-5715-47db-ac34-213963e2ddbc.jpg,https://fulmo-img-server.com/sacoche-sacolla/7917d106-cc27-42c3-97a8-8dcd699ee7d5.jpg","ブラック","169"
"354","コンパクトミニナイロンサコッシュ","軽量でコンパクトなナイロン製サコッシュです。 斜めがけでも使いやすい設計で、スマートフォンや小物を収納できる実用的なポケット付き。 日常の散歩やちょっとしたお出かけに最適な、ミニマルなデザインのサコッシュです。","in stock","new","9040 JPY","https://www.sacoche-sacolla.jp/item/354","https://fulmo-img-server.com/sacoche-sacolla/b68ef4da-a80c-4cfb-8635-65f682835fa1.jpg","sacoche sacolla","https://fulmo-img-server.com/sacoche-sacolla/db116aae-25b2-4295-823d-faf46b692771.jpg,https://fulmo-img-server.com/sacoche-sacolla/6e821fe6-3988-48d5-afe5-8f88ce703361.jpg,https://fulmo-img-server.com/sacoche-sacolla/00fabc5b-f0e3-4125-9499-2d6bbcc3b890.jpg,https://fulmo-img-server.com/sacoche-sacolla/61cb6c9d-b81d-46eb-bbe7-b32a04ceb20d.jpg,https://fulmo-img-server.com/sacoche-sacolla/8656fc94-78ac-4cdc-9e7f-560b6acef508.jpg","エレファントグレー","169"
"355","多機能防水ショルダーサコッシュ","シンプルでスタイリッシュな防水サコッシュです。 大容量設計で9.7インチタブレットも収納可能。 通勤や日常使いに最適な実用性を兼ね備えています。 軽量で耐久性に優れた素材を使用し、斜めがけでも肩への負担を軽減。 ビジネスからカジュアルまで幅広いシーンで活躍するサコッシュです。","in stock","new","4800 JPY","https://www.sacoche-sacolla.jp/item/355","https://fulmo-img-server.com/sacoche-sacolla/b90be84d-49fd-4fa1-8d1d-65a10286a4c3.jpg","sacoche sacolla","https://fulmo-img-server.com/sacoche-sacolla/f4dbfbab-64cc-4e45-91e2-de4ccad5a544.jpg","グレー / ブラック","169"
"356","大容量防水軽量サコッシュバッグ","日常の持ち物をすっきり収納できる大容量サコッシュです。 防水素材を使用しているため、急な雨でも中身を守ります。 軽量設計で長時間の使用でも肩への負担が少なく、通勤や旅行、アウトドアにも最適。 調節可能なストラップで斜め掛けスタイルを自分好みに調整できます。","in stock","new","3500 JPY","https://www.sacoche-sacolla.jp/item/356","https://fulmo-img-server.com/sacoche-sacolla/0f65dd03-76dc-4f89-91d5-9b3af484fde3.jpg","sacoche sacolla","https://fulmo-img-server.com/sacoche-sacolla/f1385cd2-96f7-414e-b178-4b52a19e852b.jpg,https://fulmo-img-server.com/sacoche-sacolla/edab7c69-f8c7-43d7-95d1-325dd175b888.jpg,https://fulmo-img-server.com/sacoche-sacolla/8ee7eb93-77d8-40d4-b26b-0e77e600f342.jpg,https://fulmo-img-server.com/sacoche-sacolla/d53fd463-a18d-4f4f-b7eb-3ac1d6f647c8.jpg,https://fulmo-img-server.com/sacoche-sacolla/9445daa6-0877-4ef7-84de-08127b412a86.jpg,https://fulmo-img-server.com/sacoche-sacolla/ad9fd5fc-dbb0-4d06-911a-f90295dabbe7.jpg,https://fulmo-img-server.com/sacoche-sacolla/050e86b0-f14c-4793-93ec-8c93145c5719.jpg","ブラック","169"
"357","大容量 三日月型 防水サコッシュ","日常使いに最適な大容量の三日月型サコッシュです。 軽量で防水素材を使用しているため、急な雨でも安心して使えます。 調節可能なショルダーストラップ付きで快適な斜め掛けスタイルを実現。 通勤やカジュアルな普段使い、スポーツシーンまで幅広く活躍するサコッシュです。","in stock","new","3420 JPY","https://www.sacoche-sacolla.jp/item/357","https://fulmo-img-server.com/sacoche-sacolla/63b337d6-77cb-4796-a9a4-8a92b7f7d4a8.jpg","sacoche sacolla","https://fulmo-img-server.com/sacoche-sacolla/6d586097-eb96-4c4c-a3f1-f8c1784710a6.jpg,https://fulmo-img-server.com/sacoche-sacolla/ef5c6a7c-f7ed-4d98-8faa-14e00cb2486a.jpg,https://fulmo-img-server.com/sacoche-sacolla/f4b9bda9-4f59-4222-a104-650d3d556ea0.jpg,https://fulmo-img-server.com/sacoche-sacolla/bf069a9a-fbd4-49e9-a635-50511a5b942c.jpg,https://fulmo-img-server.com/sacoche-sacolla/703f56b6-6e1d-4bd3-bd86-5f1bf0ad3176.jpg,https://fulmo-img-server.com/sacoche-sacolla/19f5df0b-6881-4ba9-9baf-2773baaf67dc.jpg,https://fulmo-img-server.com/sacoche-sacolla/21f23281-9803-4ff2-b061-c6ce77587ebf.jpg,https://fulmo-img-server.com/sacoche-sacolla/3058b40b-8158-4f63-a71d-c6be418ca706.jpg","グレー / ホワイト / カーキ / グリーン / ブラック / ピンク","169"
"358","シンプルミニサコッシュ スマホポーチ","コンパクトなナイロン素材のサコッシュです。 長さ調節可能なショルダーストラップ付きで、斜め掛けスタイルが楽しめます。 小型ながらスマートフォンや小銭、カードなどの必需品をしっかり収納。 日常使いからアウトドアまで幅広いシーンで活躍する実用的なサコッシュです。","in stock","new","3580 JPY","https://www.sacoche-sacolla.jp/item/358","https://fulmo-img-server.com/sacoche-sacolla/48057263-671a-4f45-8cd9-83f0d1861ae1.jpg","sacoche sacolla","https://fulmo-img-server.com/sacoche-sacolla/3209e424-58d0-4713-8d04-0bbe8cb7cfca.jpg,https://fulmo-img-server.com/sacoche-sacolla/60055252-de9d-4ba4-a419-fd8f6a45158c.jpg,https://fulmo-img-server.com/sacoche-sacolla/1ca82c0b-4d75-44a2-9eb5-1b64211ea1c6.jpg,https://fulmo-img-server.com/sacoche-sacolla/047b1aa5-7d9c-4978-8a9a-691bd875b445.jpg,https://fulmo-img-server.com/sacoche-sacolla/416f9d8c-14f7-4fd7-add0-d28c181aa189.jpg,https://fulmo-img-server.com/sacoche-sacolla/d9c924c3-907d-47cf-80bb-4b4cc2271a42.jpg,https://fulmo-img-server.com/sacoche-sacolla/af9f2521-b823-4571-a5c5-9e8bed39d36e.jpg","ティーブラウン / レッド / インクブラック / スカイブルー / シルバーグレー / オーキッドピンク","169"
"359","大容量三日月型防水サコッシュバッグ","大容量設計の三日月型サコッシュバッグ。防水素材を使用しているため雨の日でも安心して使用できます。 調節可能なショルダーストラップ付きで斜め掛けスタイルが楽しめる実用的なアイテム。 通勤やカジュアルな外出にぴったりの軽量サコッシュです。","in stock","new","3420 JPY","https://www.sacoche-sacolla.jp/item/359","https://fulmo-img-server.com/sacoche-sacolla/9fcf997d-56f5-496a-93c9-b80dc38c1dd2.jpg","sacoche sacolla","https://fulmo-img-server.com/sacoche-sacolla/0f9c21e3-855d-4ba7-b5c3-fc69db10132d.jpg,https://fulmo-img-server.com/sacoche-sacolla/f85f753e-4753-413c-91eb-3792f923b0f5.jpg,https://fulmo-img-server.com/sacoche-sacolla/a767ca5c-5490-4e0a-8f9b-21ea389c5075.jpg,https://fulmo-img-server.com/sacoche-sacolla/ba69fd0c-3636-459f-a035-4eb954c5edf2.jpg,https://fulmo-img-server.com/sacoche-sacolla/5c6e846a-6cde-412a-a605-cbfc7991f12a.jpg,https://fulmo-img-server.com/sacoche-sacolla/f8f88522-dc9c-4fd3-8e97-fc3c4a928a29.jpg,https://fulmo-img-server.com/sacoche-sacolla/269a3ff2-cabf-4bfb-82da-ffc9d1c93f78.jpg","ブラック","169"
"360","サコッシュ スタイリッシュ防水メッセンジャーバッグ","スタイリッシュなデザインと機能性を兼ね備えた防水サコッシュです。 通勤やカジュアルな外出にぴったりの斜め掛けバッグで、シンプルながらも個性的な印象を与えます。 内部には9.7インチタブレットも収納可能で、前面と背面にはジッパー付きポケットを備え、小物の整理にも便利です。 防水素材を使用しているため、急な雨でも安心してお使いいただけます。","in stock","new","4800 JPY","https://www.sacoche-sacolla.jp/item/360","https://fulmo-img-server.com/sacoche-sacolla/2f5e90bd-f80f-433a-a2b5-b5080ccd81c5.jpg","sacoche sacolla","https://fulmo-img-server.com/sacoche-sacolla/3ab69c57-53fd-4b68-b82b-e5408f4230cc.jpg","グレーブルー / オフホワイト×ブラック","169"
"361","アウトドア用水筒ホルダーサコッシュ","実用性とスタイルを兼ね備えたナイロン製サコッシュです。 水筒やペットボトルの持ち運びに便利な専用ポケット付きで、アウトドアシーンに最適。 調節可能なショルダーストラップで斜め掛けスタイルが楽しめ、スマートフォンや小物の収納にも対応。 軽量でコンパクトなサイズ感が日常使いにぴったりです。","in stock","new","5740 JPY","https://www.sacoche-sacolla.jp/item/361","https://fulmo-img-server.com/sacoche-sacolla/5a439e9b-561e-4fb5-86c7-7b85b3b13fc6.jpg","sacoche sacolla","https://fulmo-img-server.com/sacoche-sacolla/4f679d5e-2402-46a8-b056-7fd32754a907.jpg,https://fulmo-img-server.com/sacoche-sacolla/2a05ba82-b70e-4594-87a4-b2ecbac8fabf.jpg,https://fulmo-img-server.com/sacoche-sacolla/29b1ecb4-3514-4c32-99a0-bb7b5bf9ba0f.jpg,https://fulmo-img-server.com/sacoche-sacolla/5c00c7ae-2881-440e-ac5e-f2d72e50bd13.jpg,https://fulmo-img-server.com/sacoche-sacolla/a9e59adb-78cb-4993-ae6e-118f56dc1d4d.jpg,https://fulmo-img-server.com/sacoche-sacolla/8e0527fe-8d1f-4864-8d21-cde5914e1afe.jpg,https://fulmo-img-server.com/sacoche-sacolla/a4363283-bb65-4815-b420-175387774d4c.jpg,https://fulmo-img-server.com/sacoche-sacolla/6eff59cd-578b-4791-9eaf-61436866834b.jpg","ブラック / グリーン / オレンジ / ホワイト","169"
"362","携帯用水筒ホルダーサコッシュ","実用的なナイロン素材の水筒ホルダーサコッシュです。 保温ボトルやマイボトルを持ち運ぶのに最適で、斜め掛けできる調節可能なストラップ付き。 小さめサイズながら収納力があり、アウトドアやお出かけの際に重宝します。 防水性に優れたナイロン素材で、水濡れを気にせず使用できるのも魅力です。","in stock","new","3840 JPY","https://www.sacoche-sacolla.jp/item/362","https://fulmo-img-server.com/sacoche-sacolla/aa123e30-392b-460d-bd39-623af2041720.jpg","sacoche sacolla","https://fulmo-img-server.com/sacoche-sacolla/42b3b725-8c82-4c67-b488-b51dbc1fe9bd.jpg,https://fulmo-img-server.com/sacoche-sacolla/47621f57-ff74-4506-8f6a-aa8da8e6fd8d.jpg","ライトピンク / オフホワイト","169"
"363","高耐久性ナイロン製ミニサコッシュ","高耐久バリスティックナイロン素材を使用した軽量なミニサコッシュです。 磁気式の留め具で開閉しやすく、スマートフォンなどの貴重品の収納に最適。 防水性能も備えているため、急な雨でも安心して使用できます。 コンパクトなサイズ感ながら実用的な収納力を持ち、日常使いからアウトドアまで幅広いシーンで活躍するサコッシュです。","in stock","new","12820 JPY","https://www.sacoche-sacolla.jp/item/363","https://fulmo-img-server.com/sacoche-sacolla/fcfbc034-421f-4e22-8d95-75b229e592ef.jpg","sacoche sacolla","https://fulmo-img-server.com/sacoche-sacolla/52715825-3bc3-4adc-adfb-eeca59b752c7.jpg,https://fulmo-img-server.com/sacoche-sacolla/cd16fcb2-d0ee-42d7-99d1-4f0aa6f7e012.jpg,https://fulmo-img-server.com/sacoche-sacolla/e56ff7b0-4bd1-443e-bde7-f512e19185d1.jpg,https://fulmo-img-server.com/sacoche-sacolla/01587f4b-d31e-42f4-ad80-f103a153bcfd.jpg,https://fulmo-img-server.com/sacoche-sacolla/faff6f29-5eb5-4ac7-afad-72dbcbf445fc.jpg,https://fulmo-img-server.com/sacoche-sacolla/e960f839-0d07-4c96-8e57-eb96cf1ced59.jpg,https://fulmo-img-server.com/sacoche-sacolla/316f5e46-7329-4115-a8b3-a639c06a618e.jpg,https://fulmo-img-server.com/sacoche-sacolla/049803a1-57b0-437e-a557-58aac52a69be.jpg","ブラック","169"
"364","軽量ナイロン多層ポケットサコッシュ","軽量でコンパクトなナイロン素材のサコッシュです。 実用的な多層ポケット設計で、スマートフォンや小物をすっきり整理できます。 斜め掛けできる調節可能なストラップ付きで、通勤や日常使いに最適なサイズ感です。 シンプルながら機能性に優れたサコッシュで、普段のお出かけをスマートにサポートします。","in stock","new","3420 JPY","https://www.sacoche-sacolla.jp/item/364","https://fulmo-img-server.com/sacoche-sacolla/69571d03-eb40-4571-b15a-702574673e82.jpg","sacoche sacolla","https://fulmo-img-server.com/sacoche-sacolla/7c239990-2b1a-4404-ac2b-a0a5cf08c13d.jpg,https://fulmo-img-server.com/sacoche-sacolla/f264fa87-faa8-4c0d-ba0c-551a463b3709.jpg,https://fulmo-img-server.com/sacoche-sacolla/287693c9-38e0-4b0f-8877-fa6f50e3abcd.jpg,https://fulmo-img-server.com/sacoche-sacolla/89b6d0c6-80d0-44d3-b081-f47c170431c8.jpg,https://fulmo-img-server.com/sacoche-sacolla/a3f1b271-74ef-4704-a981-9c92c0002d23.jpg,https://fulmo-img-server.com/sacoche-sacolla/e096ac99-e71b-49bd-9802-eb910f3a3230.jpg,https://fulmo-img-server.com/sacoche-sacolla/baa15fc1-3157-4a6e-a6fd-e0e5200a0155.jpg,https://fulmo-img-server.com/sacoche-sacolla/6a2bf239-4260-4336-929b-e26519419fc6.jpg","アンバー / ココア / テラコッタ / コーヒー / パープル / ピンク / クリーム / ブラック","169"
"365","メッシュ素材 ペットボトルホルダー サコッシュ","アウトドアや旅行に最適なメッシュ素材のボトルホルダーサコッシュです。 長さ調節可能なショルダーストラップ付きで斜め掛けができ、両手を自由に使えます。 保温ボトルや水筒、ペットボトルなどをスマートに持ち運べる実用的なアイテムです。 メッシュ素材で中身が見えやすく、取り出しやすいのも魅力的なポイントです。","in stock","new","2740 JPY","https://www.sacoche-sacolla.jp/item/365","https://fulmo-img-server.com/sacoche-sacolla/a96007d7-e302-4a24-a539-f7ddccc223e7.jpg","sacoche sacolla","https://fulmo-img-server.com/sacoche-sacolla/e6d5ed96-afcc-4177-80fc-e5d1f82c7171.jpg,https://fulmo-img-server.com/sacoche-sacolla/6908436c-d140-4ab7-bf5d-61c90dbcadc4.jpg","ベージュ / ライトパープル","169"
"366","三層構造ナイロンミニサコッシュ","スマートフォンがぴったり収まる三層構造のナイロン素材サコッシュ。 実用的な収納スペースと使いやすいサイズ感で、普段使いからちょっとしたお出かけまで幅広く活躍します。 軽量で丈夫なナイロン素材を使用し、長さ調節可能なショルダーストラップ付きで斜め掛けスタイルも楽しめます。","in stock","new","3160 JPY","https://www.sacoche-sacolla.jp/item/366","https://fulmo-img-server.com/sacoche-sacolla/f74befc8-505b-441c-b440-c1224f7447fd.jpg","sacoche sacolla","https://fulmo-img-server.com/sacoche-sacolla/06641683-5410-411e-ab3c-81d654081550.jpg,https://fulmo-img-server.com/sacoche-sacolla/95dd0595-14f8-4e8a-87ae-a8dfa0ba1f7e.jpg,https://fulmo-img-server.com/sacoche-sacolla/76bf0fb4-76be-4fc6-a9db-2ff021411fe8.jpg,https://fulmo-img-server.com/sacoche-sacolla/980e657f-b016-4087-bdd0-fb74e12b1875.jpg,https://fulmo-img-server.com/sacoche-sacolla/30b39e54-bf9c-44b9-9747-37530500ddcc.jpg,https://fulmo-img-server.com/sacoche-sacolla/c64e0414-7c98-4e81-bfe4-a88eecd1720b.jpg,https://fulmo-img-server.com/sacoche-sacolla/e6cf1bba-76b5-4393-89dc-8277579e7180.jpg,https://fulmo-img-server.com/sacoche-sacolla/db00eb65-7001-4f56-8e56-f305669484f1.jpg","パープル / ゴールド / フォレストグリーン / ブラック / ベージュ","169"
"367","キッズ水筒ポケット付きサコッシュ","子供向けの多機能サコッシュです。水筒ホルダーが付いた実用的なデザインで、軽量かつ便利な作りになっています。 斜めがけができ、ナイロン素材で丈夫さと軽さを両立。お出かけや旅行時に重宝する機能性バッグです。","in stock","new","2740 JPY","https://www.sacoche-sacolla.jp/item/367","https://fulmo-img-server.com/sacoche-sacolla/9fabb4ee-ec3a-4f3a-a86a-ff7cd8982d51.jpg","sacoche sacolla","https://fulmo-img-server.com/sacoche-sacolla/122bbc65-96eb-4849-866e-90af5dc64167.jpg,https://fulmo-img-server.com/sacoche-sacolla/da7b7fbc-70fe-47c1-98f6-039b74d57a3c.jpg,https://fulmo-img-server.com/sacoche-sacolla/9c8a9c50-344e-4340-b3e5-53f53ecf95a1.jpg,https://fulmo-img-server.com/sacoche-sacolla/8a0bf43b-0153-4cf3-bd14-457c4286239f.jpg,https://fulmo-img-server.com/sacoche-sacolla/31209db9-6367-4d2e-905c-7e3e5259db08.jpg,https://fulmo-img-server.com/sacoche-sacolla/9cc6c035-80d9-4b3e-a934-903886161127.jpg,https://fulmo-img-server.com/sacoche-sacolla/45d0a180-854a-4e8e-b1bf-183f7564dc6f.jpg,https://fulmo-img-server.com/sacoche-sacolla/7ffc5933-abf5-4760-906c-49884bbaf422.jpg","ピンク×ブラウン / オレンジ×グリーン / ブルー / クリーム×オレンジ / ブラック / イエロー×パープル","169"
"368","多機能ポケット付きナイロンサコッシュ","シンプルでありながら機能的なナイロン素材のサコッシュです。 防水性に優れた素材で、急な雨でも安心して使用できます。 複数のポケットが付いており、スマートフォンや小物をすっきり整理できる実用的な設計。 軽量でコンパクトなサイズ感ながら収納力があり、日常使いに最適なサコッシュです。","in stock","new","3420 JPY","https://www.sacoche-sacolla.jp/item/368","https://fulmo-img-server.com/sacoche-sacolla/29bcc7fa-ace9-49e9-8cae-f880129d8647.jpg","sacoche sacolla","https://fulmo-img-server.com/sacoche-sacolla/fadaf03d-4027-4dfd-ab03-98c0c68f5cb4.jpg,https://fulmo-img-server.com/sacoche-sacolla/71345c81-d7de-46af-888f-52070068fca8.jpg,https://fulmo-img-server.com/sacoche-sacolla/8eaa667c-5d56-47ff-a4db-53bc9d63b3ad.jpg,https://fulmo-img-server.com/sacoche-sacolla/9faac7a3-499e-4c87-b010-d8f9e0703705.jpg,https://fulmo-img-server.com/sacoche-sacolla/894b631f-10f1-4f29-b7d0-c6ff482c7355.jpg,https://fulmo-img-server.com/sacoche-sacolla/fa3ff442-488f-46b3-8bd4-02b2133d1a1a.jpg,https://fulmo-img-server.com/sacoche-sacolla/fcb1c38a-0a2b-47bf-8527-81bc45645c80.jpg,https://fulmo-img-server.com/sacoche-sacolla/412e96e1-ec2f-431d-be4e-df164d1c3631.jpg","テラコッタレッド / アンバー / ブラック / ココアブラウン / パープル / クリーム","169"
"369","携帯水筒ポーチ 斜めがけサコッシュ","アウトドア活動に最適な水筒専用のサコッシュバッグです。 軽量でありながら丈夫なメッシュ素材を使用し、水筒の出し入れがスムーズに行えます。 長さ調節可能なショルダーストラップ付きで、斜めがけスタイルが快適。 散歩やハイキングなど、両手を自由に使いたい場面で重宝する実用的なアイテムです。","in stock","new","5100 JPY","https://www.sacoche-sacolla.jp/item/369","https://fulmo-img-server.com/sacoche-sacolla/296b5088-c454-4260-80b5-4b16a1c9d08b.jpg","sacoche sacolla","https://fulmo-img-server.com/sacoche-sacolla/4e16ac1a-69bf-4bd6-8cc6-931728114e6d.jpg,https://fulmo-img-server.com/sacoche-sacolla/e2ef3ce6-4091-4cca-8b85-e99235ccd192.jpg,https://fulmo-img-server.com/sacoche-sacolla/79c4f1ab-c023-4d37-bcab-dfabffe24357.jpg,https://fulmo-img-server.com/sacoche-sacolla/05724400-abbe-4384-bb99-86854fb1fc8e.jpg,https://fulmo-img-server.com/sacoche-sacolla/c701051d-7552-497e-9f04-8014c764cbbb.jpg","ミルクホワイト / クールブラック","169"
"370","携帯用ウォーターペットボトルホルダーサコッシュ","アウトドアやお出かけに便利な携帯用ウォーターボトルホルダーサコッシュです。 大容量の水筒を収納でき、ドローコード付きで水筒をしっかり固定します。 軽量なナイロン素材で作られており、斜め掛けと手持ちの2WAY仕様。 水筒の保護とスタイリッシュさを兼ね備えた実用的なサコッシュです。","in stock","new","5100 JPY","https://www.sacoche-sacolla.jp/item/370","https://fulmo-img-server.com/sacoche-sacolla/173c499a-d6a7-4d46-8e4a-62ba5f698483.jpg","sacoche sacolla","https://fulmo-img-server.com/sacoche-sacolla/fbc3414c-fdb4-48c6-8be5-718e1ce7c104.jpg,https://fulmo-img-server.com/sacoche-sacolla/cba76f19-4c8d-47ca-9391-9ade4d1a807a.jpg,https://fulmo-img-server.com/sacoche-sacolla/525ca684-5e03-4f99-9f85-d2b09e9b808e.jpg,https://fulmo-img-server.com/sacoche-sacolla/407fbecd-803d-4d8d-9a8f-463ffd7d4080.jpg,https://fulmo-img-server.com/sacoche-sacolla/867eef40-8d61-4708-bea2-76397bf6619c.jpg","クリーム / ブラック","169"
"371","シンプル軽量ナイロンサコッシュ 携帯ペットボトルポケット付き","シンプルなデザインで使いやすいナイロン素材のサコッシュバッグです。 軽量で持ち運びに便利な小型サイズながら、スマートフォンや水筒など必要なアイテムをしっかり収納可能。 調節可能なショルダーストラップで快適な斜め掛けスタイルを実現します。 サコッシュとして日常使いはもちろん、旅行やアウトドアシーンでも活躍する万能アイテムです。","in stock","new","3000 JPY","https://www.sacoche-sacolla.jp/item/371","https://fulmo-img-server.com/sacoche-sacolla/0a4f3a3d-f414-42fd-b9a7-105a8a44e7bc.jpg","sacoche sacolla","https://fulmo-img-server.com/sacoche-sacolla/7b761263-baaf-4b2a-8346-14058e8d99f6.jpg","パープル","169"
"372","アウトドア用多機能水筒ポケット付きサコッシュ","ハイキングや自転車、お散歩などのアウトドア活動に最適な多機能サコッシュです。 水筒を収納できる専用ポケット付きで、ハンズフリーで快適に移動できます。 防水素材を使用しているため、急な雨でも安心。 必需品をコンパクトに収納できるため、アクティブな日常使いにぴったりのサコッシュです。","in stock","new","7000 JPY","https://www.sacoche-sacolla.jp/item/372","https://fulmo-img-server.com/sacoche-sacolla/08f939bc-e296-4304-a42a-e3c56a9c6b9f.jpg","sacoche sacolla","https://fulmo-img-server.com/sacoche-sacolla/d73ae40a-d798-45ff-bef3-36bf9f62d2df.jpg,https://fulmo-img-server.com/sacoche-sacolla/a01f7c00-6b06-492e-b3f5-171ae26247a0.jpg,https://fulmo-img-server.com/sacoche-sacolla/d40fe3cd-1dbd-4ba0-9677-dad835b5e75c.jpg,https://fulmo-img-server.com/sacoche-sacolla/89dc6370-faa1-4896-9f59-f3db00c715a7.jpg,https://fulmo-img-server.com/sacoche-sacolla/28de7232-229d-4ed8-81e7-e66dc11467e3.jpg,https://fulmo-img-server.com/sacoche-sacolla/62833d1f-0d8d-4509-95f2-3934e08ddad4.jpg","キャメル / ブラック / パープル / ネイビーブルー / ライトブルー","169"
"373","マルチポケット水筒ホルダーサコッシュ","実用性とデザイン性を兼ね備えた水筒専用のサコッシュバッグです。 便利な斜めがけストラップ付きで、アウトドアやお出かけ時に大活躍。 防水素材を使用しているため、水濡れを気にせず使用できます。 小物の収納に便利なポケットも備えた機能的なデザインです。","in stock","new","5100 JPY","https://www.sacoche-sacolla.jp/item/373","https://fulmo-img-server.com/sacoche-sacolla/29463f44-f24c-4267-81fa-3c6ac3168ca7.jpg","sacoche sacolla","https://fulmo-img-server.com/sacoche-sacolla/c6598a63-7267-4101-8bcd-7bea35c528ab.jpg,https://fulmo-img-server.com/sacoche-sacolla/cc1b4d10-92ab-4f8a-ba54-10d853f59ae1.jpg,https://fulmo-img-server.com/sacoche-sacolla/6c6e816e-e823-444d-91a7-6787794d20bb.jpg,https://fulmo-img-server.com/sacoche-sacolla/94d7c713-9dfa-4d5f-b2e9-3981a3d0c3ac.jpg,https://fulmo-img-server.com/sacoche-sacolla/45aa2ffc-72e7-40fa-9eba-0b3fa263719c.jpg","ミルクホワイト / ブラック","169"
"374","サコッシュ メッシュ素材 斜め掛け保温ボトルホルダー","メッシュ素材で作られた便利な斜め掛けボトルホルダーです。 肩掛けストラップが取り外し可能で、水筒やペットボトルを持ち運ぶのに最適なサコッシュです。 側面ポケット付きで小物収納も可能な実用的なデザイン。 ハンズフリーで行動できるため、アウトドアやお出かけの際に重宝します。","in stock","new","2580 JPY","https://www.sacoche-sacolla.jp/item/374","https://fulmo-img-server.com/sacoche-sacolla/1567121f-15d9-4af1-8315-94f9e04d59ff.jpg","sacoche sacolla","https://fulmo-img-server.com/sacoche-sacolla/bec67591-676f-4505-8492-6a4cf4a2488b.jpg,https://fulmo-img-server.com/sacoche-sacolla/65c4851e-ca50-4185-8b76-b673f8a040a5.jpg,https://fulmo-img-server.com/sacoche-sacolla/a345bcf8-b0b2-43cc-8aed-f415c1905b61.jpg,https://fulmo-img-server.com/sacoche-sacolla/d6411b57-61cb-47a7-b92f-fb7921ff66ee.jpg","ネイビーブルー / ライトピンク / ミントグリーン / ライトグレー","169"
"375","アウトドア仕様 巾着型ナイロンサコッシュ","機能性とデザイン性を兼ね備えたナイロン製の巾着型サコッシュです。 防水加工が施されており、急な雨でも中身を守ります。 便利なファスナーポケット付きで小物の整理にも便利。 調節可能なショルダーストラップで快適な斜め掛けスタイルを実現します。","in stock","new","7780 JPY","https://www.sacoche-sacolla.jp/item/375","https://fulmo-img-server.com/sacoche-sacolla/bc81a4e3-6f7b-4132-8bea-143bb16064be.jpg","sacoche sacolla","https://fulmo-img-server.com/sacoche-sacolla/271fec70-dd80-4539-9033-8e511ab81bc6.jpg,https://fulmo-img-server.com/sacoche-sacolla/43b45116-dc29-46b7-9808-9a19ad6ed0d9.jpg,https://fulmo-img-server.com/sacoche-sacolla/d6343c94-f476-463c-b46f-0edb1f0bd952.jpg,https://fulmo-img-server.com/sacoche-sacolla/15e757e5-9ff2-427d-993b-7f5d13c36254.jpg,https://fulmo-img-server.com/sacoche-sacolla/95471e4a-36de-44a7-8562-de8ad1c75944.jpg,https://fulmo-img-server.com/sacoche-sacolla/b56abcff-1785-4f34-90d6-651cb00292ff.jpg,https://fulmo-img-server.com/sacoche-sacolla/22f57a97-9b95-4209-9047-483f2ac0effe.jpg","ベージュ / ブラウン / ブラック","169"
"376","携帯収納ミニショルダーサコッシュ","スマートフォンを入れるのに最適なコンパクトサイズのサコッシュです。 防水ナイロン素材で作られており、急な雨でも中身を守ります。 斜めがけ・ショルダーの2WAY仕様で、ちょっとしたお出かけに便利なミニバッグです。 小さいながらも収納力があり、財布や鍵など必要最小限の持ち物をすっきり整理できます。","in stock","new","3000 JPY","https://www.sacoche-sacolla.jp/item/376","https://fulmo-img-server.com/sacoche-sacolla/ef17fb1c-2c11-451e-ad2a-04c2064361a4.jpg","sacoche sacolla","https://fulmo-img-server.com/sacoche-sacolla/9233d023-0695-4f09-8e2c-b85df407f405.jpg,https://fulmo-img-server.com/sacoche-sacolla/53c1fe04-5594-476e-aa8b-3c8919f8bb26.jpg,https://fulmo-img-server.com/sacoche-sacolla/6da766dd-09c0-45d3-9dc0-9db213097749.jpg,https://fulmo-img-server.com/sacoche-sacolla/8788ab54-f6c9-4dbd-8ce0-7691170ebd85.jpg,https://fulmo-img-server.com/sacoche-sacolla/a41d510d-b8b2-4987-8ab3-bf36993e346d.jpg,https://fulmo-img-server.com/sacoche-sacolla/b0ab2449-bc14-4fda-a195-3dbf1fd852ab.jpg,https://fulmo-img-server.com/sacoche-sacolla/e1d0b829-54d8-40ee-80aa-6dcefb7f9af9.jpg,https://fulmo-img-server.com/sacoche-sacolla/42d3fe4c-df18-43ac-a91f-f39bfdc5d64b.jpg","ブルーバルーン / ブラックバルーン / ブルーレッドリップ / カラフルフラワー","169"
"377","超軽量ナイロンミニサコッシュ 小物収納ポーチ","軽量ナイロン素材で作られた機能的なサコッシュバッグです。 鍵やスマートフォンなど必要最小限の小物をコンパクトに収納できるシンプルデザイン。 調節可能なショルダーストラップで斜め掛けスタイルが楽しめます。 お散歩やちょっとしたお出かけに最適なナイロン製サコッシュです。","in stock","new","3420 JPY","https://www.sacoche-sacolla.jp/item/377","https://fulmo-img-server.com/sacoche-sacolla/94b2e037-0234-4c05-b148-046e61670427.jpg","sacoche sacolla","https://fulmo-img-server.com/sacoche-sacolla/40054975-247e-433f-84a0-056551578e21.jpg,https://fulmo-img-server.com/sacoche-sacolla/b22c5d22-d660-47c9-8b4e-44ccd9f2a631.jpg,https://fulmo-img-server.com/sacoche-sacolla/d1006c95-4469-42a9-b259-e3d1d95d4d6d.jpg,https://fulmo-img-server.com/sacoche-sacolla/9da019b2-717d-4609-b438-adb1481f4d5f.jpg,https://fulmo-img-server.com/sacoche-sacolla/ac33a78d-ce19-4b74-9acb-e1eb3cdb4526.jpg,https://fulmo-img-server.com/sacoche-sacolla/bc6bae07-8498-40e4-8cc8-7e6ef5395085.jpg,https://fulmo-img-server.com/sacoche-sacolla/6b0fc975-1fc9-4884-aa0d-97285872c630.jpg,https://fulmo-img-server.com/sacoche-sacolla/f07cc07f-16e8-49a0-b861-141232582e90.jpg","カーキ / グリーン / ピンク / イエロー / パープル","169"
"378","水筒ホルダー ドリンクペットボトル用サコッシュ","便利な調節可能ストラップ付きの水筒ホルダーです。 保温ボトルや水筒を守りながら持ち運びできる専用サコッシュ。 外出時やアウトドアでの水分補給に最適で、ボトルの収納にも便利です。 丈夫なコットン素材で作られており、日常使いにぴったりの実用的なアイテムです。","in stock","new","3840 JPY","https://www.sacoche-sacolla.jp/item/378","https://fulmo-img-server.com/sacoche-sacolla/3719bc41-783a-4d58-bbb1-25e886aa1457.jpg","sacoche sacolla","https://fulmo-img-server.com/sacoche-sacolla/4e418f24-9bd0-480b-94a6-f9a503286244.jpg,https://fulmo-img-server.com/sacoche-sacolla/9b56f903-d82d-41e8-8def-6e05e9b8fb30.jpg","オフホワイト","169"
"379","携帯用ペットボトルホルダーサコッシュ","アウトドアや旅行に最適な携帯用ボトルホルダーサコッシュです。 水筒やペットボトルを収納できるだけでなく、サイドのメッシュポケットにはサングラスなどの小物も収納可能。 斜めがけができる調節可能なショルダーストラップ付きで、両手を自由に使えます。 防水素材を使用しており、実用性とデザイン性を兼ね備えたサコッシュです。","in stock","new","2700 JPY","https://www.sacoche-sacolla.jp/item/379","https://fulmo-img-server.com/sacoche-sacolla/2551817c-6b2d-44bb-8a9f-8ddae4029308.jpg","sacoche sacolla","https://fulmo-img-server.com/sacoche-sacolla/c18902e0-7ce1-4596-9227-b70bb9b620bb.jpg,https://fulmo-img-server.com/sacoche-sacolla/1cdabddc-7fbc-4630-993e-29516c236886.jpg,https://fulmo-img-server.com/sacoche-sacolla/38b9623e-ee2f-40fe-8c0f-ad8d7abe7c09.jpg,https://fulmo-img-server.com/sacoche-sacolla/ba14b0eb-24c1-44b6-a3f2-a1aee833b66f.jpg","グレー / ピンク","169"
"380","サコッシュ 多機能ペットボトルホルダー付きウエストポーチ","アウトドア活動に最適な多機能ウエストポーチです。 水筒ホルダーが付いており、ランニングや自転車での移動時に便利なナイロン素材のサコッシュです。 複数のポケットと調節可能なベルトで実用性が高く、斜めがけもできる2WAY仕様となっています。 防水性に優れており、アウトドアでの様々な場面で活躍します。","in stock","new","3580 JPY","https://www.sacoche-sacolla.jp/item/380","https://fulmo-img-server.com/sacoche-sacolla/e4817ee4-722c-4386-a2b7-b32d45a59dc8.jpg","sacoche sacolla","https://fulmo-img-server.com/sacoche-sacolla/5ffa63bf-7947-47b8-8764-c10ab701093e.jpg,https://fulmo-img-server.com/sacoche-sacolla/cca8bb07-de81-430c-950b-d3647146f1c0.jpg,https://fulmo-img-server.com/sacoche-sacolla/c845333d-2a8b-4099-8e36-e6330bc79e07.jpg,https://fulmo-img-server.com/sacoche-sacolla/ccde216f-8257-4b55-a7a1-722f1750ffc9.jpg,https://fulmo-img-server.com/sacoche-sacolla/7d3da235-2b99-4829-a072-528b56610d74.jpg","ブラック / ダークグレー","169"
"381","コンパクトナイロンミニサコッシュ","携帯電話や小物の持ち運びに便利なナイロン素材のミニサコッシュです。 軽量で肩への負担が少なく、長時間の使用でも快適な着用感を実現。 ファスナーポケット付きで小物の整理がしやすく、サコッシュとしての機能性も抜群です。 普段使いからちょっとしたお出かけまで幅広く活躍する実用的なアイテムです。","in stock","new","2920 JPY","https://www.sacoche-sacolla.jp/item/381","https://fulmo-img-server.com/sacoche-sacolla/28fbbfbb-acff-49dc-87cc-f630a34ae6fd.jpg","sacoche sacolla","https://fulmo-img-server.com/sacoche-sacolla/c7306137-565e-4a0a-8dcc-39ea85006c3c.jpg,https://fulmo-img-server.com/sacoche-sacolla/a28381df-c155-4da8-9227-3c8501329f20.jpg,https://fulmo-img-server.com/sacoche-sacolla/dcf6ef8d-d4b5-452a-be13-d2a2bbe63d37.jpg,https://fulmo-img-server.com/sacoche-sacolla/a8e48cb1-b90f-4ed5-8f37-4295cf3d87dc.jpg,https://fulmo-img-server.com/sacoche-sacolla/547562ff-be05-4b86-a5d0-3dd80ea8e345.jpg,https://fulmo-img-server.com/sacoche-sacolla/22afc24f-03ee-45f6-807b-ff2a1f55be39.jpg,https://fulmo-img-server.com/sacoche-sacolla/3fd41e4e-b112-4706-adc4-14d35615be1e.jpg,https://fulmo-img-server.com/sacoche-sacolla/5b289f77-8b59-491c-9ba5-18ad783c71c2.jpg","ブルー / レッド / グリーン","169"
"382","軽量ナイロン斜めがけミニサコッシュ","軽量ナイロン素材を使用した機能的なサコッシュです。 スマートフォンやお財布など必要最小限の荷物がすっきり収まるコンパクトサイズ。 長さ調節可能なショルダーストラップで斜めがけスタイルが楽しめます。 内側にはファスナーポケットを備え、小物の整理にも便利なナイロン製サコッシュです。","in stock","new","3160 JPY","https://www.sacoche-sacolla.jp/item/382","https://fulmo-img-server.com/sacoche-sacolla/29617b17-bbaa-4e10-95d3-6fb8ee7c5d64.jpg","sacoche sacolla","https://fulmo-img-server.com/sacoche-sacolla/e74c9c8c-5a1c-4af9-adb4-5ec6850752be.jpg,https://fulmo-img-server.com/sacoche-sacolla/c82488f3-a54e-4fc6-8d79-3175c69be9c7.jpg,https://fulmo-img-server.com/sacoche-sacolla/361d1ce2-a0ce-4a47-a47d-01fcc9d77a78.jpg","ダークピンク / ブラック / ベージュ / グリーン","169"
"383","マルチポケット保温ボトルサコッシュ","機能的なデザインの多目的サコッシュバッグです。 水筒や保温ボトルをしっかり固定できる専用ホルダー付きで、スマートフォンや小物も一緒に収納可能。 斜めがけスタイルで両手が自由に使え、旅行やアウトドアでの活躍間違いなし。 防水素材を使用しているため、急な雨でも安心して使えるサコッシュです。","in stock","new","3800 JPY","https://www.sacoche-sacolla.jp/item/383","https://fulmo-img-server.com/sacoche-sacolla/86d0b4f9-e7d0-4e4b-8ac6-f19af21d46fc.jpg","sacoche sacolla","https://fulmo-img-server.com/sacoche-sacolla/689a85ff-31e4-438f-8fd7-56c3bb1c0524.jpg,https://fulmo-img-server.com/sacoche-sacolla/a63cf2bc-ace3-4ddb-92fb-64838b180d61.jpg,https://fulmo-img-server.com/sacoche-sacolla/fa118213-0410-4428-8341-0d4d159199bb.jpg,https://fulmo-img-server.com/sacoche-sacolla/b70a9051-a70d-49ff-b476-5307c623cadd.jpg,https://fulmo-img-server.com/sacoche-sacolla/33678475-23ce-4856-b373-6785da02eaa7.jpg,https://fulmo-img-server.com/sacoche-sacolla/c793431a-7bff-4d0f-ba9b-37ebb16e3a20.jpg,https://fulmo-img-server.com/sacoche-sacolla/f0b00f37-a0cb-41ed-a07b-42e25461fd91.jpg","ブルー / ベージュ / ブラック / ピンク","169"
"384","多機能キルティングショルダーサコッシュ","軽量でありながら機能性に優れた防水ナイロン素材のサコッシュバッグです。 内部は複数の収納ポケットに分かれており、小物の整理整頓が簡単にできます。 斜めがけと手提げの2WAY仕様で、通勤やカジュアルな外出にも対応する実用的なデザイン。 340gの軽量設計で長時間の使用でも負担になりません。","in stock","new","18700 JPY","https://www.sacoche-sacolla.jp/item/384","https://fulmo-img-server.com/sacoche-sacolla/26a316e3-56e3-49de-abf8-b50818a4bf16.jpg","sacoche sacolla","https://fulmo-img-server.com/sacoche-sacolla/05de89ca-ca44-4df4-b24c-6fecfb7df801.jpg,https://fulmo-img-server.com/sacoche-sacolla/970be38d-eec8-4bce-a3db-e4bcf5b30a26.jpg,https://fulmo-img-server.com/sacoche-sacolla/780ba8d5-ac2e-4790-b11a-985e652adfaf.jpg,https://fulmo-img-server.com/sacoche-sacolla/852355e1-c8bf-4884-ae55-73c387e19a46.jpg,https://fulmo-img-server.com/sacoche-sacolla/45aef715-2024-462e-ad46-4fde5db997a4.jpg","ネビュラブラック / ロックグレー","169"
"385","多機能軽量ナイロンミニサコッシュ","軽量で実用的なナイロン素材のサコッシュです。 複数の収納ポケットがあり、スマートフォンや小物を整理して持ち運べます。 斜めがけができる調節可能なショルダーストラップ付きで、通勤や日常使いに最適なコンパクトサイズです。 耐久性と機能性を兼ね備えたサコッシュで、シンプルながらも使い勝手の良いデザインです。","in stock","new","3420 JPY","https://www.sacoche-sacolla.jp/item/385","https://fulmo-img-server.com/sacoche-sacolla/ab95bfd7-9c27-4449-9720-17010f004aa0.jpg","sacoche sacolla","https://fulmo-img-server.com/sacoche-sacolla/c70b9de8-8011-434a-85e1-600500b90ead.jpg,https://fulmo-img-server.com/sacoche-sacolla/f7205e05-d6d3-49ae-84d2-9839542e6e59.jpg,https://fulmo-img-server.com/sacoche-sacolla/71c3c596-bd00-42dd-8954-d1d9250e5b55.jpg,https://fulmo-img-server.com/sacoche-sacolla/62d71d14-4f34-433c-9ba6-0b8e608f2714.jpg,https://fulmo-img-server.com/sacoche-sacolla/14a7da7d-0cf4-43ad-9099-d45cab954975.jpg,https://fulmo-img-server.com/sacoche-sacolla/d2d82aff-d1ac-4c49-9318-a9b9d2709246.jpg,https://fulmo-img-server.com/sacoche-sacolla/c15a8dd7-29d6-41fa-a67c-c3a43cf34267.jpg,https://fulmo-img-server.com/sacoche-sacolla/99a50fef-6475-4d88-a4d0-fd9b358d71f8.jpg","レッドブラウン / ココア / パープル / ピンク / クリーム / ブラック / アンバー / コーヒー","169"
"386","ミニマルデザインナイロンサコッシュ","軽量なナイロン素材を使用したコンパクトなサコッシュです。 携帯電話や小銭入れなど日常必需品をスマートに収納できる実用的なデザイン。 斜めがけができるショルダーストラップ付きで、手ぶらでのお出かけにも便利です。 シンプルなフォルムながら収納力に優れた、日常使いにぴったりのナイロンサコッシュです。","in stock","new","3420 JPY","https://www.sacoche-sacolla.jp/item/386","https://fulmo-img-server.com/sacoche-sacolla/f3dbb007-2cd3-4647-9d18-ec21e3378605.jpg","sacoche sacolla","https://fulmo-img-server.com/sacoche-sacolla/c39aed7c-01e3-43c5-a401-1ac8fefaee1d.jpg,https://fulmo-img-server.com/sacoche-sacolla/b1e2bc04-237c-48f4-97fe-5191a9d2f266.jpg,https://fulmo-img-server.com/sacoche-sacolla/45dab177-6158-484b-a9e4-43b7eaf2e394.jpg,https://fulmo-img-server.com/sacoche-sacolla/5add176c-b173-40eb-8aef-d4a6d0e83c43.jpg,https://fulmo-img-server.com/sacoche-sacolla/09c90a41-4875-460d-91c5-8c2122cd0a9b.jpg,https://fulmo-img-server.com/sacoche-sacolla/4b4bdb36-a4da-4495-9abe-b697d59d7ee0.jpg,https://fulmo-img-server.com/sacoche-sacolla/e9346b28-5580-4e13-a79d-b39e4eb99321.jpg","シチリア島 / サンダルウッド / ウコン / ライトパープル","169"
"387","軽量多機能ナイロンサコッシュ","実用性重視の多機能ナイロンサコッシュです。 丈夫な防水素材を使用しており、日常使いから旅行まで幅広いシーンで活躍します。 複数のポケットで小物の整理がしやすく、ショルダーストラップは長さ調節可能。 コンパクトながら必要な荷物をしっかり収納できる優れものです。","in stock","new","4180 JPY","https://www.sacoche-sacolla.jp/item/387","https://fulmo-img-server.com/sacoche-sacolla/96eef993-d92b-4de8-b0c5-b8c0445e1085.jpg","sacoche sacolla","https://fulmo-img-server.com/sacoche-sacolla/52549d05-fc4c-43a3-9c17-30de971c2029.jpg,https://fulmo-img-server.com/sacoche-sacolla/8308d892-240d-40d5-a25a-bfb411c3fcbc.jpg,https://fulmo-img-server.com/sacoche-sacolla/4b003a77-4abb-4b2c-a645-022dcb18fc61.jpg,https://fulmo-img-server.com/sacoche-sacolla/78dde30e-f450-495c-8700-e2a56e101db6.jpg","パープル","169"
"388","多機能ペットボトルホルダー付きサコッシュ","水筒を持ち運べる便利なサコッシュバッグです。 斜めがけで使いやすく、通勤通学やアウトドアでの活躍が期待できます。 防水性に優れた素材を使用しているため、急な雨でも安心。 小型ながら収納力があり、日常使いに最適な実用的なアイテムです。","in stock","new","4680 JPY","https://www.sacoche-sacolla.jp/item/388","https://fulmo-img-server.com/sacoche-sacolla/ef7581e0-065b-4398-ba01-4a99a3b13077.jpg","sacoche sacolla","https://fulmo-img-server.com/sacoche-sacolla/ebedc065-a7d0-494d-a668-a920ce166ab5.jpg","グレー / ブラック / グリーン / ダークグリーン","169"
"389","軽量コンパクトポケット付きナイロンサコッシュ","スマートフォンや小物をサッと収納できる軽量ナイロン素材のサコッシュです。 前面にポケットが付いた実用的な構造で、貴重品の仕分けにも便利。 調節可能なショルダーストラップで斜め掛けや肩掛けなど様々な使い方ができます。 コンパクトながらスマートフォンがしっかり収まるサイズ感で、日常使いに最適なナイロンバッグです。","in stock","new","3420 JPY","https://www.sacoche-sacolla.jp/item/389","https://fulmo-img-server.com/sacoche-sacolla/9c4982d6-61ab-4c14-a636-9b159543b5c2.jpg","sacoche sacolla","https://fulmo-img-server.com/sacoche-sacolla/ed839a4b-7329-4cde-8fd1-e958e7a700fc.jpg,https://fulmo-img-server.com/sacoche-sacolla/6db4c638-2641-42c6-a5de-ea16f210a276.jpg,https://fulmo-img-server.com/sacoche-sacolla/fb8a8abf-21dc-4b54-8fc6-b4f560b93a3e.jpg,https://fulmo-img-server.com/sacoche-sacolla/ee7af1da-0427-4314-b7b5-5b4c29f35e49.jpg,https://fulmo-img-server.com/sacoche-sacolla/8a88802e-c3fc-49ee-a031-0bda548625a2.jpg,https://fulmo-img-server.com/sacoche-sacolla/ed3030bf-add6-4a2e-b4e6-2327735e32d4.jpg,https://fulmo-img-server.com/sacoche-sacolla/24d72385-f6a5-4433-bc43-76dcbeb137b1.jpg,https://fulmo-img-server.com/sacoche-sacolla/fc3170b2-0364-4425-8a68-5e7abfc007cf.jpg","ブルー / ライトグリーン / ブラック / ベージュ / ライトブルー","169"
"390","コンパクトナイロンミニサコッシュ","軽量ナイロン素材を使用した実用的なミニサコッシュバッグです。 前面ポケット付きで小物の収納に便利な構造になっています。 調節可能なショルダーストラップで斜め掛けスタイルも楽しめます。 携帯電話やお財布など必要最小限の持ち物を収納するのに最適なサコッシュです。","in stock","new","3260 JPY","https://www.sacoche-sacolla.jp/item/390","https://fulmo-img-server.com/sacoche-sacolla/4c50d54f-35f3-42e7-a635-a321c160bd42.jpg","sacoche sacolla","https://fulmo-img-server.com/sacoche-sacolla/bf971c25-5a21-4334-949f-0310155b0e5e.jpg,https://fulmo-img-server.com/sacoche-sacolla/acbfbe84-ebe0-4356-be7f-e51dee3a6303.jpg,https://fulmo-img-server.com/sacoche-sacolla/288a9b48-a389-4d4e-af71-0a2e0018108e.jpg,https://fulmo-img-server.com/sacoche-sacolla/a74dfc31-7f45-4525-914f-c67b630a0ffe.jpg","ベージュ / ピンク","169"
"391","キッズ用ナイロンサコッシュ 多機能ミニショルダーバッグ","お子様向けの機能的なナイロンサコッシュです。 大容量設計で小物や財布などの収納に便利です。 丈夫なナイロン素材と実用的なバックルデザインで、カジュアルスタイルに合わせやすいアイテム。 軽量で調節可能なショルダーベルトにより、お子様の外出や小旅行に最適なサコッシュです。","in stock","new","3500 JPY","https://www.sacoche-sacolla.jp/item/391","https://fulmo-img-server.com/sacoche-sacolla/51a52e6b-0af4-484f-910b-000e68bafbcc.jpg","sacoche sacolla","https://fulmo-img-server.com/sacoche-sacolla/6021820c-328d-4aae-9513-881ca6cae263.jpg,https://fulmo-img-server.com/sacoche-sacolla/b7cfac18-2499-42d6-a8f3-e2217ed7d70d.jpg,https://fulmo-img-server.com/sacoche-sacolla/3e4265b3-0dfe-446a-8e81-675e3dafcaa9.jpg,https://fulmo-img-server.com/sacoche-sacolla/940ba4a0-ade2-4d41-8dd3-f666b6857a5d.jpg","ブラック / グリーン / グレー","169"
"392","コンパクト軽量ナイロンサコッシュ","日常使いに最適なコンパクトサイズのナイロンサコッシュです。 軽量で耐久性に優れたナイロン素材を使用し、スマートフォンや財布などの必需品をスッキリ収納できます。 斜めがけできる調節可能なショルダーストラップ付きで、お買い物や街歩き、旅行時に便利なサコッシュです。","in stock","new","2800 JPY","https://www.sacoche-sacolla.jp/item/392","https://fulmo-img-server.com/sacoche-sacolla/9cf09e5a-5b51-4c6e-9afa-f90dbcc74078.jpg","sacoche sacolla","https://fulmo-img-server.com/sacoche-sacolla/5ba459ec-a006-4a86-b29c-459944e3ce53.jpg,https://fulmo-img-server.com/sacoche-sacolla/7e9f521e-ccf9-462f-aab5-c508bf60d036.jpg,https://fulmo-img-server.com/sacoche-sacolla/05114a6c-21cd-49f7-bd54-d67660749dd0.jpg,https://fulmo-img-server.com/sacoche-sacolla/a2d03c4c-54bf-46d8-811d-4690dbd3f6ec.jpg,https://fulmo-img-server.com/sacoche-sacolla/169ccc4a-f395-41d2-b432-f487e695c521.jpg,https://fulmo-img-server.com/sacoche-sacolla/1d56729f-4183-4fc4-8f82-26f11408731f.jpg,https://fulmo-img-server.com/sacoche-sacolla/58cfed37-3cf7-4e55-823d-20c7c7f15da6.jpg,https://fulmo-img-server.com/sacoche-sacolla/0772b481-ae5a-4e79-80a2-f98460874642.jpg","パープル / ブルー / マルチカラー","169"
"393","シンプル多機能ナイロンサコッシュ","軽量でコンパクトなナイロン素材のサコッシュです。 携帯電話や小物の収納に便利な実用的なデザインで、男女問わず使いやすいアイテム。 斜めがけできる調節可能なショルダーストラップ付きで、普段使いからレジャーまで幅広いシーンで活躍します。","in stock","new","3000 JPY","https://www.sacoche-sacolla.jp/item/393","https://fulmo-img-server.com/sacoche-sacolla/e3afa6f8-ab6a-4976-adba-58ec491c10f3.jpg","sacoche sacolla","https://fulmo-img-server.com/sacoche-sacolla/db59b888-876b-4dc3-8b9a-e77168b61e08.jpg,https://fulmo-img-server.com/sacoche-sacolla/3b608578-e7a3-45f5-9649-609d5beafe2e.jpg,https://fulmo-img-server.com/sacoche-sacolla/153845df-9df7-4d9e-90f6-06d90c1eb0c4.jpg,https://fulmo-img-server.com/sacoche-sacolla/02694083-1f76-4c4b-8185-57a13bff994f.jpg,https://fulmo-img-server.com/sacoche-sacolla/edd427ad-a656-46e9-9d1e-5466ff940579.jpg,https://fulmo-img-server.com/sacoche-sacolla/9e0c4005-52da-41c3-bc11-aae43274c6e5.jpg,https://fulmo-img-server.com/sacoche-sacolla/4479e71d-fa11-472b-bf4d-65865e39bb3d.jpg,https://fulmo-img-server.com/sacoche-sacolla/c14bcd6d-8d22-42e2-ab29-3b40900eff18.jpg","ブラック / ホワイト / ブルー / オレンジ / ブラック(宇宙飛行士)","169"
"394","大きな目玉デザイン ペットボトルホルダー サコッシュ","かわいい大きな目玉デザインのメッシュボトルホルダーです。 保温ボトルや水筒、飲料ボトルなどを収納できる便利なサコッシュタイプのバッグ。 巾着式の口部分で中身をしっかり保護し、メッシュ素材で中身が見えるのが特徴です。 肩掛けや斜め掛けができる調節可能なストラップ付きで、お出かけ時の水分補給に最適です。","in stock","new","2240 JPY","https://www.sacoche-sacolla.jp/item/394","https://fulmo-img-server.com/sacoche-sacolla/635c1324-65e9-45c3-8b3a-2d5efac1f952.jpg","sacoche sacolla","https://fulmo-img-server.com/sacoche-sacolla/d9a740ed-c8ba-413c-aa65-ad4c89b94740.jpg,https://fulmo-img-server.com/sacoche-sacolla/5891da6b-7ad1-4105-838e-6ad74d261b76.jpg","ブラック / ボルドー / グリーン / ピンク","169"
"395","メッシュ水筒ポケットサコッシュ","軽量で通気性に優れたメッシュ素材を使用した水筒ポケット付きサコッシュです。 斜めがけができる便利なショルダーストラップ付きで、アウトドアやスポーツシーンでの活躍間違いなし。 手提げとしても使える2WAY仕様で、日常使いからレジャーまで幅広く対応できます。 コンパクトながら大容量設計で、水筒とスマホを一緒に持ち運べる実用的なメッシュサコッシュです。","in stock","new","2580 JPY","https://www.sacoche-sacolla.jp/item/395","https://fulmo-img-server.com/sacoche-sacolla/199f3869-5db3-4571-912c-b980d5cc30f6.jpg","sacoche sacolla","https://fulmo-img-server.com/sacoche-sacolla/87225bc0-c791-4451-936f-7c94c19f6486.jpg,https://fulmo-img-server.com/sacoche-sacolla/d5f9ec11-df61-4767-85d8-b49ab4d22b0b.jpg,https://fulmo-img-server.com/sacoche-sacolla/9b374802-da22-431a-94a7-baa88f019c79.jpg,https://fulmo-img-server.com/sacoche-sacolla/4e611aaf-73da-452a-b4eb-ba33236ff4fa.jpg,https://fulmo-img-server.com/sacoche-sacolla/2386d144-6469-4126-aede-3bdfc3ea6b3c.jpg,https://fulmo-img-server.com/sacoche-sacolla/6967fc98-14dc-4f14-aa50-cd4b56ec3557.jpg,https://fulmo-img-server.com/sacoche-sacolla/1a8280ba-9140-4be1-80db-c7a0855e5c23.jpg,https://fulmo-img-server.com/sacoche-sacolla/69a229b3-813d-4b25-8361-396a779c9f32.jpg","ダークグレー / ライトグレー / ネイビー / ブルー / ピンク","169"
"396","多機能ボトルホルダー付き防水ワンショルダーサコッシュ","防水素材を使用した機能的なサコッシュです。 外側にボトルホルダーが付いており、水筒やペットボトルをすぐに取り出せる便利な設計になっています。 前面と内部に複数のポケットを配置し、小物の整理整頓に優れた収納力を実現しました。 斜め掛けスタイルで身体にフィットし、通勤や通学、アウトドアやフェスなど様々なシーンで活躍します。 軽量で持ち運びやすく、日常使いに最適なサコッシュです。","in stock","new","5680 JPY","https://www.sacoche-sacolla.jp/item/396","https://fulmo-img-server.com/sacoche-sacolla/3b58058f-418a-498f-8275-3dc474e31834.jpg","sacoche sacolla","https://fulmo-img-server.com/sacoche-sacolla/ffb15efb-1540-43a4-b6e0-ff57223ad4a3.jpg,https://fulmo-img-server.com/sacoche-sacolla/a722db83-3e88-4034-8537-56ec27d6fb5e.jpg,https://fulmo-img-server.com/sacoche-sacolla/fc4d5935-85d8-465b-ae22-f4c9d2456ba0.jpg","ブラック / グレー","169"
"397","リボン付き防水ミニサコッシュバッグ","スマートフォンや水筒も収納できる実用的な防水サコッシュです。 可愛らしいリボンデザインと巾着式の開閉が特徴で、ナチュラルな雰囲気を演出します。 軽量で持ち運びやすく、アウトドアシーンにも最適。 防水素材を使用しているため、急な雨でも中身を守ります。","in stock","new","3160 JPY","https://www.sacoche-sacolla.jp/item/397","https://fulmo-img-server.com/sacoche-sacolla/7e5c9acc-c028-449f-b3e4-3805d1dae1d6.jpg","sacoche sacolla","https://fulmo-img-server.com/sacoche-sacolla/fd4d6fe8-6284-4789-b8b4-9b50679c7d91.jpg,https://fulmo-img-server.com/sacoche-sacolla/2af3ef51-4398-4ce8-a8a0-448f6ec96871.jpg,https://fulmo-img-server.com/sacoche-sacolla/d2bea63e-1c18-4970-9042-8306188609ef.jpg,https://fulmo-img-server.com/sacoche-sacolla/afa09b56-a094-41f6-a26e-54a33612e686.jpg,https://fulmo-img-server.com/sacoche-sacolla/b3daa102-6a90-42ae-9c66-4f10d915f2dc.jpg,https://fulmo-img-server.com/sacoche-sacolla/9df7de7a-3fda-441c-891d-e3251a722a64.jpg,https://fulmo-img-server.com/sacoche-sacolla/4332bc64-ff25-4cf2-8f7b-8023e45b666a.jpg","ブラック / ピンク / ライトブルー / パープルグレー","169"
"398","多機能ペットボトルホルダー付きサコッシュ","水筒とスマホを同時に持ち運べる実用的なサコッシュです。 耐磨耗性と防水性に優れた素材を使用し、アウトドア活動に最適な設計となっています。 本体にはボトルホルダーが付いており、サイドポケットも装備で小物収納も便利。 斜め掛けができるショルダーストラップ付きで、日常使いからアウトドアまで幅広く活躍します。","in stock","new","3160 JPY","https://www.sacoche-sacolla.jp/item/398","https://fulmo-img-server.com/sacoche-sacolla/6aa2e073-a6d0-4b9d-8443-9f5945201abf.jpg","sacoche sacolla","https://fulmo-img-server.com/sacoche-sacolla/6bcc69c5-abbc-4ff9-9b80-b6fc2413f98e.jpg,https://fulmo-img-server.com/sacoche-sacolla/50f5dc97-2524-4ee8-a401-dd758d295098.jpg,https://fulmo-img-server.com/sacoche-sacolla/87bb325f-aab8-4b10-a335-6629f0f1bac6.jpg,https://fulmo-img-server.com/sacoche-sacolla/b299ce9e-4cca-4ebb-81ce-091d37257863.jpg,https://fulmo-img-server.com/sacoche-sacolla/b07b0a33-19ce-4137-900c-48158c1cb54a.jpg","","169"
"399","多機能アウトドアサコッシュ 防水ボディバッグ","高密度ナイロン素材を使用した耐久性抜群の防水サコッシュです。 斜めがけで快適な使用感を実現し、スマートフォンや財布などの貴重品を収納できる実用的なポケット付き。 バックルで安全に固定でき、アウトドアや旅行、日常使いまで幅広いシーンで活躍します。 男女問わず使える機能的なデザインのサコッシュです。","in stock","new","3000 JPY","https://www.sacoche-sacolla.jp/item/399","https://fulmo-img-server.com/sacoche-sacolla/e307765e-2672-4b18-8403-7288ccc5ccee.jpg","sacoche sacolla","https://fulmo-img-server.com/sacoche-sacolla/a5ccee2f-2aee-45be-95d3-6ea8d7befd07.jpg,https://fulmo-img-server.com/sacoche-sacolla/05404802-7309-478b-b12d-29f76c475265.jpg,https://fulmo-img-server.com/sacoche-sacolla/bdf52530-98d9-4828-92a9-3bfbd4215e00.jpg,https://fulmo-img-server.com/sacoche-sacolla/edde6452-43a5-4f68-b482-e6cbad36b88c.jpg,https://fulmo-img-server.com/sacoche-sacolla/388bd7d0-0e40-4b69-b3c3-8acc5b24d18f.jpg,https://fulmo-img-server.com/sacoche-sacolla/db8004e9-8d97-44f3-95c2-4c645a277ce1.jpg,https://fulmo-img-server.com/sacoche-sacolla/f15a025f-95ee-4b36-8944-2b16a38497f6.jpg","カーキ / ブラック / アーミーグリーン / ネイビーブルー","169"
"400","軽量防水ペットボトルホルダーサコッシュ","スマートフォンや水筒が収納できる実用的なサコッシュです。 防水素材を使用しているため、アウトドアやレジャーでも安心して使えます。 細めのショルダーストラップで斜め掛けスタイルがおしゃれに決まります。 普段使いからちょっとした旅行まで幅広く活躍する機能的なアイテムです。","in stock","new","2840 JPY","https://www.sacoche-sacolla.jp/item/400","https://fulmo-img-server.com/sacoche-sacolla/3b681b29-4955-4cb1-9013-7c0ca383922b.jpg","sacoche sacolla","https://fulmo-img-server.com/sacoche-sacolla/192dc92d-8154-4836-a706-9e43c587a3f0.jpg,https://fulmo-img-server.com/sacoche-sacolla/10f97cb9-5848-434c-ac80-8b698388943d.jpg,https://fulmo-img-server.com/sacoche-sacolla/8142420f-c1d3-4509-884a-a4b2e4fbbc4b.jpg,https://fulmo-img-server.com/sacoche-sacolla/785b79ca-09a9-4013-a713-355b4c79a220.jpg,https://fulmo-img-server.com/sacoche-sacolla/84a03ea0-8f0e-40d8-ba0d-9bd71d33175a.jpg,https://fulmo-img-server.com/sacoche-sacolla/c28aa2e9-0b88-4147-88aa-db0fb7505ed1.jpg","ブラック / グリーン / オレンジレッド / ブルー","169"
"401","ペットボトルホルダー付き多機能防水サコッシュ","ボトルホルダーが一体化した実用的な防水サコッシュです。 大容量の収納スペースと専用のドリンクホルダーで、アウトドアやスポーツ時に両手が自由に使えます。 調節可能なストラップで快適な装着感を実現し、斜め掛けスタイルで機能性とデザイン性を両立。 防水素材使用で急な雨でも安心して使用できるサコッシュです。","in stock","new","3880 JPY","https://www.sacoche-sacolla.jp/item/401","https://fulmo-img-server.com/sacoche-sacolla/ff99135e-6787-4dba-89e6-2ca17c8d5750.jpg","sacoche sacolla","https://fulmo-img-server.com/sacoche-sacolla/b88d5a37-c9d9-4a9f-ab77-9e47438615b7.jpg,https://fulmo-img-server.com/sacoche-sacolla/ee6548ba-3eb7-435b-a07d-743c425c323b.jpg,https://fulmo-img-server.com/sacoche-sacolla/8470f70b-ad03-415a-a284-a58cdc20548d.jpg,https://fulmo-img-server.com/sacoche-sacolla/c5d68a97-e3c9-4121-a583-c6f756130f15.jpg,https://fulmo-img-server.com/sacoche-sacolla/9a88c89d-e552-49e2-bf0e-678031820b66.jpg,https://fulmo-img-server.com/sacoche-sacolla/afc35b9a-3f56-4817-adab-520032e0b87c.jpg,https://fulmo-img-server.com/sacoche-sacolla/a8c99e88-eb16-460c-93eb-17ab7e4171e3.jpg,https://fulmo-img-server.com/sacoche-sacolla/6aec71e7-1409-4bf4-b4bf-49926836afe1.jpg","ブラック","169"
"402","水筒ホルダー付き多機能サコッシュバッグ","アウトドアや運動時に便利な水筒ホルダー付きサコッシュバッグです。 大容量の収納スペースと専用ドリンクホルダーを備え、両手を自由に使いたい方に最適。 防水素材で雨の日でも安心して使用できます。 斜めがけでも腰に巻いても使える調節可能なベルト付きで、様々なスタイルに対応できるサコッシュです。","in stock","new","3880 JPY","https://www.sacoche-sacolla.jp/item/402","https://fulmo-img-server.com/sacoche-sacolla/806d70c0-3fc3-4c9d-bd23-81217723d848.jpg","sacoche sacolla","https://fulmo-img-server.com/sacoche-sacolla/d70d8019-8211-418f-9614-ef1b923f1ba2.jpg,https://fulmo-img-server.com/sacoche-sacolla/c4cd1eba-964d-4390-919d-80c7e5b389cb.jpg,https://fulmo-img-server.com/sacoche-sacolla/aded5431-32d2-41be-a4b5-2a0333654376.jpg,https://fulmo-img-server.com/sacoche-sacolla/fdf415e7-edc0-4c08-ba0a-1dee8b029124.jpg,https://fulmo-img-server.com/sacoche-sacolla/ccf8d8af-7d26-4fcc-b473-41a525a1a527.jpg,https://fulmo-img-server.com/sacoche-sacolla/d53037d4-fcd9-4dd9-adec-6768116fa8b7.jpg,https://fulmo-img-server.com/sacoche-sacolla/6b294ed8-ddb6-49e0-bd8b-64b18f3bfabd.jpg,https://fulmo-img-server.com/sacoche-sacolla/f5135c70-d3d1-49b2-9281-c0e4da4510e6.jpg","ブラック","169"
"403","ペットボトルホルダー付き多機能サコッシュ","水筒を収納できる便利なサコッシュです。 斜めがけでの使用に最適な調節可能なショルダーストラップ付き。 防水素材を使用しているため、急な雨でも中身を守ります。 日常使いからアウトドア、通勤まで幅広く活躍する実用的なサコッシュです。","in stock","new","4680 JPY","https://www.sacoche-sacolla.jp/item/403","https://fulmo-img-server.com/sacoche-sacolla/95052401-8b76-4750-a468-ec95a057849f.jpg","sacoche sacolla","https://fulmo-img-server.com/sacoche-sacolla/33f1ed1c-92f4-4702-b492-47bc1afcb1ad.jpg","グレー / ブラック / グリーン / ダークグリーン","169"
"404","ペットボトルホルダー付き多機能サコッシュ","スマートフォンと水筒を一緒に持ち運べる便利な防水サコッシュです。 長さ調節可能なショルダーストラップで斜め掛けスタイルにぴったり。 耐久性のある素材で作られており、アウトドアやスポーツシーンでも安心してご使用いただけます。 小型ながらも収納力があり、日常使いからレジャーまで幅広く活躍します。","in stock","new","3720 JPY","https://www.sacoche-sacolla.jp/item/404","https://fulmo-img-server.com/sacoche-sacolla/e6ca71e1-bca6-4578-a157-4989fc1103de.jpg","sacoche sacolla","https://fulmo-img-server.com/sacoche-sacolla/039a9b78-b19c-4705-84b3-dc62e2f6ad08.jpg,https://fulmo-img-server.com/sacoche-sacolla/8faeb8f2-e415-4faa-a148-08cb08e44c09.jpg,https://fulmo-img-server.com/sacoche-sacolla/81830231-9f53-4d32-9987-31cf38348155.jpg,https://fulmo-img-server.com/sacoche-sacolla/31f08d3f-2cc0-45cb-a427-e92c7ac334aa.jpg,https://fulmo-img-server.com/sacoche-sacolla/3ca8eff0-d80f-4708-8783-67ef540c2e0c.jpg,https://fulmo-img-server.com/sacoche-sacolla/8b8772a1-eb3e-4860-b894-ff94961124db.jpg,https://fulmo-img-server.com/sacoche-sacolla/658f93c2-dca0-4dc0-965e-9f693391b984.jpg,https://fulmo-img-server.com/sacoche-sacolla/5a9888f5-1fea-4689-9985-57ab01082bdd.jpg","カーキ / グリーン / ブルー / ブラック","169"
"405","防水ミニショルダーサコッシュ ペットボトルポケット付き","軽量で実用的な防水サコッシュバッグ。スマホやペットボトルを収納できる便利なデザインです。 日常使いからアウトドア、サイクリング、登山まで幅広く活躍。 調節可能なショルダーストラップで斜めがけスタイルが楽しめ、身軽に動きたい方におすすめのサコッシュです。","in stock","new","3080 JPY","https://www.sacoche-sacolla.jp/item/405","https://fulmo-img-server.com/sacoche-sacolla/d00c6db0-083c-4e01-b428-3d0821ab7c8e.jpg","sacoche sacolla","https://fulmo-img-server.com/sacoche-sacolla/ecf2abe2-e406-4645-ac4c-a53cbc86ac2a.jpg,https://fulmo-img-server.com/sacoche-sacolla/97048e50-2814-490f-8070-5e87addecd36.jpg,https://fulmo-img-server.com/sacoche-sacolla/46bcf1aa-5b87-4add-9180-7e3ea48d38a4.jpg,https://fulmo-img-server.com/sacoche-sacolla/0cd422e7-f474-4957-9737-6e7a1b68a8c0.jpg,https://fulmo-img-server.com/sacoche-sacolla/0d8ac7df-0d59-4f07-99ed-7d50a791452f.jpg,https://fulmo-img-server.com/sacoche-sacolla/f56ecc98-51fc-43c9-aa5f-6e484e84fbbd.jpg,https://fulmo-img-server.com/sacoche-sacolla/cc1317cf-4613-4f97-828c-a1358ef46db4.jpg,https://fulmo-img-server.com/sacoche-sacolla/768c148f-a3d4-4721-b554-4f6031ead138.jpg","ブラック / ブルー / ダークグレー / ブラック×ベージュ","169"
"406","軽量防水ペットボトルポケット付きサコッシュ","軽量ナイロン素材を使用した多機能サコッシュです。 防水性に優れているため、急な雨でも中身を守ります。 サイドにはボトルを収納できるポケット付きで、アウトドアやスポーツシーンに最適。 斜めがけできる長さ調節可能なショルダーストラップで、実用性とデザイン性を兼ね備えています。","in stock","new","3300 JPY","https://www.sacoche-sacolla.jp/item/406","https://fulmo-img-server.com/sacoche-sacolla/d065ba7b-cdb9-4040-b944-8bb2ccca95c9.jpg","sacoche sacolla","https://fulmo-img-server.com/sacoche-sacolla/4eda21ce-6970-48eb-a4e8-4d34af361100.jpg,https://fulmo-img-server.com/sacoche-sacolla/e90cb794-b79a-43c7-ac53-6bd704b3fe20.jpg,https://fulmo-img-server.com/sacoche-sacolla/5a7a9e5f-4d61-48cb-9355-240e6f187c5e.jpg,https://fulmo-img-server.com/sacoche-sacolla/5b138afd-cc65-4db4-a50a-7d2b9c00de90.jpg,https://fulmo-img-server.com/sacoche-sacolla/ae523a64-a22f-497f-8e92-116524191682.jpg,https://fulmo-img-server.com/sacoche-sacolla/22584a02-fbba-4add-ba72-c218f0d0a5cd.jpg,https://fulmo-img-server.com/sacoche-sacolla/8c09323b-f30a-41bf-9464-faf49173a9b8.jpg","ブラック / ホワイト / レッド / イエロー / ブルー","169"
"407","軽量ペットボトルホルダー付きサコッシュ","軽量で実用的な防水サコッシュです。 携帯電話やウォーターボトルを収納できるコンパクト設計。 耐久性のあるナイロン素材を使用し、アウトドアや旅行に最適。 斜め掛けスタイルで快適な使用感を提供します。","in stock","new","3160 JPY","https://www.sacoche-sacolla.jp/item/407","https://fulmo-img-server.com/sacoche-sacolla/700637bc-b81e-4dbe-859e-8317d0ea0d73.jpg","sacoche sacolla","https://fulmo-img-server.com/sacoche-sacolla/4dd24fd8-e941-4b42-a78d-d5785e96ecdd.jpg,https://fulmo-img-server.com/sacoche-sacolla/6fc735d2-10a6-4d34-95da-e56009e1451a.jpg,https://fulmo-img-server.com/sacoche-sacolla/c3baa403-2618-4220-b5df-e85dd1db780b.jpg,https://fulmo-img-server.com/sacoche-sacolla/e47e2f3b-66d1-4f9c-a80a-06fe6ad0dbe6.jpg,https://fulmo-img-server.com/sacoche-sacolla/d373b76d-f717-4692-b26d-6714aa515709.jpg,https://fulmo-img-server.com/sacoche-sacolla/44f5c727-232a-42ce-b0b8-40be993dc37b.jpg,https://fulmo-img-server.com/sacoche-sacolla/ae928647-2ffe-487e-a580-a5407ed75d1e.jpg","ブラック / グリーン / ブルー / オレンジレッド","169"
"408","軽量ペットボトルポケット付きサコッシュ","軽量で実用的な防水サコッシュです。 小型ながらスマートフォンや水筒を収納できる便利な設計となっています。 斜めがけスタイルで快適な装着感を実現し、アウトドアやレジャーにも最適。 撥水加工が施されているため、急な雨でも中身を守ります。","in stock","new","2840 JPY","https://www.sacoche-sacolla.jp/item/408","https://fulmo-img-server.com/sacoche-sacolla/88d8a675-af5d-4d50-a89b-3169ece2a4c1.jpg","sacoche sacolla","https://fulmo-img-server.com/sacoche-sacolla/95f4558f-2a2b-4d7d-8c58-2c84f99fced3.jpg,https://fulmo-img-server.com/sacoche-sacolla/631f946a-80be-4c04-9caa-3b0b9ecca5e0.jpg,https://fulmo-img-server.com/sacoche-sacolla/f99eabb4-0b50-4a43-9309-938149537339.jpg,https://fulmo-img-server.com/sacoche-sacolla/c75485aa-1766-488d-b265-d37d6f4cfa88.jpg,https://fulmo-img-server.com/sacoche-sacolla/e7187b41-ac59-4093-8f96-4e9ed28f72fb.jpg,https://fulmo-img-server.com/sacoche-sacolla/ac99647f-11ab-4cd4-bd73-9c93f9bd6405.jpg,https://fulmo-img-server.com/sacoche-sacolla/3fea27d0-83c6-4e4f-af6e-741fc10c12e0.jpg","ブラック / グリーン / ブルー / レッド","169"
"409","多機能ペットボトルホルダーサコッシュ","スタイリッシュな斜めがけができる防水サコッシュです。 水筒やスマートフォンを収納できる便利なデザインで、ヨガや運動、アウトドア活動に最適。 内側にはメッシュポケットも付いており、小物の整理に便利です。 調節可能なショルダーストラップで快適な着用感を実現しました。","in stock","new","3160 JPY","https://www.sacoche-sacolla.jp/item/409","https://fulmo-img-server.com/sacoche-sacolla/0d3ee36e-8e90-4065-abbc-228752960099.jpg","sacoche sacolla","https://fulmo-img-server.com/sacoche-sacolla/3b7ec100-b400-4bbb-a937-c4a4c01224f5.jpg,https://fulmo-img-server.com/sacoche-sacolla/230d606c-5e73-4e82-9481-0314f7d7de44.jpg,https://fulmo-img-server.com/sacoche-sacolla/88dee715-a102-4889-ba67-1881ae43939a.jpg,https://fulmo-img-server.com/sacoche-sacolla/2ae04714-9a30-4859-9609-f7b9ee7de731.jpg,https://fulmo-img-server.com/sacoche-sacolla/f47f5c54-0192-4659-86ec-520d0015b6b2.jpg,https://fulmo-img-server.com/sacoche-sacolla/8cdd5289-8a63-4beb-a5f5-1adeaac376ff.jpg,https://fulmo-img-server.com/sacoche-sacolla/d98c44e3-55b5-4d86-9086-0f7c804ce5e7.jpg,https://fulmo-img-server.com/sacoche-sacolla/6d070f1a-3cf2-46f3-bef5-f9140f435429.jpg","ライトブルー / ベージュ / オレンジ / グレー / 蛍光グリーン / ブラック / レッド","169"
"410","アウトドア用ペットボトルホルダー付きサコッシュ","防水素材を使用した実用的なボトルホルダー付きサコッシュです。 抽象的な柄が入ったポケットと、専用の水筒ホルダーが一体になった斜め掛けバッグ。 調節可能なショルダーストラップと束口式のボトルホルダーで、アウトドアやスポーツシーンでも安心して使用できます。 サコッシュとしての機能性と防水性を兼ね備えた、日常使いにも便利なアイテムです。","in stock","new","4340 JPY","https://www.sacoche-sacolla.jp/item/410","https://fulmo-img-server.com/sacoche-sacolla/e8fc7a36-c642-4eb1-9c26-6db75dd7c1c1.jpg","sacoche sacolla","https://fulmo-img-server.com/sacoche-sacolla/3aebfff7-6254-4ce0-bd35-0aad2805382d.jpg,https://fulmo-img-server.com/sacoche-sacolla/6efb3a6f-90e6-41ae-a251-16c210f8a79f.jpg,https://fulmo-img-server.com/sacoche-sacolla/e07a1915-6c93-4e40-992d-bf07c1a9d1b7.jpg,https://fulmo-img-server.com/sacoche-sacolla/be3ff211-1ad2-4857-a975-ef968360a0b7.jpg,https://fulmo-img-server.com/sacoche-sacolla/2580e3ea-c735-49b1-87da-0bf468b14807.jpg","メイン / メイン+多機能ストラップ / メイン+多機能ストラップ+コインケース / メイン+多機能ストラップ+コインケース+キーホルダー","169"
"411","ペットボトルポケット付き多機能サコッシュ","ペットボトルや水筒を収納できる便利なサコッシュです。 防水素材を使用しているので急な雨でも安心して使用できます。 スマートフォンや小物を入れるのに最適なポケット付きで、アウトドアや旅行にぴったり。 調節可能なショルダーストラップで様々な体型に対応します。","in stock","new","3640 JPY","https://www.sacoche-sacolla.jp/item/411","https://fulmo-img-server.com/sacoche-sacolla/f2b91285-1a6a-433f-9ee3-6debb59d09e8.jpg","sacoche sacolla","https://fulmo-img-server.com/sacoche-sacolla/5b484261-726b-4930-ae51-2594f919a711.jpg,https://fulmo-img-server.com/sacoche-sacolla/2548e288-3b55-4e5d-a7f7-db3379a1c421.jpg,https://fulmo-img-server.com/sacoche-sacolla/8d43c81f-ca3e-4cb1-890f-9b34edd83c92.jpg,https://fulmo-img-server.com/sacoche-sacolla/9f2ed309-63e4-4cc7-8929-6ba9984cbd3e.jpg,https://fulmo-img-server.com/sacoche-sacolla/0431a90b-a714-4eb7-90e3-c8d58ea5f150.jpg,https://fulmo-img-server.com/sacoche-sacolla/c8a067ad-4833-4220-8474-c75d17a4663e.jpg,https://fulmo-img-server.com/sacoche-sacolla/a4856352-2370-483d-ac5a-8974a6322d3d.jpg","グレイッシュブルー / ベージュ / ブラック / ピンク","169"
"412","水筒収納ポケット付きナイロンサコッシュ","実用性を重視した機能的なナイロンサコッシュです。 保温水筒を収納できる専用ポケットが特徴で、ドリンクを持ち歩きたい方に最適。 軽量かつ丈夫なナイロン素材を使用しており、日常使いから旅行まで幅広いシーンで活躍します。 斜めがけスタイルで両手が自由に使え、スマートフォンなどの小物も収納可能です。","in stock","new","2620 JPY","https://www.sacoche-sacolla.jp/item/412","https://fulmo-img-server.com/sacoche-sacolla/87bb9579-8070-4059-97d6-e4ca262d3bf0.jpg","sacoche sacolla","https://fulmo-img-server.com/sacoche-sacolla/a4ffc8d2-fa68-43c9-b8ac-8cd1d15ae742.jpg,https://fulmo-img-server.com/sacoche-sacolla/ca2ea65e-270d-414a-a358-3a68a93afdd9.jpg,https://fulmo-img-server.com/sacoche-sacolla/e66989ac-66f3-45d1-81af-b9c9cdd70122.jpg,https://fulmo-img-server.com/sacoche-sacolla/117a3d4f-6bab-46c0-85e2-aa6ff79d1cb9.jpg,https://fulmo-img-server.com/sacoche-sacolla/7c0ebb1e-8514-459f-a333-fc532e7098d1.jpg,https://fulmo-img-server.com/sacoche-sacolla/a93376d5-8770-48d8-9909-e5f85397fadd.jpg,https://fulmo-img-server.com/sacoche-sacolla/72352382-3076-42de-9fa6-58689e546c22.jpg,https://fulmo-img-server.com/sacoche-sacolla/e1853dc8-1c7b-4355-b301-09aba6f9808f.jpg","イエロー / グリーン / パープル / カーキ / ブラック / ピンク","169"
"413","ランニング用ペットボトルホルダー付き防水サコッシュ","ランニングや各種スポーツに最適な多機能サコッシュです。 防水素材を使用しているため雨の日でも安心して使用できます。 四つのポケットと専用ボトルホルダーを備え、スマートフォンや鍵など必需品をすっきり収納。 調整可能なベルトで快適なフィット感を実現した実用的なアイテムです。","in stock","new","2240 JPY","https://www.sacoche-sacolla.jp/item/413","https://fulmo-img-server.com/sacoche-sacolla/6259079d-cc3f-4ae7-8883-f9a475a25cbe.jpg","sacoche sacolla","https://fulmo-img-server.com/sacoche-sacolla/f1c51285-560f-48bd-a4a9-d9b6c67cfcee.jpg,https://fulmo-img-server.com/sacoche-sacolla/f2c8654e-274f-468c-a5cc-08cd1ef62bd7.jpg,https://fulmo-img-server.com/sacoche-sacolla/bdbe5cc2-8bf6-4f8f-9261-671f059391cc.jpg,https://fulmo-img-server.com/sacoche-sacolla/d0096d5f-2194-4931-994c-5765f145cf58.jpg,https://fulmo-img-server.com/sacoche-sacolla/aff8dd05-76e2-42b5-b534-c2f61d99184b.jpg","ブラック / ブラック×グリーン / ピンク / グレー","169"
"414","多機能防水ペットボトルホルダーサコッシュ","水筒とスマートフォンを同時に持ち運べる便利な防水サコッシュです。 軽量でコンパクトながら、必要な小物をしっかり収納できる実用的な設計。 調節可能なショルダーストラップ付きで、散歩や旅行、アウトドアシーンで活躍します。 防水素材を使用しているため、急な雨でも安心して使用できます。","in stock","new","3340 JPY","https://www.sacoche-sacolla.jp/item/414","https://fulmo-img-server.com/sacoche-sacolla/b8b624e9-5110-4f36-b55b-5f9214b058e4.jpg","sacoche sacolla","https://fulmo-img-server.com/sacoche-sacolla/28f359d0-3cf6-454f-95e9-63d9ea8ea69e.jpg,https://fulmo-img-server.com/sacoche-sacolla/f642e60d-7c32-4ae0-bfac-6021ce6663a0.jpg,https://fulmo-img-server.com/sacoche-sacolla/66a68000-5356-407c-afab-30b1e0484a2d.jpg,https://fulmo-img-server.com/sacoche-sacolla/420fa0ff-07ff-4043-a7a6-8201aa0756e5.jpg,https://fulmo-img-server.com/sacoche-sacolla/dc2e1b02-041f-40bd-bd0b-9c0efac77026.jpg,https://fulmo-img-server.com/sacoche-sacolla/7dc41540-019e-4bfe-b195-91c490cd0fd1.jpg","ライトグレー / ブラック / カーキ / ピンク","169"
"415","軽量巾着型ナイロンミニサコッシュ","シンプルでコンパクトなデザインのナイロン製ミニサコッシュです。 巾着タイプの開閉で使いやすく、スマートフォンや小物の収納に便利なサイズ感。 軽量で肩への負担が少なく、斜め掛けスタイルで両手が自由に使えます。 ナイロン素材で耐久性があり、デイリー使いにぴったりのサコッシュです。","in stock","new","2620 JPY","https://www.sacoche-sacolla.jp/item/415","https://fulmo-img-server.com/sacoche-sacolla/60536040-5bc0-4ff4-957f-03ea0b9387af.jpg","sacoche sacolla","https://fulmo-img-server.com/sacoche-sacolla/1e32249e-49b3-4495-9377-06cf8fba3e94.jpg,https://fulmo-img-server.com/sacoche-sacolla/f22503a6-8234-414e-8e66-364d37e35da3.jpg,https://fulmo-img-server.com/sacoche-sacolla/e4692025-e45c-4414-995f-e9cebc03074a.jpg,https://fulmo-img-server.com/sacoche-sacolla/b28bbf68-1ff3-440d-aee0-44bb6a458a14.jpg,https://fulmo-img-server.com/sacoche-sacolla/6d7297ad-98c7-4c0d-a250-5c805ca5f702.jpg,https://fulmo-img-server.com/sacoche-sacolla/2bcadeae-d623-4d9d-807a-49f0f96b66ea.jpg,https://fulmo-img-server.com/sacoche-sacolla/5376a468-8669-4a09-b595-07670dc35c94.jpg,https://fulmo-img-server.com/sacoche-sacolla/fbb2effc-07f5-4903-923d-4b3a1e5f39d3.jpg","ライトグレー / ブラック / イエロー / オレンジ / ピンク","169"
"416","多機能ウォーターペットボトルホルダー サコッシュ","携帯用ウォーターボトル専用のサコッシュです。 防水素材を使用し、飲み物の水滴や汗から大切な持ち物を守ります。 斜めがけスタイルで両手が自由に使え、ボトルだけでなくスマートフォンなども収納可能。 アウトドアやちょっとしたお出かけに便利なサイズ感です。","in stock","new","3580 JPY","https://www.sacoche-sacolla.jp/item/416","https://fulmo-img-server.com/sacoche-sacolla/ce04c4f9-214d-42ef-8f98-c302b6eab95c.jpg","sacoche sacolla","https://fulmo-img-server.com/sacoche-sacolla/e1c8822b-a8aa-4a99-8f8b-5ea9397e9bb3.jpg,https://fulmo-img-server.com/sacoche-sacolla/ccbd8055-11b0-493a-8927-4a8a0a1e5e70.jpg,https://fulmo-img-server.com/sacoche-sacolla/878ffa1a-3583-43c1-a26e-8325d8131fab.jpg","ベージュ / ピンク / グレー / ブラック","169"
"417","携帯用ドローストリング水筒ポーチ サコッシュ","軽量でコンパクトな水筒専用のサコッシュです。 防水素材を使用しているので急な雨でも安心して使用できます。 調節可能な肩ひも付きで、斜め掛けスタイルで快適に持ち運べます。 散歩やアウトドア、通勤通学など様々なシーンで活躍する実用的なアイテムです。","in stock","new","3580 JPY","https://www.sacoche-sacolla.jp/item/417","https://fulmo-img-server.com/sacoche-sacolla/75bd55d8-f0c4-4edc-a6a1-de2082204a91.jpg","sacoche sacolla","https://fulmo-img-server.com/sacoche-sacolla/930b8272-a2c4-456e-9f15-fe7925f22f2b.jpg,https://fulmo-img-server.com/sacoche-sacolla/deca7f22-38cc-47aa-ae34-1dad954381f8.jpg,https://fulmo-img-server.com/sacoche-sacolla/dc40e933-2689-482e-bd63-57e4d3c8bdf6.jpg,https://fulmo-img-server.com/sacoche-sacolla/036b83d3-5650-416e-aad6-5a40c740e402.jpg,https://fulmo-img-server.com/sacoche-sacolla/94582c97-4cf2-4da2-8960-763c27a7e839.jpg,https://fulmo-img-server.com/sacoche-sacolla/4195cb05-0bb0-4785-a36d-3445715833bc.jpg,https://fulmo-img-server.com/sacoche-sacolla/126140c6-5bc0-491f-978a-e9a008c73eae.jpg","ダークブラウン / ベージュ / ブラウン / ブラック / ブルー / ネイビー / グリーン","169"
"418","軽量保温ボトルポケット付きサコッシュ","便利な保温ボトルホルダー付きの防水サコッシュです。 軽量でコンパクトながらスマートフォンや水筒をしっかり収納できる実用的な設計。 調節可能なショルダーストラップで快適な斜め掛けが可能です。 防水素材を使用しているので、アウトドアやお散歩にも最適なサコッシュです。","in stock","new","3160 JPY","https://www.sacoche-sacolla.jp/item/418","https://fulmo-img-server.com/sacoche-sacolla/65af0951-e3eb-4712-8564-54879d5ade69.jpg","sacoche sacolla","https://fulmo-img-server.com/sacoche-sacolla/bf12eeef-bbb0-4880-95ff-b430c0e23532.jpg,https://fulmo-img-server.com/sacoche-sacolla/0f8b4ed9-f08e-4b71-af4c-f1fdb81084c9.jpg,https://fulmo-img-server.com/sacoche-sacolla/efe0797d-c122-4772-8b84-6f2faafa596b.jpg,https://fulmo-img-server.com/sacoche-sacolla/1b16769e-e444-46fc-9e58-27ce7ec8c46f.jpg,https://fulmo-img-server.com/sacoche-sacolla/0549e454-0707-4d98-be2e-de85ea48918e.jpg,https://fulmo-img-server.com/sacoche-sacolla/80e702b4-f90b-4db9-acb5-dfe02e01c3cb.jpg,https://fulmo-img-server.com/sacoche-sacolla/5d05c6cf-4563-4a93-894a-e197075e5d4f.jpg","ライトブルー / 蛍光グリーン / グレー / ブラック / オレンジ","169"
"419","サコッシュ 多機能ドローストリング水筒ポーチ","軽量で機能的な防水サコッシュバッグです。 水筒やスマートフォンを収納できる便利なポケット付き。 巾着タイプの口で中身の出し入れがスムーズ。 斜めがけできるショルダーストラップで、旅行やアウトドアシーンに最適なサコッシュです。","in stock","new","3340 JPY","https://www.sacoche-sacolla.jp/item/419","https://fulmo-img-server.com/sacoche-sacolla/9f16a58d-f6ef-4311-8931-17d9962859db.jpg","sacoche sacolla","https://fulmo-img-server.com/sacoche-sacolla/fad924b0-e6d1-4cc8-bb7e-d1f37a407f2c.jpg,https://fulmo-img-server.com/sacoche-sacolla/dae74b55-d936-4185-a032-56fc5661a334.jpg,https://fulmo-img-server.com/sacoche-sacolla/78af94f7-69c0-4889-bfd6-f82851b5dc6b.jpg,https://fulmo-img-server.com/sacoche-sacolla/61eedb6e-c221-4f48-b444-d57d21813176.jpg,https://fulmo-img-server.com/sacoche-sacolla/4bdce824-e34f-4d30-83f9-ea869ff7353c.jpg,https://fulmo-img-server.com/sacoche-sacolla/db3ec6a9-78b0-40d1-ac02-78feed8eb8da.jpg","パープル / イエロー / オレンジ / カーキ / ブラック / ブルー / グリーン","169"
"420","サコッシュ 軽量ナイロン素材の斜め掛けサコッシュバッグ","軽やかなナイロン素材で作られた実用的なサコッシュです。 斜め掛けスタイルで両手が自由に使えるため、散歩やちょっとした外出に最適です。 コンパクトなサイズながらも必要な小物をしっかりと収納でき、調整可能なストラップで体型を選ばず快適にお使いいただけます。 耐久性に優れたナイロン生地は汚れにも強く、デイリーユースからアクティブなシーンまで幅広くお楽しみいただけます。","in stock","new","10720 JPY","https://www.sacoche-sacolla.jp/item/420","https://fulmo-img-server.com/sacoche-sacolla/2fc4f16c-ddad-441e-a97c-06f2a38737fe.jpg","sacoche sacolla","https://fulmo-img-server.com/sacoche-sacolla/e670661d-2be2-4260-8bcf-44383e060fc2.jpg,https://fulmo-img-server.com/sacoche-sacolla/2c76bda1-a5bc-4cc5-851d-09a0b7f15543.jpg,https://fulmo-img-server.com/sacoche-sacolla/0ad5b1d0-6a9f-4e8d-b532-a0b823c127cb.jpg,https://fulmo-img-server.com/sacoche-sacolla/b6c4aed7-d95a-45fb-8fb1-3f50445d49f8.jpg,https://fulmo-img-server.com/sacoche-sacolla/3eb7cf13-348a-4700-8c96-5b959c518345.jpg,https://fulmo-img-server.com/sacoche-sacolla/d3784107-0142-4c4a-847b-bb43112667a9.jpg","カーキ / ブラック / オレンジ","169"
"421","サコッシュ 可愛いぬいぐるみ付きナイロンウエストポーチ","愛らしいパンダのぬいぐるみがアクセントになったナイロン製のサコッシュです。 軽量で耐久性に優れたナイロン素材を使用しており、日常使いに最適な仕上がりとなっています。 調節可能なストラップで斜め掛けやウエストポーチとしても活用でき、カジュアルスタイルにぴったりマッチします。 コンパクトながらも必需品をしっかりと収納できる実用性の高いアイテムです。","in stock","new","2780 JPY","https://www.sacoche-sacolla.jp/item/421","https://fulmo-img-server.com/sacoche-sacolla/482ffb22-8cbf-4248-92f4-aab2395ca8b0.jpg","sacoche sacolla","https://fulmo-img-server.com/sacoche-sacolla/a705fa39-c635-44a5-a822-7e0c042364aa.jpg,https://fulmo-img-server.com/sacoche-sacolla/26a996fe-38d5-43b9-80c9-a909d38fc3b6.jpg,https://fulmo-img-server.com/sacoche-sacolla/a7b78be3-e33e-4995-af91-b112ef85d6b1.jpg,https://fulmo-img-server.com/sacoche-sacolla/a77d3b93-e2b1-4eaa-85ec-731bf6ecdf3f.jpg,https://fulmo-img-server.com/sacoche-sacolla/87145256-7c39-45f7-8193-264c1e373e43.jpg,https://fulmo-img-server.com/sacoche-sacolla/056e55c6-387c-408b-a82e-0f91be830a4a.jpg,https://fulmo-img-server.com/sacoche-sacolla/81b2ec02-8c85-4514-8ef4-58e6bdaf19b3.jpg","ブラウン / グリーン / ブルー / ブラック / グリーン+ブルー / ブラック+ブルー / カーキ / カーキ+ブルー / ブラウン+ブルー","169"
"422","サコッシュ 軽量ナイロン製クロスボディ斜めがけ収納袋","日常使いに最適な軽量設計のサコッシュです。耐久性に優れたナイロン素材を使用し、長時間の使用でも快適な装着感を実現しています。 斜めがけスタイルで両手を自由に使えるため、散歩やサイクリング、ショッピングなど様々なシーンで活躍します。 メイン収納部にはスマートフォンや財布、鍵などの必需品をすっきりと収納可能で、機能性とスタイルを両立した実用的なアイテムです。","in stock","new","12400 JPY","https://www.sacoche-sacolla.jp/item/422","https://fulmo-img-server.com/sacoche-sacolla/f13f95b8-5029-4bfa-8f99-e7a1515e65a9.jpg","sacoche sacolla","https://fulmo-img-server.com/sacoche-sacolla/6afdd485-2ce5-4682-b88e-988811ed45a9.jpg,https://fulmo-img-server.com/sacoche-sacolla/18848340-e445-4c87-9433-e6e05bcf801a.jpg,https://fulmo-img-server.com/sacoche-sacolla/31beae9e-1888-4a1a-9a34-c6217b6f1554.jpg","ブラック / グレー","169"
"423","サコッシュ","画像にブランドロゴが入っているため、を生成できません。ブランド名やロゴが表示されている商品は対象外となります。","in stock","new","5220 JPY","https://www.sacoche-sacolla.jp/item/423","https://fulmo-img-server.com/sacoche-sacolla/e08aa009-3f09-4c58-bfb4-f98333f6017b.jpg","sacoche sacolla","https://fulmo-img-server.com/sacoche-sacolla/4aa174bd-1cce-4e90-a046-0d3b6b594b88.jpg,https://fulmo-img-server.com/sacoche-sacolla/bad9b1ab-5bf9-4641-86db-e8af19c8de58.jpg,https://fulmo-img-server.com/sacoche-sacolla/777af57c-0629-499d-934f-d16a2b60ff15.jpg,https://fulmo-img-server.com/sacoche-sacolla/21c5bd18-23c1-4ec5-8bda-dd9836764c7d.jpg,https://fulmo-img-server.com/sacoche-sacolla/b9d32822-40d1-4cbe-bddb-cb6b00dd65d3.jpg","ブラック / ブラウン","169"
"424","サコッシュ","画像の商品はハンドバッグとポーチのセットであり、サコッシュではないため適切ではありません。サコッシュは通常、薄型で肩掛けまたは斜め掛けができるシンプルな袋状のバッグを指しますが、こちらの商品は構造的にハンドバッグの形状をしています。","in stock","new","9460 JPY","https://www.sacoche-sacolla.jp/item/424","https://fulmo-img-server.com/sacoche-sacolla/836d4715-3183-471b-9c9b-17a86bef0c27.jpg","sacoche sacolla","https://fulmo-img-server.com/sacoche-sacolla/4c2ae9c7-e10f-4620-925b-296e337faad4.jpg,https://fulmo-img-server.com/sacoche-sacolla/e99fb421-bb33-4135-8750-2b916537d146.jpg,https://fulmo-img-server.com/sacoche-sacolla/6bc7b31e-7d12-4fa9-b413-326409a496d4.jpg,https://fulmo-img-server.com/sacoche-sacolla/c48bb008-c973-4fd3-b63f-ab14fcbb5f67.jpg,https://fulmo-img-server.com/sacoche-sacolla/193c3be9-90af-4f78-974f-29899bdab462.jpg","カーキ / アプリコット","169"
"425","サコッシュ 多機能収納キルティングサコッシュ","軽量で丈夫なナイロン素材を使用したキルティングデザインのサコッシュです。 タブレットやスマートフォン、充電器などのデジタル機器から文房具まで、日常の必需品をすっきりと整理できます。 内部には複数の仕切りポケットを配置し、小物の整理整頓に便利な構造となっています。 取り外し可能なショルダーストラップ付きで、斜め掛けスタイルでの持ち運びも快適です。","in stock","new","9460 JPY","https://www.sacoche-sacolla.jp/item/425","https://fulmo-img-server.com/sacoche-sacolla/86847e52-645c-4f87-a40a-ec5b0ef79e51.jpg","sacoche sacolla","https://fulmo-img-server.com/sacoche-sacolla/25aa62a2-0296-44dd-90cf-f3fd424a43d3.jpg,https://fulmo-img-server.com/sacoche-sacolla/98814472-27b5-4a9f-aa53-1f16db297e22.jpg,https://fulmo-img-server.com/sacoche-sacolla/dbb78071-c187-45e2-89f3-6e5f2c0fe9c8.jpg,https://fulmo-img-server.com/sacoche-sacolla/5a18c823-be0c-48e3-bd22-8abe2f70aa48.jpg","ホワイト / ブラック / オートミール / ブラウン / グリーン","169"
"426","サコッシュ キルティング加工多機能ナイロンサコッシュ","美しいキルティング加工が施されたナイロン素材のサコッシュです。軽量でありながら耐久性に優れ、日常使いから旅行まで幅広いシーンで活躍します。 調節可能なショルダーストラップ付きで、肩掛けや斜め掛けなど様々なスタイルに対応。内部には小物を整理しやすいポケット付きで機能性も抜群です。 シンプルなデザインながら存在感のあるキルティングパターンが、コーディネートにアクセントを添えてくれる実用的なアイテムです。","in stock","new","4420 JPY","https://www.sacoche-sacolla.jp/item/426","https://fulmo-img-server.com/sacoche-sacolla/c2ad3584-8b35-46b0-8087-9aa35cb866f2.jpg","sacoche sacolla","https://fulmo-img-server.com/sacoche-sacolla/007f19b7-241b-4660-8398-eafef6264174.jpg,https://fulmo-img-server.com/sacoche-sacolla/ea85ed8d-02e0-40b3-9a56-513becd966d9.jpg,https://fulmo-img-server.com/sacoche-sacolla/7e483dde-4d8e-4719-ac0a-f4abf4dc34a0.jpg","グリーン / ブラック / ブラウン","169"
"427","サコッシュ キルティング中綿入りナイロン斜め掛け鞄","軽量で耐久性に優れたナイロン素材を使用したキルティングデザインのサコッシュです。 中綿入りの立体的なキルティング加工により、保温性と衝撃吸収性を兼ね備えた実用的な仕様となっています。 調節可能な肩紐で斜め掛けスタイルを楽しめ、カジュアルな装いにぴったりのアイテムです。 日常使いから外出時まで幅広いシーンで活躍する便利な鞄として重宝します。","in stock","new","9800 JPY","https://www.sacoche-sacolla.jp/item/427","https://fulmo-img-server.com/sacoche-sacolla/c2d76f80-54d2-434f-b037-ae4e003d559f.jpg","sacoche sacolla","https://fulmo-img-server.com/sacoche-sacolla/a3cbd50e-b31e-4fde-a98f-13914ae6452b.jpg,https://fulmo-img-server.com/sacoche-sacolla/e70c1e02-90f9-4b1f-ace7-5011e6fbaf99.jpg,https://fulmo-img-server.com/sacoche-sacolla/d6cb46ef-6ee3-40e2-b5e4-af82fcd0d75b.jpg,https://fulmo-img-server.com/sacoche-sacolla/4b598991-c434-4b24-9f9a-34c46eb24005.jpg,https://fulmo-img-server.com/sacoche-sacolla/01ce3f84-3172-48ba-8d15-37cbab4e16e3.jpg,https://fulmo-img-server.com/sacoche-sacolla/45e48154-d12e-469d-a2bd-177e3e8cc6f7.jpg,https://fulmo-img-server.com/sacoche-sacolla/7ebcdf1f-96ca-479f-8aab-866b55df0cca.jpg,https://fulmo-img-server.com/sacoche-sacolla/86cc5372-6b8f-4318-b48f-89a66ab6c125.jpg","クリーム / グリーン / ブラック","169"
"428","サコッシュ 軽量ナイロン斜め掛けサコッシュバッグ","都市部での移動に最適な軽量設計のサコッシュです。 耐久性に優れたナイロン素材を使用し、日常使いから旅行まで幅広く活用できます。 調整可能なストラップで肩掛けや斜め掛けが自在にでき、スマートフォンや財布などの必需品をスマートに持ち運べます。 シンプルなデザインでどんなスタイルにもマッチし、アウトドアシーンにも対応する機能性を備えています。","in stock","new","3160 JPY","https://www.sacoche-sacolla.jp/item/428","https://fulmo-img-server.com/sacoche-sacolla/38d426a0-f191-45fc-9178-772797ec04da.jpg","sacoche sacolla","https://fulmo-img-server.com/sacoche-sacolla/cf587a23-05e7-4368-ad5c-91e58b83a6f8.jpg,https://fulmo-img-server.com/sacoche-sacolla/8174240d-595d-4573-976b-f415fdcb40ee.jpg,https://fulmo-img-server.com/sacoche-sacolla/d2d1d855-64ec-4cea-9595-780737a60a7d.jpg,https://fulmo-img-server.com/sacoche-sacolla/dd11736c-cc7d-47f4-8e29-fdcd7fc290e4.jpg,https://fulmo-img-server.com/sacoche-sacolla/5d981d59-a13e-49d7-a477-4f6406e8479f.jpg,https://fulmo-img-server.com/sacoche-sacolla/021578af-30d2-41f6-9ffb-2d12d80583b9.jpg,https://fulmo-img-server.com/sacoche-sacolla/83c120f4-d47e-4b0c-9be6-4fc7260603cd.jpg,https://fulmo-img-server.com/sacoche-sacolla/33b69f70-113c-4550-bfc3-779c34baa38e.jpg,https://fulmo-img-server.com/sacoche-sacolla/7ff33b34-41b5-4348-afc9-bdd879f3dd2b.jpg","ブラック","169"
"429","サコッシュ 多機能ポケット付きスマホ対応斜めがけサコッシュ","日常使いに最適な機能性抜群のサコッシュです。 スマホ専用ポケットと複数の収納スペースを備え、必需品をすっきりと整理できます。 調節可能なストラップで斜めがけスタイルが楽しめ、両手が自由になるのでアクティブな場面でも大活躍。 シンプルなデザインでどんなコーディネートにも合わせやすく、男女問わずお使いいただけます。","in stock","new","3480 JPY","https://www.sacoche-sacolla.jp/item/429","https://fulmo-img-server.com/sacoche-sacolla/ba249147-b73d-49dd-a3b2-3533df461c4d.jpg","sacoche sacolla","https://fulmo-img-server.com/sacoche-sacolla/422890c4-a7ef-403f-8705-dd256fbd8f74.jpg,https://fulmo-img-server.com/sacoche-sacolla/366d3a35-b2ea-4b65-9bcd-5f6b23e19133.jpg,https://fulmo-img-server.com/sacoche-sacolla/f1197fec-f7c8-4e89-a7a8-10f8f5638adb.jpg,https://fulmo-img-server.com/sacoche-sacolla/319cf0e8-1241-458f-acc2-bb1bb3de9efd.jpg,https://fulmo-img-server.com/sacoche-sacolla/e5bac47c-7abb-4bba-8146-5fa9881a56c0.jpg,https://fulmo-img-server.com/sacoche-sacolla/3e59a5e8-7cd7-4a12-a621-0a7e1de40d77.jpg,https://fulmo-img-server.com/sacoche-sacolla/df5c7c8d-e7f0-4ff4-8453-76e51665eb27.jpg,https://fulmo-img-server.com/sacoche-sacolla/c7af3362-0645-49b0-b052-ada867376b65.jpg,https://fulmo-img-server.com/sacoche-sacolla/e729f6bc-a00e-4073-af05-3bd0fb1eeb90.jpg","ブラック","169"
"430","サコッシュ ミニマル斜めがけ薄型収納ポーチ","シンプルで洗練されたデザインが魅力的な薄型のサコッシュタイプのお財布です。 必要最小限のアイテムをスマートに持ち運べるコンパクトサイズで、日常使いからお出かけまで幅広いシーンで活躍します。 調整可能なストラップ付きで斜めがけスタイルが楽しめ、両手を自由に使えて機能性も抜群です。","in stock","new","5320 JPY","https://www.sacoche-sacolla.jp/item/430","https://fulmo-img-server.com/sacoche-sacolla/00f76327-1c4f-4afc-b63b-fd09c88b573e.jpg","sacoche sacolla","https://fulmo-img-server.com/sacoche-sacolla/958f0cd7-144b-4211-b170-c19d1d9af0a0.jpg,https://fulmo-img-server.com/sacoche-sacolla/e72e0acb-4abb-4cb7-9c7e-62cb20449bdb.jpg,https://fulmo-img-server.com/sacoche-sacolla/618ba0f2-1fe4-4c6f-90a1-ab1f58006e0a.jpg,https://fulmo-img-server.com/sacoche-sacolla/dd13c423-c8ec-4537-aec1-e2b927e78eeb.jpg,https://fulmo-img-server.com/sacoche-sacolla/3048afe0-a649-4c28-81e6-6f4a03b8b129.jpg,https://fulmo-img-server.com/sacoche-sacolla/9855a8ec-364c-4429-bd50-1dd815f96699.jpg,https://fulmo-img-server.com/sacoche-sacolla/e72fed94-ce72-43de-a85c-e26428332439.jpg,https://fulmo-img-server.com/sacoche-sacolla/59a03c51-c7ff-41cf-8707-2b788611505e.jpg,https://fulmo-img-server.com/sacoche-sacolla/76f3716e-018c-4d4d-ad18-57e75b56bd33.jpg","ブラック","169"
"431","サコッシュ 多機能ポケット付き本革斜め掛けサコッシュ","都市部での移動に最適な機能性を追求したレザーサコッシュです。 複数のファスナーポケットを配置し、小物の整理整頓が簡単に行えます。 調整可能なショルダーストラップにより、体型に合わせた快適な装着感を実現。 上質な本革素材を使用し、日常使いから休日のお出かけまで幅広いシーンで活躍します。","in stock","new","37230 JPY","https://www.sacoche-sacolla.jp/item/431","https://fulmo-img-server.com/sacoche-sacolla/74b6a065-1f3e-4e6d-b817-8f4401d4e485.jpg","sacoche sacolla","https://fulmo-img-server.com/sacoche-sacolla/0d944bed-2dc3-49c9-b043-96c784aa812d.jpg,https://fulmo-img-server.com/sacoche-sacolla/25f43238-9474-49d9-8216-7ef1e7a5c81f.jpg,https://fulmo-img-server.com/sacoche-sacolla/9dec31e5-39ba-4ade-af6d-7ffc4f75b44b.jpg,https://fulmo-img-server.com/sacoche-sacolla/a2bfc6f5-556e-46e3-8a22-957af21ebdfb.jpg,https://fulmo-img-server.com/sacoche-sacolla/e42f4fb8-6163-49c7-bba5-41d2a6a8bc1f.jpg,https://fulmo-img-server.com/sacoche-sacolla/28c4afa6-6f2d-4d67-9e3b-5f1030e7d809.jpg,https://fulmo-img-server.com/sacoche-sacolla/62755579-85e9-4124-913d-6a0f1573ae29.jpg,https://fulmo-img-server.com/sacoche-sacolla/05e28908-ff52-4e84-b4ea-d228f98cf073.jpg","グリーン / ブラック","169"
"432","サコッシュ 多機能ベルト調整式クロスボディバッグ","耐久性に優れたナイロン素材を使用した実用的なサコッシュです。 調整可能なショルダーストラップで斜め掛けスタイルを楽しめ、フラップ式の開閉部分にはバックル留めを採用しています。 メイン収納部に加えて前面ポケットも備えており、小物の整理整頓に便利です。 通勤通学からアウトドアシーンまで幅広く活躍する多機能デザインが魅力的です。","in stock","new","3970 JPY","https://www.sacoche-sacolla.jp/item/432","https://fulmo-img-server.com/sacoche-sacolla/0b387439-25d3-4f6a-a095-0e265f3a9a93.jpg","sacoche sacolla","https://fulmo-img-server.com/sacoche-sacolla/7eb4bc15-01a1-4a5c-a1ad-fbab4de7e00d.jpg,https://fulmo-img-server.com/sacoche-sacolla/2083f78d-ef25-46b9-802d-946a52f16260.jpg,https://fulmo-img-server.com/sacoche-sacolla/4d93fb4d-46ec-461c-a312-a1ab7ec89ef6.jpg,https://fulmo-img-server.com/sacoche-sacolla/575ec053-869d-4255-a513-57652f9dab2a.jpg","ブラック","169"
"433","サコッシュ 多機能ポケット付きナイロンサコッシュ","軽量で耐久性に優れたナイロン素材を使用した機能的なサコッシュです。 フロントには便利なファスナーポケットが配置され、小物の整理に最適です。 調節可能なストラップでクロスボディスタイルやウエストポーチとしても使用でき、普段使いから旅行まで幅広いシーンで活躍します。 コンパクトながら収納力があり、スマートフォンや財布、鍵などの必需品をすっきりと収納できる実用的なアイテムです。","in stock","new","4690 JPY","https://www.sacoche-sacolla.jp/item/433","https://fulmo-img-server.com/sacoche-sacolla/196823e4-b839-4f71-9854-cc1dcd821910.jpg","sacoche sacolla","https://fulmo-img-server.com/sacoche-sacolla/a4123b25-7b7f-4381-8b26-5e54a2e4441b.jpg,https://fulmo-img-server.com/sacoche-sacolla/36f2cee6-80bb-41f4-8676-3a0b032ee9c8.jpg,https://fulmo-img-server.com/sacoche-sacolla/e2691fe7-2f47-42ec-8125-2723135b7440.jpg,https://fulmo-img-server.com/sacoche-sacolla/fc061074-e1fd-4317-99df-571501d173a0.jpg,https://fulmo-img-server.com/sacoche-sacolla/b976a57f-57f5-4c3d-86f9-7caa3ca17f84.jpg,https://fulmo-img-server.com/sacoche-sacolla/963bed06-1477-4334-83b9-0b7a6661820a.jpg,https://fulmo-img-server.com/sacoche-sacolla/87307df2-0402-419e-98d7-efec987d8afe.jpg,https://fulmo-img-server.com/sacoche-sacolla/1e3296e5-dea4-44f7-a688-fa0d75e14d79.jpg,https://fulmo-img-server.com/sacoche-sacolla/e0a08900-9199-4da8-ab60-b03077b859c3.jpg","ブラック / レッド","169"
"434","サコッシュ 多機能ポケット付きナイロンクロスボディバッグ","日常使いから旅行まで幅広く活躍するサコッシュタイプのバッグです。 軽量で丈夫なナイロン素材を使用し、長時間の使用でも疲れにくい設計になっています。 フロントには便利な収納ポケットを配置し、小物の整理整頓が簡単にできます。 調節可能なストラップで肩掛けや斜め掛けなど、お好みのスタイルでご使用いただけます。","in stock","new","3420 JPY","https://www.sacoche-sacolla.jp/item/434","https://fulmo-img-server.com/sacoche-sacolla/e53704fb-4899-498d-963a-3d05023a09c6.jpg","sacoche sacolla","https://fulmo-img-server.com/sacoche-sacolla/d0a6d548-c5c3-4bec-aad5-1dab531224e3.jpg,https://fulmo-img-server.com/sacoche-sacolla/d4d68a99-7412-4085-9043-1524843c421e.jpg,https://fulmo-img-server.com/sacoche-sacolla/ad209172-2737-4ad7-88ca-2ec5acc3ca12.jpg,https://fulmo-img-server.com/sacoche-sacolla/be253744-071f-401f-9371-75a6a90eb5ab.jpg,https://fulmo-img-server.com/sacoche-sacolla/e55a515e-22a6-4697-a183-76483b4e3b09.jpg,https://fulmo-img-server.com/sacoche-sacolla/a310d188-05b0-44d5-98e0-1e5db007851e.jpg,https://fulmo-img-server.com/sacoche-sacolla/228e53db-f2d0-463b-bc0c-99837eaa46da.jpg,https://fulmo-img-server.com/sacoche-sacolla/51d88304-01e6-4ca7-b884-54c211c69edb.jpg,https://fulmo-img-server.com/sacoche-sacolla/edf1d958-6aa7-490e-bf93-dab258312d9b.jpg","ブラック / ホワイト","169"
"435","サコッシュ 多機能ポケット付き帆布サコッシュバッグ","日常使いに最適な機能性を追求したサコッシュです。 丈夫なキャンバス生地を使用し、フロントには大小のポケットを配置して小物の整理整頓が簡単にできます。 調節可能なショルダーストラップで斜め掛けスタイルを楽しめ、カジュアルなコーディネートにぴったりです。 軽量でありながら耐久性に優れた帆布素材を採用し、長くお使いいただけるアイテムとして仕上げました。","in stock","new","4050 JPY","https://www.sacoche-sacolla.jp/item/435","https://fulmo-img-server.com/sacoche-sacolla/554949e8-7960-4e57-8abd-b0b0c58c85bf.jpg","sacoche sacolla","https://fulmo-img-server.com/sacoche-sacolla/2613f574-392d-48fd-a845-d92c3b282f15.jpg,https://fulmo-img-server.com/sacoche-sacolla/a7e21c28-df59-47a5-8608-8a6024502ae1.jpg,https://fulmo-img-server.com/sacoche-sacolla/3c59302f-cceb-4c08-889f-75809ea94950.jpg,https://fulmo-img-server.com/sacoche-sacolla/7cf8241d-55cf-4f66-82e3-398f0f6004dd.jpg","ブラック / ピンク / ホワイト / イエロー / グリーン","169"
"436","サコッシュ","画像にブランドロゴが確認されるため、の生成ができません。ブランドロゴが入っている商品は対象外となります。","in stock","new","9060 JPY","https://www.sacoche-sacolla.jp/item/436","https://fulmo-img-server.com/sacoche-sacolla/59d19135-a1b8-415c-9c6a-90fbcc4f572b.jpg","sacoche sacolla","https://fulmo-img-server.com/sacoche-sacolla/bbe483f1-f5eb-492d-81d5-2562fdf134bf.jpg,https://fulmo-img-server.com/sacoche-sacolla/783ea7e0-3847-4e85-99e0-d120998c6668.jpg,https://fulmo-img-server.com/sacoche-sacolla/68dfca81-d55e-403b-9dea-03935df3a896.jpg","","169"
"437","サコッシュ 上質本革フラップ型レザーサコッシュ","上質な本革を使用したレザーサコッシュです。 シンプルなフラップデザインが大人の雰囲気を演出し、必要最低限の荷物をスマートに持ち運べます。 調節可能な細身のショルダーストラップで、斜め掛けスタイルが楽しめるサコッシュです。 丁寧な縫製と滑らかな革の質感が長く愛用できる逸品です。 ちょっとしたお出かけから旅行まで幅広く活躍します。","in stock","new","4020 JPY","https://www.sacoche-sacolla.jp/item/437","https://fulmo-img-server.com/sacoche-sacolla/80de6203-7c89-4649-bdc9-771c01bbf8a3.jpg","sacoche sacolla","https://fulmo-img-server.com/sacoche-sacolla/4ea1b3f1-d827-4022-9f59-0af2ea8fa177.jpg,https://fulmo-img-server.com/sacoche-sacolla/36c90d9a-e21a-43cc-8ab5-f528426154aa.jpg,https://fulmo-img-server.com/sacoche-sacolla/1c9cd659-754d-48a1-acd2-743af102d0f9.jpg,https://fulmo-img-server.com/sacoche-sacolla/1d85caa1-537f-42a9-a26d-64ee520dcfdd.jpg,https://fulmo-img-server.com/sacoche-sacolla/347fea18-3d86-4c41-b3a1-dbfea01f9721.jpg,https://fulmo-img-server.com/sacoche-sacolla/453dffd2-74ed-45dc-a5ff-f4da0ea8c24b.jpg","ブラック / ブラウン / ホワイト","169"
"438","サコッシュ 編み込みチェーン付き本革ショルダーサコッシュ","上質な本革を使用したレザーサコッシュです。 柔らかな質感と使い込むほどに味わいが増す経年変化が魅力的なアイテムです。 編み込みデザインのチェーンストラップがアクセントになり、カジュアルにもきれいめにも合わせやすい仕上がりです。 フラップ式の開閉で中身をしっかり守り、必要な荷物をコンパクトに持ち運べるサコッシュとして日常使いに最適です。 軽量で肩掛けしやすく、お出かけや旅行にも活躍します。","in stock","new","9060 JPY","https://www.sacoche-sacolla.jp/item/438","https://fulmo-img-server.com/sacoche-sacolla/edddbc96-3751-4ba7-97c3-8b428062c4d9.jpg","sacoche sacolla","https://fulmo-img-server.com/sacoche-sacolla/3ea2cd99-df63-4372-b8d7-7f4fe10a548d.jpg,https://fulmo-img-server.com/sacoche-sacolla/0c3243c6-0bae-4b06-8914-4e5ea052ff6f.jpg,https://fulmo-img-server.com/sacoche-sacolla/2252d7a1-9cd1-4fc2-ba70-de70177c8c58.jpg","ブラック","169"
"439","サコッシュ 上質本革フラップ式縦型サコッシュ","必要最小限の荷物をスマートに持ち歩けるレザーサコッシュです。 上質な本革を使用したフラップ式のデザインで、高級感と実用性を兼ね備えています。 薄型の縦型サコッシュは身体にフィットしやすく、散歩や旅行、フェスなどのお出かけに最適です。 スマートフォンや財布など必需品がすっきり収まり、両手が自由になる便利なアイテムです。 長く愛用できる上質な仕上がりが魅力の一品です。","in stock","new","4270 JPY","https://www.sacoche-sacolla.jp/item/439","https://fulmo-img-server.com/sacoche-sacolla/d82fc683-ba78-48a0-85f0-973e3f192d97.jpg","sacoche sacolla","https://fulmo-img-server.com/sacoche-sacolla/1b77c129-140f-4bde-b9ca-457d4b051c4a.jpg,https://fulmo-img-server.com/sacoche-sacolla/bc528792-5094-4e55-bb8e-016da6ae4770.jpg,https://fulmo-img-server.com/sacoche-sacolla/4695d93c-25a1-4459-8360-cf399e5bf261.jpg,https://fulmo-img-server.com/sacoche-sacolla/13572b51-022b-4fa1-9bc7-961112fabf1c.jpg,https://fulmo-img-server.com/sacoche-sacolla/a08fdf73-1281-440a-abff-206f5920a38c.jpg,https://fulmo-img-server.com/sacoche-sacolla/456285e6-b3bb-4e61-8339-eaa5437bc8c0.jpg,https://fulmo-img-server.com/sacoche-sacolla/d72ed60e-c8c0-45ea-862c-e4b68954aff3.jpg,https://fulmo-img-server.com/sacoche-sacolla/49ee3c8d-afa8-4446-a5a3-5846dad1df30.jpg","ブラック","169"
"440","軽量ナイロン素材のコンパクトサコッシュバッグ","軽くて丈夫なナイロン素材を使用したサコッシュです。 必要最小限の荷物を持ち歩くのに最適なコンパクトサイズで、日常使いから旅行まで幅広く活躍します。 前面にはファスナーポケットを配置し、小物の整理も簡単です。 調節可能なショルダーストラップ付きで、斜め掛けや肩掛けなど自分好みのスタイルで使用できます。 カジュアルなデザインで男女問わずお使いいただけるアイテムです。","in stock","new","3580 JPY","https://www.sacoche-sacolla.jp/item/440","https://fulmo-img-server.com/sacoche-sacolla/8d13aa40-26e7-4489-8b81-8e8dbc5dc726.jpg","sacoche sacolla","https://fulmo-img-server.com/sacoche-sacolla/15fd3c99-fa50-471e-b7e3-ea05b6caf71e.jpg,https://fulmo-img-server.com/sacoche-sacolla/c7dbc2c2-b0f9-4525-b36b-d31919568a82.jpg,https://fulmo-img-server.com/sacoche-sacolla/449039e4-05f4-4904-bc2a-79179ca1767d.jpg,https://fulmo-img-server.com/sacoche-sacolla/6f721b84-5b15-4024-8f0c-9256c4bcb784.jpg,https://fulmo-img-server.com/sacoche-sacolla/a6e59720-612a-410d-b5bb-1d55185e7e83.jpg","ブラック /  ネイビー /  ベージュ","169"
"441","サコッシュ メッシュポケット付き軽量ナイロンサコッシュ","軽量で丈夫なナイロン素材を使用したサコッシュです。 フロント部分には通気性の良いメッシュポケットを配置し、中身の確認もしやすい実用的なデザインになっています。 コンパクトながら収納力に優れ、財布やスマートフォンなどの必需品をしっかり収納できます。 調節可能なストラップ付きで斜め掛けも可能な、日常使いから旅行まで幅広く活躍するアイテムです。","in stock","new","4600 JPY","https://www.sacoche-sacolla.jp/item/441","https://fulmo-img-server.com/sacoche-sacolla/e5020c84-5fe5-4bda-b510-8b6e0f0fdcc7.jpg","sacoche sacolla","https://fulmo-img-server.com/sacoche-sacolla/ecd6cecb-688a-4109-afbb-ea667786d373.jpg","ブラック /  ネイビー /  ベージュ","169"
"442","軽量ナイロンコンパクトサコッシュバッグ","軽くて丈夫なナイロン素材を使用したサコッシュです。 フロントポケット付きで小物の整理がしやすく、ファスナー開閉で中身をしっかり守ります。 調節可能なショルダーストラップ付きで斜め掛けや肩掛けが自由自在です。 普段使いから旅行まで幅広いシーンで活躍する便利なアイテムです。 コンパクトなサイズ感で身軽にお出かけできます。","in stock","new","4470 JPY","https://www.sacoche-sacolla.jp/item/442","https://fulmo-img-server.com/sacoche-sacolla/0be754cf-aaa6-44f9-8fc1-43b185bc0c0a.jpg","sacoche sacolla","https://fulmo-img-server.com/sacoche-sacolla/824e5799-fdba-48b3-a154-b5710f25aae1.jpg,https://fulmo-img-server.com/sacoche-sacolla/f2b65303-8e1a-4b2b-9e6a-d4f093b6d8ba.jpg,https://fulmo-img-server.com/sacoche-sacolla/b52e2e82-89db-4349-8c67-a737b8696fae.jpg,https://fulmo-img-server.com/sacoche-sacolla/1a6a58d8-cbd1-4929-8654-49fabc465fcd.jpg","ブラック /  ネイビー /  ベージュ","169"
"443","サコッシュ 本革ハンドル付きナイロンキャンバスポーチ","丈夫なナイロンキャンバス生地と本革の持ち手が調和した実用的なサコッシュです。 コンパクトながら財布や小物をしっかり収納できる十分な容量を確保しています。 フロントには便利なファスナーポケットを配置し、使い勝手を追求しました。 日常使いから旅行まで幅広いシーンで活躍する機能的なデザインが魅力です。 軽量で持ち運びやすく、長くご愛用いただける耐久性を兼ね備えています。","in stock","new","4140 JPY","https://www.sacoche-sacolla.jp/item/443","https://fulmo-img-server.com/sacoche-sacolla/a030646e-2023-4355-a268-0e562b1b6cc3.jpg","sacoche sacolla","https://fulmo-img-server.com/sacoche-sacolla/4d512401-1f72-458f-a909-baa947ff112d.jpg,https://fulmo-img-server.com/sacoche-sacolla/f17e35bc-7e43-414f-a0b4-63d0b73ed3ac.jpg,https://fulmo-img-server.com/sacoche-sacolla/1b8d6771-4dee-4ccf-a831-2404aeae272a.jpg,https://fulmo-img-server.com/sacoche-sacolla/02f69848-f606-4a8e-9813-88c10d27d11d.jpg","ブラック /  ネイビー /  ベージュ","169"
"444","サコッシュ 金具留め具付き配色切り替えレザーサコッシュ","上品な配色切り替えデザインが魅力のレザーサコッシュです。 中央の金具留め具がアクセントとなり、高級感を演出します。 コンパクトなサイズ感ながら必需品をしっかり収納でき、調節可能なショルダーストラップで斜め掛けや肩掛けが可能です。 ちょっとしたお出かけから普段使いまで幅広く活躍するサコッシュで、大人の女性にぴったりの上質なアイテムです。","in stock","new","40720 JPY","https://www.sacoche-sacolla.jp/item/444","https://fulmo-img-server.com/sacoche-sacolla/283f2721-cc07-47a9-b22a-37c417cd4434.jpg","sacoche sacolla","https://fulmo-img-server.com/sacoche-sacolla/7e12dadc-fd4a-4ee1-ba3c-c9d77e647a73.jpg,https://fulmo-img-server.com/sacoche-sacolla/46caa4ca-056a-4d47-98cb-6312453e70b0.jpg,https://fulmo-img-server.com/sacoche-sacolla/dcc94c51-aeff-426d-9224-d4a2abe4f32b.jpg,https://fulmo-img-server.com/sacoche-sacolla/4cac279b-d52b-408f-a1a2-d524dcd467a9.jpg","ブラック /  ネイビー /  グリーン","169"
"445","くま刺繍ワンポイントナイロンサコッシュ","かわいいくまの刺繍がワンポイントになったナイロン素材のサコッシュです。 軽量で丈夫なナイロン生地を使用し、日常使いに最適な機能性を備えています。 コンパクトなサイズ感ながらスマートフォンや財布などの必需品をしっかり収納できます。 調節可能なショルダーストラップで斜め掛けやショルダーバッグとして幅広く活用できます。 カジュアルなお出かけから旅行まで、様々なシーンで活躍するアイテムです。","in stock","new","3670 JPY","https://www.sacoche-sacolla.jp/item/445","https://fulmo-img-server.com/sacoche-sacolla/1aa33bc5-7bd3-4c76-8f4b-e4246388d1a8.jpg","sacoche sacolla","https://fulmo-img-server.com/sacoche-sacolla/c19034e5-fb54-45b4-9c58-1c09baab8397.jpg,https://fulmo-img-server.com/sacoche-sacolla/e6f311bb-fce7-45e1-929c-0d3adb7555cf.jpg,https://fulmo-img-server.com/sacoche-sacolla/fe755d01-e6ce-4ec7-b7cc-24a33c061d65.jpg,https://fulmo-img-server.com/sacoche-sacolla/95228759-f40d-4834-a3ee-4a66a5f6f9a3.jpg","ブラック /  ネイビー /  ベージュ","169"
"446","サコッシュ モノグラム柄金具付きミニショルダーバッグ","上品なモノグラム柄が目を引くレザー製のミニショルダーバッグです。 サコッシュとしても使える軽量設計で、スマートフォンや小物をすっきり収納できます。 取り外し可能なストラップ付きで、斜め掛けや肩掛けなど様々なスタイルに対応します。 フロントの金具がアクセントになり、カジュアルからきれいめまで幅広いコーディネートに活躍します。","in stock","new","16740 JPY","https://www.sacoche-sacolla.jp/item/446","https://fulmo-img-server.com/sacoche-sacolla/99beb884-4f09-4b05-95b6-f7f443dcf2c6.jpg","sacoche sacolla","https://fulmo-img-server.com/sacoche-sacolla/1b41bd0d-a2db-45c3-a3e8-330d3fa4da77.jpg,https://fulmo-img-server.com/sacoche-sacolla/274fd3d5-1e2c-40de-b75a-c41b2cf6c96f.jpg,https://fulmo-img-server.com/sacoche-sacolla/d27a9c8e-28c4-4c8e-8aef-7d8e358e804c.jpg,https://fulmo-img-server.com/sacoche-sacolla/5e485a9b-7177-4fe6-a6a9-90f974f59d83.jpg","ブラック /  ネイビー /  グリーン","169"
"447","サコッシュ 本革スクエア型ショルダーサコッシュ大号","上質な本革を使用したレザーサコッシュです。 スクエア型のすっきりとしたフォルムが都会的な印象を演出します。 必要最小限の荷物をスマートに持ち運べるサコッシュタイプで、日常使いから休日のお出かけまで幅広く活躍します。 丈夫な素材と丁寧な縫製で長くご愛用いただけます。 調節可能なショルダーストラップ付きで使い勝手も抜群です。","in stock","new","15480 JPY","https://www.sacoche-sacolla.jp/item/447","https://fulmo-img-server.com/sacoche-sacolla/362d632c-8709-48f0-a7a9-823c4d402e74.jpg","sacoche sacolla","https://fulmo-img-server.com/sacoche-sacolla/b234b3d0-3656-4134-ba92-4d3efcc94376.jpg,https://fulmo-img-server.com/sacoche-sacolla/a3bfcce0-ef98-4024-8c5e-b68a4c432b39.jpg,https://fulmo-img-server.com/sacoche-sacolla/30da31ce-102f-43cb-a7cf-3c155417c2a2.jpg,https://fulmo-img-server.com/sacoche-sacolla/6c52dcda-d54c-4743-89d7-eeb1fdf97ee3.jpg","ブラック /  ホワイト /  レッド","169"
"448","サコッシュ シンプルデザイン曲線フォルムナイロンサコッシュ","滑らかな曲線が特徴的なナイロン素材のサコッシュです。 軽量で耐久性に優れたナイロンを使用し、日常使いに最適な仕上がりとなっています。 コンパクトながら必需品をしっかり収納できる実用性の高さが魅力です。 調節可能なストラップで斜め掛けも肩掛けも自在に楽しめます。 カジュアルスタイルからきれいめコーディネートまで幅広く活躍するサコッシュです。","in stock","new","6260 JPY","https://www.sacoche-sacolla.jp/item/448","https://fulmo-img-server.com/sacoche-sacolla/ccc714f8-1baf-4234-a7f6-0d86c1807dc1.jpg","sacoche sacolla","https://fulmo-img-server.com/sacoche-sacolla/6bbc268b-cf82-4105-804e-37439f832aed.jpg,https://fulmo-img-server.com/sacoche-sacolla/86020776-a1d0-434d-84f4-8f86c239590c.jpg,https://fulmo-img-server.com/sacoche-sacolla/313da778-10e8-4139-bad6-c3debba149b6.jpg,https://fulmo-img-server.com/sacoche-sacolla/53b8887b-901d-49e0-a140-dc5178b89e1c.jpg","ブラック /  ネイビー /  ベージュ","169"
"449","サコッシュ 軽量ナイロンミニショルダーサコッシュ","日常使いに最適な軽量ナイロン素材のサコッシュです。 コンパクトながら収納力に優れ、スマートフォンや財布、鍵などの必需品をスマートに持ち運べます。 調節可能なショルダーストラップ付きで、斜め掛けやショルダーバッグとして使用可能。 ファスナー式の前面ポケットと内部ポケットで小物の整理整頓も簡単です。 散歩や買い物、旅行など様々なシーンで活躍する実用的なアイテムです。","in stock","new","3760 JPY","https://www.sacoche-sacolla.jp/item/449","https://fulmo-img-server.com/sacoche-sacolla/29d92d83-b6be-493d-87da-739dcd586359.jpg","sacoche sacolla","https://fulmo-img-server.com/sacoche-sacolla/50ec763c-6192-42cf-a4cd-2eb45c971fb8.jpg,https://fulmo-img-server.com/sacoche-sacolla/a74521d8-a964-45f9-917d-30e1927da50f.jpg,https://fulmo-img-server.com/sacoche-sacolla/53018b1b-071a-4910-90af-11b01eba0bd4.jpg,https://fulmo-img-server.com/sacoche-sacolla/76ce1c7c-edb2-45f0-9a79-93928035be56.jpg,https://fulmo-img-server.com/sacoche-sacolla/f6330f56-9497-4f32-91ca-25b33ec09eb0.jpg,https://fulmo-img-server.com/sacoche-sacolla/3dda0de7-50cb-4514-8fe3-9e509d8107e8.jpg,https://fulmo-img-server.com/sacoche-sacolla/cde9b133-b4c4-4bff-b4e0-2f8cdb0c50ae.jpg","ブラック","169"
"450","男性用レザーサコッシュ 斜めがけ撥水加工 多機能ショルダー鞄","高品質なレザーサコッシュで、洗練されたデザインと実用性を兼ね備えています。 撥水加工済みで雨の日も安心してご使用いただけます。 サコッシュとしての軽量性を保ちながら、多彩な収納ポケットを配置。 斜めがけスタイルで両手が自由に使え、通勤や外出時に最適な一品です。","in stock","new","5640 JPY","https://www.sacoche-sacolla.jp/item/450","https://fulmo-img-server.com/sacoche-sacolla/91044e3f-d7f3-4945-b84d-afc591ac5ce5.jpg","sacoche sacolla","https://fulmo-img-server.com/sacoche-sacolla/53958824-e0b0-4043-85a2-542e7eb85913.jpg,https://fulmo-img-server.com/sacoche-sacolla/1ca5f28d-401a-4d1a-bc24-3e90f82a4c46.jpg,https://fulmo-img-server.com/sacoche-sacolla/5315a376-bec0-4a95-8883-a085049e3b81.jpg,https://fulmo-img-server.com/sacoche-sacolla/ee436673-8db2-46d0-ae2e-e52febf230c5.jpg,https://fulmo-img-server.com/sacoche-sacolla/5babb4cb-f81c-4953-a094-0fc17b9d0a33.jpg,https://fulmo-img-server.com/sacoche-sacolla/ba843db4-0e43-467f-be01-c9e46b9a52a9.jpg,https://fulmo-img-server.com/sacoche-sacolla/bec4fc3c-5170-4030-96e6-d0fbf379ed54.jpg,https://fulmo-img-server.com/sacoche-sacolla/21a33a71-000f-400a-aef7-8d39d4714506.jpg,https://fulmo-img-server.com/sacoche-sacolla/ee330956-2288-4582-9b90-72c56fdd8664.jpg","黒 / 紺色 / 灰色","169"
"451","ナイロン撥水加工サコッシュ オリーブ色","テント生地にも使われる丈夫でしなやかなナイロン素材を使用したサコッシュです。 表面には雨や汚れを弾く撥水加工を施しており、アウトドアシーンにも最適。 長さ調節可能な紐は取り外し可能で、ポーチとしても使用できます。 メイン収納に加え、小物収納に便利なフロントポケット付き。","in stock","new","2560 JPY","https://www.sacoche-sacolla.jp/item/451","https://fulmo-img-server.com/sacoche-sacolla/3e51dd29-03e6-47c2-9cff-e8d6eb7daed1.jpg","sacoche sacolla","https://fulmo-img-server.com/sacoche-sacolla/89f92e12-41ec-445b-bbbb-c01c9a67d50b.jpg","","169"
"452","ナイロン レオパード柄 ミニショルダー サコッシュ 豹柄 斜めがけ","ふわっと可愛いレオパード柄のナイロン製ミニサコッシュ。 もこもこ素材が目を引く、おしゃれなショルダーバッグです。 スマートフォンや小物をすっきり収納できるコンパクトサイズで、軽量設計のため長時間の使用も快適。 ちょっとした外出やサブバッグとしても活躍します。 ストラップは長さ調整可能で、ショルダーと斜めがけの両方に対応。 スナップボタン付きで中身が見えにくく、安心してお使いいただけます。","in stock","new","5280 JPY","https://www.sacoche-sacolla.jp/item/452","https://fulmo-img-server.com/sacoche-sacolla/c746e0b8-b853-4fdf-a37b-e2b1b637bff5.jpg","sacoche sacolla","https://fulmo-img-server.com/sacoche-sacolla/e252a0db-9956-4801-836e-65e12f541fcd.jpg,https://fulmo-img-server.com/sacoche-sacolla/119e0e0e-a9fe-4a1b-912d-7c2817947412.jpg,https://fulmo-img-server.com/sacoche-sacolla/5e2fc49d-71fb-4869-b0c7-f2d6267d4ed6.jpg,https://fulmo-img-server.com/sacoche-sacolla/2741b57f-5d99-44ee-8258-911c6a93a648.jpg,https://fulmo-img-server.com/sacoche-sacolla/35871304-03be-4769-bc24-8af3cc51c1f2.jpg,https://fulmo-img-server.com/sacoche-sacolla/6151c25e-b872-4309-a1ca-aa239de035a6.jpg,https://fulmo-img-server.com/sacoche-sacolla/bf08c1cd-6881-46e8-8729-6e268b0aa6a0.jpg","","169"
"453","防水テント生地サコッシュ 撥水加工 紺色","テント生地を使用した丈夫で防水性に優れたサコッシュです。 表面には雨や汚れを弾く撥水加工を施し、アウトドアや普段使いに最適。 長さ調節可能な紐は取り外し可能で、ポーチとしても活用できます。 メイン収納に加え、小物用のフロントポケットも搭載した機能的なデザインです。","in stock","new","2560 JPY","https://www.sacoche-sacolla.jp/item/453","https://fulmo-img-server.com/sacoche-sacolla/9e1a60ba-755a-45e8-bd0f-9a611c2217f7.jpg","sacoche sacolla","https://fulmo-img-server.com/sacoche-sacolla/77eaf7a6-3c26-438b-8ebd-d943ac7a068d.jpg","","169"
"454","防水テント生地サコッシュ グレー 撥水加工","テント素材を使用した丈夫で防水性に優れたサコッシュです。 撥水加工により雨や汚れをしっかり弾きます。 取り外し可能な調節紐でポーチとしても使用可能。 メインポケットとフロントポケットで小物収納も充実。 アウトドアから普段使いまで幅広く活躍します。","in stock","new","2560 JPY","https://www.sacoche-sacolla.jp/item/454","https://fulmo-img-server.com/sacoche-sacolla/e50f8e8d-279f-417d-893d-b4797b2bb09c.jpg","sacoche sacolla","https://fulmo-img-server.com/sacoche-sacolla/fb3ff94d-4c33-4585-945f-bef921e3e584.jpg","","169"
"455","防水テント生地サコッシュ 撥水加工 黒","テント素材を使用した丈夫で防水性に優れたサコッシュです。 表面には雨や汚れを弾く撥水加工を施し、アウトドアシーンでも安心してお使いいただけます。 長さ調節可能なストラップは取り外し可能でポーチとしても活用できます。 メインポケットに加えフロントポケットも搭載し小物整理に便利です。","in stock","new","2560 JPY","https://www.sacoche-sacolla.jp/item/455","https://fulmo-img-server.com/sacoche-sacolla/0817ebce-d468-4e9d-a2a8-38b650372ad7.jpg","sacoche sacolla","https://fulmo-img-server.com/sacoche-sacolla/2e78992e-3549-429b-b310-2cec056b9958.jpg","","169"
"456","軽量ナイロン製サコッシュ H3050 多機能ポケット付き","財布やスマートフォンの持ち運びに最適なナイロン製サコッシュです。 軽量で耐久性に優れ、日常使いからアウトドアまで幅広く活用できます。 ファスナー式開閉で安心、外部ファスナーポケット1個と内部オープンポケット1個を装備。 必要な荷物をスマートに整理できる機能的なサコッシュです。","in stock","new","4240 JPY","https://www.sacoche-sacolla.jp/item/456","https://fulmo-img-server.com/sacoche-sacolla/bc42dfbf-891b-467c-8625-371b09e84fc2.jpg","sacoche sacolla","https://fulmo-img-server.com/sacoche-sacolla/e6dbb272-f59c-447b-a369-1e9fb5f3df95.jpg","","169"
"457","ナイロン製多機能サコッシュ H3050","財布や携帯電話の持ち運びに最適なナイロン素材のサコッシュです。 丈夫で軽量なナイロン生地を使用し、日常使いから旅行まで幅広く活躍します。 ファスナー式開閉で中身をしっかり保護し、外部と内部にポケットを配置した機能的な設計です。","in stock","new","4240 JPY","https://www.sacoche-sacolla.jp/item/457","https://fulmo-img-server.com/sacoche-sacolla/ac2d7451-0018-4a1b-9d6a-a7f5f13981fb.jpg","sacoche sacolla","https://fulmo-img-server.com/sacoche-sacolla/68146fa9-a9b7-4188-99c5-f3aa9090c260.jpg","","169"
"458","サコッシュ ナイロン製レディースショルダーバッグ 2色展開","軽量で丈夫なナイロン素材を使用したレディース向けショルダーバッグです。 サコッシュスタイルでカジュアルからきれいめまで幅広く対応。 調節可能なストラップで肩掛けも斜め掛けも自在です。 ブラックとブラウンの2色からお選びいただけます。","in stock","new","4990 JPY","https://www.sacoche-sacolla.jp/item/458","https://fulmo-img-server.com/sacoche-sacolla/55a525bd-b6a4-4e02-b84f-0dcd3558c0ef.jpg","sacoche sacolla","https://fulmo-img-server.com/sacoche-sacolla/ba81cf2e-ff7f-4c52-9a94-6d435c02dfe7.jpg,https://fulmo-img-server.com/sacoche-sacolla/d5edca8b-d1e9-4ed3-b302-6613361c6684.jpg,https://fulmo-img-server.com/sacoche-sacolla/20efedfe-0557-4769-84e5-adaa4b768eff.jpg,https://fulmo-img-server.com/sacoche-sacolla/3983e37c-a72f-4169-8181-5e37be40933f.jpg,https://fulmo-img-server.com/sacoche-sacolla/7c21914e-08fd-4695-9e5a-cb33cd6ce283.jpg,https://fulmo-img-server.com/sacoche-sacolla/b4fd651b-b643-4602-beaf-31d4b54da7a5.jpg,https://fulmo-img-server.com/sacoche-sacolla/3920a601-8d67-4890-b33f-623f1cfb2321.jpg","","169"
"459","サコッシュ レディース ナイロン 巾着型 ショルダーバッグ","軽量で丈夫なナイロン素材を使用した巾着型ショルダーバッグです。 サコッシュとしても使える2way仕様で、カジュアルからアウトドアまで幅広く活躍。 巾着の紐で開閉も簡単、複数のカラーバリエーションをご用意しました。 毎日のお出かけにぴったりの機能的なデザインです。","in stock","new","5920 JPY","https://www.sacoche-sacolla.jp/item/459","https://fulmo-img-server.com/sacoche-sacolla/59374e7c-093d-4c5f-bb09-f1fe3c9e6da4.jpg","sacoche sacolla","https://fulmo-img-server.com/sacoche-sacolla/3c8a6914-8e5b-433f-9585-a3bec2614c80.jpg,https://fulmo-img-server.com/sacoche-sacolla/1820abcc-edd1-45df-85f5-9969463ded0d.jpg,https://fulmo-img-server.com/sacoche-sacolla/6ffb0290-9421-428d-a853-0c8420858b28.jpg,https://fulmo-img-server.com/sacoche-sacolla/00e0f3ef-328a-4c57-9ba7-39caa72be1d8.jpg,https://fulmo-img-server.com/sacoche-sacolla/0710abfb-8705-454d-8883-a16d9d6c1fc4.jpg,https://fulmo-img-server.com/sacoche-sacolla/b7daebdb-8b6d-4b91-9d2b-b674d5a9107f.jpg,https://fulmo-img-server.com/sacoche-sacolla/2a7d06ed-24a4-484c-a328-7abe536dba16.jpg,https://fulmo-img-server.com/sacoche-sacolla/826f8673-20ea-4fb4-8777-6ac60776dc41.jpg,https://fulmo-img-server.com/sacoche-sacolla/7438617f-f034-41f6-967d-f8c9452dfdcf.jpg","","169"
"460","レディース ナイロン 巾着型 サコッシュ 斜め掛けバッグ","軽量で丈夫なナイロン素材を使用した巾着型サコッシュバッグです。 斜め掛けスタイルで両手が自由に使え、お出かけや通勤通学に最適。 ファスナーポケット付きで小物収納も安心。 シンプルなデザインでどんなコーディネートにも合わせやすい実用的なアイテムです。","in stock","new","4490 JPY","https://www.sacoche-sacolla.jp/item/460","https://fulmo-img-server.com/sacoche-sacolla/94b413f3-eb95-4c15-ab7a-9ac129673a2a.jpg","sacoche sacolla","https://fulmo-img-server.com/sacoche-sacolla/7c8306bc-5f5a-40e5-aee0-f6e499fa0324.jpg,https://fulmo-img-server.com/sacoche-sacolla/16dadcee-a76a-4f50-94a8-7dd158a48c4e.jpg,https://fulmo-img-server.com/sacoche-sacolla/c92537c6-fbeb-4087-bd2f-d44edf25598a.jpg,https://fulmo-img-server.com/sacoche-sacolla/043c3c6a-26a5-484e-af00-2e3f33dcc386.jpg,https://fulmo-img-server.com/sacoche-sacolla/c0ad7a7f-5632-4bd5-ad2f-4d0fdef425c6.jpg,https://fulmo-img-server.com/sacoche-sacolla/a937c5ee-320f-495f-b6c9-ed72a07e4dad.jpg,https://fulmo-img-server.com/sacoche-sacolla/00802b92-98cf-4b67-92b7-6d478f001c82.jpg,https://fulmo-img-server.com/sacoche-sacolla/f06ef545-e54d-4109-a247-8a8045bf07ad.jpg,https://fulmo-img-server.com/sacoche-sacolla/57204141-549c-4ff4-9948-711f125a2b91.jpg","","169"
"461","メンズ防水ショルダーバッグ斜めがけサコッシュ多機能","雨の日も安心の防水加工を施したメンズ用サコッシュです。 斜めがけスタイルでアクティブな日常をサポートします。 コンパクトながら収納力抜群で、通勤通学からアウトドアまで幅広く活躍。 軽量設計で長時間の使用でも疲れにくい機能性バッグです。","in stock","new","5600 JPY","https://www.sacoche-sacolla.jp/item/461","https://fulmo-img-server.com/sacoche-sacolla/f3bd1d7d-76c4-44f7-a981-c13cdbbcdd79.jpg","sacoche sacolla","https://fulmo-img-server.com/sacoche-sacolla/7126e5a7-ca59-4439-aaf5-5aafe9868312.jpg,https://fulmo-img-server.com/sacoche-sacolla/6504ab0f-18cb-4ad0-bad4-eb2533f2c898.jpg,https://fulmo-img-server.com/sacoche-sacolla/ab0aceec-fd1d-40e7-9e3d-1bc3d2e6e132.jpg,https://fulmo-img-server.com/sacoche-sacolla/547a0b10-0e7a-430d-b196-ff665811f192.jpg,https://fulmo-img-server.com/sacoche-sacolla/5b261fc3-a96b-4a78-92db-88d7ec5619e3.jpg,https://fulmo-img-server.com/sacoche-sacolla/52ffb1b1-a440-4106-bcbc-72bf8433c244.jpg,https://fulmo-img-server.com/sacoche-sacolla/56e88a9c-b737-48db-b94c-5aedf5323103.jpg","","169"
"462","防水メンズサコッシュ斜めがけショルダーバッグ","雨の日も安心の防水機能付きサコッシュが登場。 斜めがけスタイルで両手が自由に使える実用性抜群のメンズバッグです。 多機能ポケット搭載でスマートフォンや小物類もすっきり収納。 通勤通学からアウトドアまで幅広いシーンで活躍します。","in stock","new","6000 JPY","https://www.sacoche-sacolla.jp/item/462","https://fulmo-img-server.com/sacoche-sacolla/04705e7a-044d-4f40-96c3-ad0ad7e8c3ac.jpg","sacoche sacolla","https://fulmo-img-server.com/sacoche-sacolla/282fed96-0993-4d56-a7c7-d1a5af0a1fd1.jpg,https://fulmo-img-server.com/sacoche-sacolla/96d3c060-3777-4486-9ce4-d6c3b50f4997.jpg,https://fulmo-img-server.com/sacoche-sacolla/1261a45f-2c6d-4f33-90d5-ef3067d99865.jpg,https://fulmo-img-server.com/sacoche-sacolla/8516efc4-18ca-4e56-a208-1f46e00ec06c.jpg,https://fulmo-img-server.com/sacoche-sacolla/6f31e15d-2488-4f26-b619-ca879425c719.jpg,https://fulmo-img-server.com/sacoche-sacolla/c02906c5-8134-43ff-96ec-357ee35f5c20.jpg,https://fulmo-img-server.com/sacoche-sacolla/115e7f33-6552-4bdf-b391-30edf16905ee.jpg,https://fulmo-img-server.com/sacoche-sacolla/2d320635-aff9-4858-8283-114c4338f576.jpg,https://fulmo-img-server.com/sacoche-sacolla/f1aa63ee-a337-48ad-a1c7-c6c97632ba8a.jpg","黒 / 紺色 / 灰色","169"
"463","防水メンズサコッシュ斜めがけボディバッグ撥水加工","雨の日も安心の防水加工を施したメンズ用サコッシュです。 斜めがけスタイルでアクティブなシーンにも対応し、撥水機能で大切な荷物をしっかり保護します。 コンパクトなボディバッグタイプで通勤や外出時の必需品収納に最適です。","in stock","new","6640 JPY","https://www.sacoche-sacolla.jp/item/463","https://fulmo-img-server.com/sacoche-sacolla/34619bac-8e55-425e-b2f4-fc6ef0097cba.jpg","sacoche sacolla","https://fulmo-img-server.com/sacoche-sacolla/5823899c-8f01-47bf-b907-c83d0598e79f.jpg,https://fulmo-img-server.com/sacoche-sacolla/0e199005-ac24-4c18-9a74-247023df2844.jpg,https://fulmo-img-server.com/sacoche-sacolla/5824fc1f-061e-400d-87f3-ecfa278a58f1.jpg,https://fulmo-img-server.com/sacoche-sacolla/414a59fd-bf89-47de-a911-62766e82ec9d.jpg,https://fulmo-img-server.com/sacoche-sacolla/99949364-4089-4237-840b-95c311ccf16e.jpg,https://fulmo-img-server.com/sacoche-sacolla/0ae18508-b540-4dc7-8306-c9aa86026ad0.jpg,https://fulmo-img-server.com/sacoche-sacolla/eaf4bc34-e1e7-4132-8db8-569e282f0c41.jpg,https://fulmo-img-server.com/sacoche-sacolla/50e12a7c-2c14-4829-8cf9-27e7d8222b6a.jpg,https://fulmo-img-server.com/sacoche-sacolla/268017ba-5c3d-4f5c-aa0a-7915a0b6bec7.jpg","","169"
"464","防水仕様男性用斜めがけサコッシュ撥水加工","雨の日も安心の防水加工を施したメンズ向けサコッシュです。 斜めがけ対応のショルダーストラップで両手が自由に使えて便利。 軽量でコンパクトなデザインながら収納力も抜群。 普段使いからアウトドアまで幅広く活躍する多機能バッグです。","in stock","new","5240 JPY","https://www.sacoche-sacolla.jp/item/464","https://fulmo-img-server.com/sacoche-sacolla/8b8f9d8e-d827-425c-8242-8f37d5d9268b.jpg","sacoche sacolla","https://fulmo-img-server.com/sacoche-sacolla/c0e9f6f1-fc3f-403b-8e89-f6145741c91e.jpg,https://fulmo-img-server.com/sacoche-sacolla/0b3b388d-6803-4463-9ba0-1e6bf4f2124a.jpg,https://fulmo-img-server.com/sacoche-sacolla/aee8de6f-9baa-4eca-bcd0-185c6ad3e5ec.jpg,https://fulmo-img-server.com/sacoche-sacolla/9d68b4c0-2b4c-420b-942e-ca19c87f8b72.jpg,https://fulmo-img-server.com/sacoche-sacolla/99d47e93-0ecc-40c8-b4b7-93e8bc5fcd39.jpg,https://fulmo-img-server.com/sacoche-sacolla/07217fab-de15-49ed-8e60-48925dcc1209.jpg,https://fulmo-img-server.com/sacoche-sacolla/72a96862-1d86-4241-8a6d-a7fc6a98e80f.jpg,https://fulmo-img-server.com/sacoche-sacolla/73a28875-232f-4e70-9943-ee1baa980964.jpg,https://fulmo-img-server.com/sacoche-sacolla/3baf7afd-75a4-4932-a1f4-3e026a5afe1b.jpg","","169"
"465","防水メンズサコッシュ斜めがけ多機能ショルダーバッグ","完全防水素材を使用したメンズ向けサコッシュタイプのショルダーバッグです。 斜めがけスタイルで両手が自由に使え、雨の日でも安心してご使用いただけます。 コンパクトながら収納力抜群で、日常使いからアウトドアまで幅広く活躍する多機能バッグです。","in stock","new","5400 JPY","https://www.sacoche-sacolla.jp/item/465","https://fulmo-img-server.com/sacoche-sacolla/9ecc1f77-c0bf-477f-96d4-4a3a1bf5b8a1.jpg","sacoche sacolla","https://fulmo-img-server.com/sacoche-sacolla/fbdb3dc7-2d74-460e-b5b4-69846700fc25.jpg,https://fulmo-img-server.com/sacoche-sacolla/ec6a81f2-7e57-41e7-956d-33dd02677da6.jpg,https://fulmo-img-server.com/sacoche-sacolla/ac229767-8431-425f-a8e7-9c285136bec6.jpg,https://fulmo-img-server.com/sacoche-sacolla/dd9f9d6d-aa90-4bf3-8707-b0e3ab379462.jpg,https://fulmo-img-server.com/sacoche-sacolla/5daadbff-b9de-439b-8d4b-4ee0ffa4b2a5.jpg,https://fulmo-img-server.com/sacoche-sacolla/d4031c31-9abe-43ce-bd05-135afbab8f97.jpg,https://fulmo-img-server.com/sacoche-sacolla/9408ff8f-299e-4db1-bf8f-ab778b29a000.jpg","","169"
"466","サコッシュ 防水機能付き男性用腰巻きかばん斜めがけ多収納","雨や水濡れに強い防水機能を備えた男性向け腰巻きかばんです。 斜めがけスタイルで両手が自由に使え、サコッシュとしても活躍します。 複数のポケットで小物を整理収納でき、日常使いから旅行まで幅広く対応。 軽量で動きやすく、アクティブな男性におすすめの多機能かばんです。","in stock","new","5400 JPY","https://www.sacoche-sacolla.jp/item/466","https://fulmo-img-server.com/sacoche-sacolla/2375c43b-201b-44bc-a856-f845a3bd2bfc.jpg","sacoche sacolla","https://fulmo-img-server.com/sacoche-sacolla/11a98a22-2dc5-4c6b-a268-d21783f84d94.jpg,https://fulmo-img-server.com/sacoche-sacolla/456c579e-7c80-47db-aad0-2ac5309ba778.jpg,https://fulmo-img-server.com/sacoche-sacolla/0c61ab67-5867-4f4a-b993-e0ae10e72198.jpg,https://fulmo-img-server.com/sacoche-sacolla/f5ff0d97-1ffa-4df3-afa0-71af0385a71b.jpg,https://fulmo-img-server.com/sacoche-sacolla/6a16e6a2-863a-4492-b413-41aa70fe43aa.jpg,https://fulmo-img-server.com/sacoche-sacolla/aeeae8a7-d966-4cb8-a824-a9fe4280a082.jpg,https://fulmo-img-server.com/sacoche-sacolla/2d3e4f8e-4fb7-45ab-85a1-3e01ade2915e.jpg,https://fulmo-img-server.com/sacoche-sacolla/ed457641-3fa8-4a3c-9d6c-5dbd9b0c2f8f.jpg,https://fulmo-img-server.com/sacoche-sacolla/3c7cbf62-217b-4428-97a5-39df695ea2b0.jpg","","169"
"467","防水加工メンズサコッシュ 斜めがけショルダーバッグ","雨や汚れに強い防水加工を施したメンズ用サコッシュです。 斜めがけスタイルで両手が自由に使え、通勤や散歩に最適。 スマートフォンやカードもすっきり収納できる機能的なデザインで、 アクティブな男性の日常をサポートします。","in stock","new","4640 JPY","https://www.sacoche-sacolla.jp/item/467","https://fulmo-img-server.com/sacoche-sacolla/b7f23a3a-91d0-4c4b-af2c-036a75b292d6.jpg","sacoche sacolla","https://fulmo-img-server.com/sacoche-sacolla/e42c6d8b-9ea0-47cf-af6f-9f7298f56c7e.jpg,https://fulmo-img-server.com/sacoche-sacolla/750f4c07-890f-4db9-8cdd-4191a4f45ee4.jpg,https://fulmo-img-server.com/sacoche-sacolla/32249973-c285-4441-b811-1f5549e0867c.jpg,https://fulmo-img-server.com/sacoche-sacolla/ae8804f0-0dd7-4a79-8c79-bf2f08b2fb5e.jpg,https://fulmo-img-server.com/sacoche-sacolla/bb0acc45-5c21-4e09-8fb9-3932688b6ccb.jpg,https://fulmo-img-server.com/sacoche-sacolla/6306085b-52ea-4243-96df-74eaa14fd9c9.jpg,https://fulmo-img-server.com/sacoche-sacolla/83897959-b5fa-4cd7-a8c5-9c3da7dc1625.jpg,https://fulmo-img-server.com/sacoche-sacolla/7ee766e4-bd4a-4302-b93e-f2844e4c3480.jpg,https://fulmo-img-server.com/sacoche-sacolla/070f5589-974c-427d-b597-a32d758e7b19.jpg","","169"
"468","防水メンズサコッシュ 斜めがけショルダーバッグ","雨の日も安心の防水機能付きサコッシュです。 スマートフォンや財布などの必需品をしっかり守ります。 軽量で持ち運びやすく、通勤や外出時に最適な斜めがけタイプ。 シンプルなデザインでどんな服装にも合わせやすい人気商品です。","in stock","new","5200 JPY","https://www.sacoche-sacolla.jp/item/468","https://fulmo-img-server.com/sacoche-sacolla/6c164f9d-ad2d-4706-a852-0582ab37f00e.jpg","sacoche sacolla","https://fulmo-img-server.com/sacoche-sacolla/8765fa65-4f01-4b19-b01c-7693bdd4a6b9.jpg,https://fulmo-img-server.com/sacoche-sacolla/69c4b2a4-d731-4211-8b48-d7bd2ef62997.jpg,https://fulmo-img-server.com/sacoche-sacolla/6999d40c-d693-4968-9e8c-cb6c56e6b838.jpg,https://fulmo-img-server.com/sacoche-sacolla/e6540851-34eb-4811-ac8f-7f0956333221.jpg,https://fulmo-img-server.com/sacoche-sacolla/6b66252e-2ae0-4dfa-a77e-cd7ecd0afa0b.jpg,https://fulmo-img-server.com/sacoche-sacolla/cc0ef84a-e3d6-41fd-a729-50a217f6a5a3.jpg,https://fulmo-img-server.com/sacoche-sacolla/b67c188c-d5bd-4e38-825a-69a610f97a3a.jpg,https://fulmo-img-server.com/sacoche-sacolla/fddbeb61-6533-4e27-bec3-39707855c915.jpg,https://fulmo-img-server.com/sacoche-sacolla/392a9418-444f-4c6a-bcbe-fb55083c6c66.jpg","","169"
"469","防水メンズサコッシュ斜めがけショルダーバッグ","雨の日も安心の防水加工を施したメンズ用サコッシュです。 斜めがけスタイルで両手が自由に使え、アウトドアや通勤通学に最適。 タブレットやノートパソコンも収納可能な大容量設計で、 機能性とスタイリッシュなデザインを両立した便利なショルダーバッグです。","in stock","new","5440 JPY","https://www.sacoche-sacolla.jp/item/469","https://fulmo-img-server.com/sacoche-sacolla/912cf6ff-a658-4e8e-bb11-d055df0adcbd.jpg","sacoche sacolla","https://fulmo-img-server.com/sacoche-sacolla/f03a53e2-5e42-42ed-a2ba-2c6f8efd9c98.jpg,https://fulmo-img-server.com/sacoche-sacolla/3cb79c4d-abb1-4cb0-97cc-01abd01d6ea0.jpg,https://fulmo-img-server.com/sacoche-sacolla/e010f2f8-746b-4597-b170-1dfadc0d60fc.jpg,https://fulmo-img-server.com/sacoche-sacolla/c816883e-5994-4599-882d-316b4b8cd459.jpg,https://fulmo-img-server.com/sacoche-sacolla/e1a00e45-31cc-488e-b0be-4e4e90e994b7.jpg,https://fulmo-img-server.com/sacoche-sacolla/011f5887-7548-4d4e-a8f2-e5193ea44fa9.jpg,https://fulmo-img-server.com/sacoche-sacolla/81515b43-0822-4373-a32f-e99a7acd8727.jpg,https://fulmo-img-server.com/sacoche-sacolla/d0c3fae7-5d9f-4a2c-bc4b-87f096a3edd4.jpg,https://fulmo-img-server.com/sacoche-sacolla/5a104271-16b9-494f-a337-b21d1b3e4138.jpg","","169"
"470","ナイロン製メンズサコッシュ 斜めがけショルダーバッグ","軽量で丈夫なナイロン素材を使用したメンズ用サコッシュです。 斜めがけスタイルで両手が自由に使え、日常使いから旅行まで幅広く活躍します。 コンパクトながら収納力抜群で、スマートフォンや財布などの必需品をすっきり整理できます。","in stock","new","3840 JPY","https://www.sacoche-sacolla.jp/item/470","https://fulmo-img-server.com/sacoche-sacolla/2d4d2fd2-55da-4a13-9b9b-43138b876fa0.jpg","sacoche sacolla","https://fulmo-img-server.com/sacoche-sacolla/8610ba25-82ab-4f87-b236-3df31cd4918e.jpg,https://fulmo-img-server.com/sacoche-sacolla/c194fbf8-ae1b-4f4b-83da-1b8b42660a14.jpg,https://fulmo-img-server.com/sacoche-sacolla/66c72e26-5f8f-4b21-8e3e-2430ab32518f.jpg,https://fulmo-img-server.com/sacoche-sacolla/4e95a75a-c9bf-4d2c-91fa-4bb4a82d3abe.jpg,https://fulmo-img-server.com/sacoche-sacolla/e47908da-f0c3-45b5-8bfa-f456b8d7750f.jpg,https://fulmo-img-server.com/sacoche-sacolla/9546f891-176f-4392-8e40-6ed0afac96f7.jpg,https://fulmo-img-server.com/sacoche-sacolla/5cb44149-f801-4b48-ba57-ba535be3d58f.jpg,https://fulmo-img-server.com/sacoche-sacolla/16da48d6-86d8-4aa8-a7d6-b49f1167f8d2.jpg","","169"
"471","ナイロン斜めがけバケツ型サコッシュ鞄","軽量で丈夫なナイロン素材を使用したバケツ型のサコッシュです。 斜めがけスタイルで両手が自由に使え、普段使いから旅行まで幅広く活躍します。 コンパクトながら必要な荷物がしっかり入る機能性抜群のショルダーバッグです。","in stock","new","7400 JPY","https://www.sacoche-sacolla.jp/item/471","https://fulmo-img-server.com/sacoche-sacolla/051bf7bd-763c-454c-92f3-c7b4fcffc373.jpg","sacoche sacolla","https://fulmo-img-server.com/sacoche-sacolla/a63f3876-94ab-499e-9052-8190313b105b.jpg,https://fulmo-img-server.com/sacoche-sacolla/45a023e6-ceb5-4ca9-95b9-6871068ceb76.jpg,https://fulmo-img-server.com/sacoche-sacolla/3f9d087b-241d-40bb-b252-fc12bb74e6a4.jpg,https://fulmo-img-server.com/sacoche-sacolla/cd82a5dc-f618-4bb7-8aa8-7327054f78a6.jpg,https://fulmo-img-server.com/sacoche-sacolla/d8084e4a-acac-4270-a5a9-bd47dbcd6dc7.jpg,https://fulmo-img-server.com/sacoche-sacolla/2a4a3538-3f13-4430-a4b1-bdea92839bac.jpg,https://fulmo-img-server.com/sacoche-sacolla/75a96b56-cb91-495d-925d-70a17f7fc02b.jpg,https://fulmo-img-server.com/sacoche-sacolla/05903081-701e-4b45-92e8-5be5c67360c5.jpg,https://fulmo-img-server.com/sacoche-sacolla/eed5f8d6-b746-47cc-80f6-bea5c634a9f5.jpg","","169"
"472","ナイロン フリンジ サコッシュ 斜めがけ ショルダーバッグ","流行のフリンジデザインが魅力的なナイロン製サコッシュです。 軽量で丈夫なナイロン素材を使用し、斜めがけでも手提げでも使える2way仕様。 コンパクトなサイズ感で普段使いからお出かけまで幅広く活躍します。 上品なフリンジが揺れるたびにおしゃれ度をアップしてくれる人気アイテムです。","in stock","new","5240 JPY","https://www.sacoche-sacolla.jp/item/472","https://fulmo-img-server.com/sacoche-sacolla/0136b54b-ed12-41da-ab71-ea94836cfa15.jpg","sacoche sacolla","https://fulmo-img-server.com/sacoche-sacolla/72e5eab1-9dc6-4d2a-8da9-f5f43b319752.jpg,https://fulmo-img-server.com/sacoche-sacolla/a43d83e2-574c-4480-aead-b9babd4a2042.jpg,https://fulmo-img-server.com/sacoche-sacolla/605d520a-b8b5-4c4d-aa90-facf4f88ddef.jpg,https://fulmo-img-server.com/sacoche-sacolla/fb988fe2-e083-4682-bc68-4e935703af72.jpg,https://fulmo-img-server.com/sacoche-sacolla/8140b0b4-837c-474b-8105-8ca5864cd22e.jpg,https://fulmo-img-server.com/sacoche-sacolla/e0885ac2-a5e6-4b31-9d3d-1956cb9752ab.jpg,https://fulmo-img-server.com/sacoche-sacolla/262da017-ab59-455c-8eea-5217f1f34263.jpg,https://fulmo-img-server.com/sacoche-sacolla/412d9f62-deda-4831-9b64-742cce723a3a.jpg,https://fulmo-img-server.com/sacoche-sacolla/75fcfce4-d7ad-47d4-a0fb-86bc35c36fb6.jpg","","169"
"473","ナイロン ファー付きサコッシュ ヒョウ柄 斜めがけショルダーバッグ","高品質なナイロン素材を使用したおしゃれなサコッシュです。 温かみのあるファー付きハンドルと豹柄デザインが魅力的で、斜めがけや手提げの両方で使える2way仕様。 コンパクトなサイズながら実用性抜群で、日常使いからお出かけまで幅広いシーンで活躍します。","in stock","new","5840 JPY","https://www.sacoche-sacolla.jp/item/473","https://fulmo-img-server.com/sacoche-sacolla/2520451a-e660-4854-af44-911bf60f9721.jpg","sacoche sacolla","https://fulmo-img-server.com/sacoche-sacolla/0c5e5389-26c0-4c6a-a6a4-4fb7f6f2c9bf.jpg,https://fulmo-img-server.com/sacoche-sacolla/2537ee6c-52af-429e-bbf9-4e239a6f2d28.jpg,https://fulmo-img-server.com/sacoche-sacolla/e5822716-af4e-4e5b-a9f1-c73703522660.jpg,https://fulmo-img-server.com/sacoche-sacolla/d982d90d-81f5-4e70-bc08-08894d56cb1a.jpg,https://fulmo-img-server.com/sacoche-sacolla/b2b3d217-5bb3-48df-8a56-45026f6f95f2.jpg,https://fulmo-img-server.com/sacoche-sacolla/9bd098d8-838d-4daf-9e3a-b2373c0d09a0.jpg,https://fulmo-img-server.com/sacoche-sacolla/3aeb1464-87e3-4df2-9362-2c1676a7c7bf.jpg,https://fulmo-img-server.com/sacoche-sacolla/64fdc049-6369-4489-a41b-63f7fd6b2438.jpg,https://fulmo-img-server.com/sacoche-sacolla/7a27b43f-bc4f-4317-bc96-f59be83a36d8.jpg","","169"
"474","サコッシュ ナイロン製保冷温切替ショルダーバッグ","普段使いから保冷温バッグに切り替えられる二通り使いのナイロン製ショルダーバッグ。 マチが広く大容量で、パソコンや資料を入れて日常使いに最適。 ファスナーを開けば保冷温ポケットが出現し、サコッシュとしても活躍。 撥水性に優れた肌触りの良いナイロン生地で雨や汚れから中身を保護します。","in stock","new","3240 JPY","https://www.sacoche-sacolla.jp/item/474","https://fulmo-img-server.com/sacoche-sacolla/784a3464-40d7-42c6-a26a-ae2132fe3448.jpg","sacoche sacolla","https://fulmo-img-server.com/sacoche-sacolla/5bb34106-0d02-4580-b29b-331b6c2d4ff1.jpg,https://fulmo-img-server.com/sacoche-sacolla/41f80072-756e-4845-b44c-cf2fddb45ec6.jpg,https://fulmo-img-server.com/sacoche-sacolla/b414698b-2ff7-47f0-a813-c06e243b1b5d.jpg","","169"
"475","ナイロン製スマホポーチ 肩掛けサコッシュ 財布機能付き","このナイロン製サコッシュ一つで身軽にお出掛け、お財布レス時代に大活躍！ スナップボタンとラウンドファスナー付きで物の飛び出しを防ぐから安心！ 幅広ストラップで肩掛けも快適、スマホと財布を一緒に持ち運べる便利なポーチです。","in stock","new","5540 JPY","https://www.sacoche-sacolla.jp/item/475","https://fulmo-img-server.com/sacoche-sacolla/eca9af00-ac27-4b3e-a995-0d5bdb2e54e5.jpg","sacoche sacolla","https://fulmo-img-server.com/sacoche-sacolla/59be8cce-73d4-4c20-85eb-a208c55fdc8f.jpg,https://fulmo-img-server.com/sacoche-sacolla/a4d7f970-a28d-4d74-9f62-d5dd5c68027f.jpg,https://fulmo-img-server.com/sacoche-sacolla/367f4f84-1be6-4f09-bc93-9fd4f264377e.jpg,https://fulmo-img-server.com/sacoche-sacolla/81e4aacf-7ddb-4c02-b5fa-ad0b0a2780ed.jpg,https://fulmo-img-server.com/sacoche-sacolla/ba882343-49f6-4f14-9168-beec34052b30.jpg,https://fulmo-img-server.com/sacoche-sacolla/685b98fa-4b8b-4457-96b6-51d32c1f6fdf.jpg,https://fulmo-img-server.com/sacoche-sacolla/41e0447e-68e4-4e68-91c6-369404fb335a.jpg,https://fulmo-img-server.com/sacoche-sacolla/9a40fc36-df5e-4b09-899c-581b89ea90c7.jpg,https://fulmo-img-server.com/sacoche-sacolla/0de9c1c1-b08f-40ab-9628-4144b20f8fde.jpg","","169"
"476","レザー製ミニショルダーバッグ斜めがけサコッシュ","上質なレザー素材を使用したシンプルなサコッシュ型ミニバッグ。 軽量ながらスマホや小物をコンパクトに収納可能で、日常使いに最適。 5色展開でカジュアルからきれいめまで幅広いコーディネートに対応。 おしゃれで大人可愛い韓国風デザインが魅力の斜めがけショルダーバッグです。","in stock","new","4410 JPY","https://www.sacoche-sacolla.jp/item/476","https://fulmo-img-server.com/sacoche-sacolla/d0c52e62-d7bf-4622-8077-c55989ed3ea8.jpg","sacoche sacolla","https://fulmo-img-server.com/sacoche-sacolla/cf1fd78b-6949-4c02-923f-4a0227e47c09.jpg,https://fulmo-img-server.com/sacoche-sacolla/0b2694b0-06f1-4efd-a62d-952f9391d02e.jpg,https://fulmo-img-server.com/sacoche-sacolla/39621291-02d4-484f-afb2-44a65403e458.jpg,https://fulmo-img-server.com/sacoche-sacolla/1cf22461-8f55-4866-90b0-c9395fa18f49.jpg,https://fulmo-img-server.com/sacoche-sacolla/63b775e5-bcbb-49db-8be7-8f70afd0c8b6.jpg,https://fulmo-img-server.com/sacoche-sacolla/4736b031-47fc-40ad-a335-6d171ce4783c.jpg,https://fulmo-img-server.com/sacoche-sacolla/c8a220ef-4d5c-40ab-ac83-653a58189be8.jpg,https://fulmo-img-server.com/sacoche-sacolla/77203661-aab4-4ec1-a54f-294fa520a9e7.jpg,https://fulmo-img-server.com/sacoche-sacolla/bee5c9c7-4742-4eb1-a3fe-a4bfa61777cd.jpg","ブラック / モスグリーン / アイボリー / キャメル / ピンク","169"
"477","ナイロン軽量ミニショルダーサコッシュ","軽量で丈夫なナイロン素材を使用したミニサコッシュ。 シンプルなデザインでコンパクトながら可愛らしさも兼ね備えた小さめショルダーバッグです。 斜めがけバッグとして小物やカメラの収納にぴったりのサイズ感で、ちょっとしたお出かけや旅行散歩にも最適。 男女問わず使えるカジュアルなデザインで、多収納ポケット付きの便利なサコッシュです。","in stock","new","4220 JPY","https://www.sacoche-sacolla.jp/item/477","https://fulmo-img-server.com/sacoche-sacolla/c019222b-5c04-407c-a02b-abf5d5b12176.jpg","sacoche sacolla","https://fulmo-img-server.com/sacoche-sacolla/74c055fa-3aec-4cd8-8934-bf79432a9bb1.jpg,https://fulmo-img-server.com/sacoche-sacolla/c8fa9fbf-63c5-489f-870d-fd3f6bdfb51d.jpg,https://fulmo-img-server.com/sacoche-sacolla/2e05035c-b692-4020-9100-02920ff2d863.jpg,https://fulmo-img-server.com/sacoche-sacolla/c72ffd9e-096e-461b-bba8-f00b4a611e9f.jpg,https://fulmo-img-server.com/sacoche-sacolla/80c66a70-6af4-4039-bb96-8c00dc5479f4.jpg,https://fulmo-img-server.com/sacoche-sacolla/b53033bf-92e4-4ead-a275-c4481677ca01.jpg,https://fulmo-img-server.com/sacoche-sacolla/0386b5ff-600c-4b5f-b03b-25c65f965817.jpg,https://fulmo-img-server.com/sacoche-sacolla/7a839376-8396-4bfb-bd51-d06b2aa4a6af.jpg,https://fulmo-img-server.com/sacoche-sacolla/5b9b2881-1de2-4906-8d58-b15fc53bfa5a.jpg","イエロー","169"
"478","防水サコッシュバッグ 女性用 軽量ショルダーバッグ","日常使いにぴったりな防水サコッシュバッグ ちょっとしたお出かけに最適なコンパクトサイズ 小さなフォルムながら必要な小物は全て収納可能な優れもの 防水加工済みの丈夫な素材でお手入れも簡単 忙しい毎日を送る女性にお勧めのサコッシュです","in stock","new","5180 JPY","https://www.sacoche-sacolla.jp/item/478","https://fulmo-img-server.com/sacoche-sacolla/2f0feeb6-7fc7-4e39-9064-63424bd6c48b.jpg","sacoche sacolla","https://fulmo-img-server.com/sacoche-sacolla/9d88a9ca-8019-4c68-a5d7-b280c704de54.jpg,https://fulmo-img-server.com/sacoche-sacolla/8c42685d-fed5-4e47-9c96-d721108791bf.jpg,https://fulmo-img-server.com/sacoche-sacolla/018ddd05-4d61-4c1e-aa76-2f6c10596de0.jpg,https://fulmo-img-server.com/sacoche-sacolla/bda7f03e-b2d2-411f-90dd-c7dc97e3a998.jpg,https://fulmo-img-server.com/sacoche-sacolla/eabf9d31-3438-4fb5-b480-81ac8f3e224d.jpg,https://fulmo-img-server.com/sacoche-sacolla/f1de5f0e-4163-40b9-bba6-dd15e2f611aa.jpg,https://fulmo-img-server.com/sacoche-sacolla/8b693361-def2-4fbc-9e66-0fd17509d0fd.jpg,https://fulmo-img-server.com/sacoche-sacolla/acfe5e69-c015-4081-bf5b-d740d221ed7c.jpg,https://fulmo-img-server.com/sacoche-sacolla/5596a4d3-d58e-4edf-b336-df6ff9732c94.jpg","カーキ / ネイビー / パープル","169"
"479","サコッシュ ナイロン製ヒョウ柄ボアハンドルショルダーバッグ","軽量で丈夫なナイロン素材を使用したおしゃれなバケツ型ショルダーバッグです。 温かみのあるボア素材のハンドルと、人気のヒョウ柄デザインが特徴的。 サコッシュのように気軽に使える2wayタイプで、手提げとしても肩掛けとしても活躍します。 日常使いからお出かけまで幅広いシーンでご愛用いただけます。","in stock","new","6040 JPY","https://www.sacoche-sacolla.jp/item/479","https://fulmo-img-server.com/sacoche-sacolla/56cff70f-530e-43d8-bdc4-562b31752b6c.jpg","sacoche sacolla","https://fulmo-img-server.com/sacoche-sacolla/c3f38656-2c73-47f9-bc9b-47fa6877f516.jpg,https://fulmo-img-server.com/sacoche-sacolla/f421d016-fe86-403c-aebe-cad738f7880f.jpg,https://fulmo-img-server.com/sacoche-sacolla/a8faddd2-de99-49b6-9214-c04ff85b3aab.jpg,https://fulmo-img-server.com/sacoche-sacolla/b6ed4603-1029-4409-97cc-1ab61e66003a.jpg,https://fulmo-img-server.com/sacoche-sacolla/76e8ca16-141e-43dd-a9fa-2abd238832fb.jpg,https://fulmo-img-server.com/sacoche-sacolla/d60be3b8-3740-4c3a-9db1-066c16135c29.jpg,https://fulmo-img-server.com/sacoche-sacolla/a399941e-63df-45e4-88f2-87416635bfdd.jpg,https://fulmo-img-server.com/sacoche-sacolla/89829a45-c770-44bc-bc89-c479f721af85.jpg,https://fulmo-img-server.com/sacoche-sacolla/335cb577-c43a-4046-b0cb-4cf3e17d2ae0.jpg","","169"
"480","ナイロン製子豚ぬいぐるみサコッシュ斜めがけショルダーバッグ","愛らしい子豚の顔をしたナイロン製のサコッシュバッグです。 ふわふわのフェイクファー素材で作られた可愛いぬいぐるみデザインが特徴的。 斜めがけや手持ちの両方で使える2ウェイ仕様で、普段使いからお出かけまで幅広くお使いいただけます。 サコッシュとしてもショルダーバッグとしても活躍する機能的なアイテムです。","in stock","new","7040 JPY","https://www.sacoche-sacolla.jp/item/480","https://fulmo-img-server.com/sacoche-sacolla/91764550-43bb-4b50-86c5-2d1bc6c1eff2.jpg","sacoche sacolla","https://fulmo-img-server.com/sacoche-sacolla/ca81b6bd-9489-43bc-b832-d3c65d8287c7.jpg,https://fulmo-img-server.com/sacoche-sacolla/083a40ae-f88e-43c9-82ba-ac37ab1b847c.jpg,https://fulmo-img-server.com/sacoche-sacolla/dd762be5-8eec-4895-9d50-36de6ccbaf55.jpg,https://fulmo-img-server.com/sacoche-sacolla/17774a84-c73c-4379-8fa3-734b3a47fd9a.jpg,https://fulmo-img-server.com/sacoche-sacolla/82500a08-41fa-443d-98e3-bd16ed28708f.jpg,https://fulmo-img-server.com/sacoche-sacolla/dda63af5-73b2-451d-a75e-744d179152b3.jpg,https://fulmo-img-server.com/sacoche-sacolla/7ad937bd-9a75-4d09-b542-7613c2a34f9a.jpg,https://fulmo-img-server.com/sacoche-sacolla/6b4102b6-b5be-4b4c-98eb-f94d34070618.jpg,https://fulmo-img-server.com/sacoche-sacolla/04f0adff-b0f7-40ed-b93a-2a2e4f0ed9e2.jpg","","169"
"481","サコッシュ ナイロン キルティング リュック レディース 軽量 多機能 5色展開","軽量で丈夫なナイロン素材を使用したキルティングデザインのレディースリュックです。 サコッシュとしても使える2WAY仕様で、通学や通勤、お出かけに最適。 上品なキルティング加工が施され、カジュアルからきれいめまで幅広いコーディネートに合わせられます。 5色からお選びいただけます。","out of stock","new","4170 JPY","https://www.sacoche-sacolla.jp/item/481","https://fulmo-img-server.com/sacoche-sacolla/8ab489f9-9863-41ae-8758-d9e141b4e390.jpg","sacoche sacolla","https://fulmo-img-server.com/sacoche-sacolla/b1c4b1b9-4967-4fc1-8e60-9d5c9f48e5ed.jpg,https://fulmo-img-server.com/sacoche-sacolla/80d2af6b-22e7-4fef-9d87-dfb3f0e3bb88.jpg,https://fulmo-img-server.com/sacoche-sacolla/e9eab03e-7436-416f-9596-afb239734afd.jpg,https://fulmo-img-server.com/sacoche-sacolla/7e2a9821-69da-4a24-96f4-73bc86343bdc.jpg,https://fulmo-img-server.com/sacoche-sacolla/e442de42-ccc8-41fb-bfc1-b61a4274a311.jpg,https://fulmo-img-server.com/sacoche-sacolla/5e2a568b-1d0d-43ad-957f-4083641bcd9b.jpg,https://fulmo-img-server.com/sacoche-sacolla/668d6f19-f6e1-4642-b4df-cef7bd851f14.jpg,https://fulmo-img-server.com/sacoche-sacolla/97f0ce21-0f4c-4071-8f5a-ad8771758a48.jpg,https://fulmo-img-server.com/sacoche-sacolla/407af53f-827a-4f0c-82c3-f77e144645ad.jpg","","169"
"482","サコッシュ ナイロン スパンコール ショルダーバッグ 斜めがけ 鞄","華やかなスパンコールが輝くナイロン製のショルダーバッグです。 軽量で耐久性に優れ、普段使いからお出かけまで幅広く活躍します。 サコッシュタイプの斜めがけスタイルで、両手が自由に使えて便利。 上品な光沢感でコーディネートのアクセントにも最適な一品です。","in stock","new","7600 JPY","https://www.sacoche-sacolla.jp/item/482","https://fulmo-img-server.com/sacoche-sacolla/0dfebbe5-6422-44bb-8bfc-220efca69205.jpg","sacoche sacolla","https://fulmo-img-server.com/sacoche-sacolla/5c2b5261-de23-4249-98e1-6de694e55463.jpg,https://fulmo-img-server.com/sacoche-sacolla/6e8fe86a-56f2-44d4-a34d-50d67b1b559f.jpg,https://fulmo-img-server.com/sacoche-sacolla/547abe8f-8a99-476e-9bc5-e495ce458bd1.jpg,https://fulmo-img-server.com/sacoche-sacolla/f19bcd3a-9f9c-4684-9fff-e0d7ad85f65b.jpg,https://fulmo-img-server.com/sacoche-sacolla/906ee972-ed3f-4334-aac5-5714eb8656ad.jpg,https://fulmo-img-server.com/sacoche-sacolla/75a0dde4-0437-4550-8960-c6faa24dc74d.jpg,https://fulmo-img-server.com/sacoche-sacolla/6eb7c27e-2f0e-426b-8452-0b1b7044529d.jpg,https://fulmo-img-server.com/sacoche-sacolla/0d987878-bebc-4b17-a99c-25d20da164e9.jpg,https://fulmo-img-server.com/sacoche-sacolla/b77cff8f-5a91-4a48-b1c6-8efb2c9dbfca.jpg","","169"
"483","ナイロン製エビ型サコッシュ斜めがけショルダーバッグ","個性的なエビデザインが目を引くナイロン製サコッシュです。 斜めがけスタイルで両手が自由に使え、普段使いからお出かけまで幅広く活躍します。 軽量で丈夫なナイロン素材を使用し、コンパクトながら必要な荷物をしっかり収納できる機能性抜群のショルダーバッグです。","in stock","new","7400 JPY","https://www.sacoche-sacolla.jp/item/483","https://fulmo-img-server.com/sacoche-sacolla/ccf3f829-13c4-4b9c-ac37-034ac7a9079c.jpg","sacoche sacolla","https://fulmo-img-server.com/sacoche-sacolla/6d914c92-d504-4d0e-904a-3f54f9cdbca5.jpg,https://fulmo-img-server.com/sacoche-sacolla/f967071f-2e1d-4d67-863b-d9c20943d801.jpg,https://fulmo-img-server.com/sacoche-sacolla/5bce2efc-c2ad-48c9-aadf-965bc7f3ef62.jpg,https://fulmo-img-server.com/sacoche-sacolla/b02fe988-5d8f-4850-a6f0-3ed164c7af3c.jpg,https://fulmo-img-server.com/sacoche-sacolla/fa6ee434-cebd-4054-9c7d-096a037f4353.jpg,https://fulmo-img-server.com/sacoche-sacolla/b3e7ee28-33b5-4e00-adf0-983ea148d660.jpg,https://fulmo-img-server.com/sacoche-sacolla/2a717b24-5cd9-4472-b681-167d47551528.jpg,https://fulmo-img-server.com/sacoche-sacolla/7a27ed8e-6a35-4755-bc13-57847778c2d2.jpg,https://fulmo-img-server.com/sacoche-sacolla/20fdcfa9-a68e-484c-ab58-a555cdbf7e9a.jpg","","169"
"484","ナイロン素材フェイクファーサコッシュショルダーバッグ","ふわふわのフェイクファーが可愛いナイロン製サコッシュバッグです。 軽量で丈夫なナイロン素材を使用し、普段使いからお出かけまで幅広く活躍します。 コンパクトなサイズ感で肩掛けや手提げの２通りの持ち方が可能。 トレンドのもこもこ素材で秋冬コーディネートのアクセントにぴったりです。","in stock","new","6000 JPY","https://www.sacoche-sacolla.jp/item/484","https://fulmo-img-server.com/sacoche-sacolla/0de70103-7476-4608-a8bc-e4e1601b1f3a.jpg","sacoche sacolla","https://fulmo-img-server.com/sacoche-sacolla/535e3324-c16e-4587-a332-31b6b75fc62e.jpg,https://fulmo-img-server.com/sacoche-sacolla/cd3214c6-2a32-4c8c-bf14-a54d5f77b174.jpg,https://fulmo-img-server.com/sacoche-sacolla/96231cf1-78ea-4c1a-867c-ebcc27e9fa4b.jpg,https://fulmo-img-server.com/sacoche-sacolla/c8a21610-f310-4896-890d-8e2cf6516f31.jpg,https://fulmo-img-server.com/sacoche-sacolla/77200e30-e055-47a9-b2d6-f74983e6b3e3.jpg,https://fulmo-img-server.com/sacoche-sacolla/627fc96e-8b07-45e5-967a-2bc38d6af113.jpg,https://fulmo-img-server.com/sacoche-sacolla/a8971e95-2c8c-444f-9564-8db56a00b55a.jpg,https://fulmo-img-server.com/sacoche-sacolla/f1c84af1-9906-4ddd-94eb-41781569b343.jpg,https://fulmo-img-server.com/sacoche-sacolla/dfb186be-0865-4d9f-8d28-1dc45734de88.jpg","","169"
"485","サコッシュ ナイロン フェイクファー がま口 斜めがけ 鞄 パール チェーン付き","高級感あふれるフェイクファー素材とナイロン裏地を使用したがま口タイプの鞄です。 上品なパールチェーンとゴールドチェーンの2way仕様で、斜めがけや手提げとして使用可能。 サコッシュとしても活躍する万能アイテムで、フォーマルからカジュアルまで幅広いシーンに対応します。","in stock","new","9600 JPY","https://www.sacoche-sacolla.jp/item/485","https://fulmo-img-server.com/sacoche-sacolla/4e5ba952-4ce4-468d-b759-3a8a57b6df8a.jpg","sacoche sacolla","https://fulmo-img-server.com/sacoche-sacolla/86c56a2d-aa2e-40f5-8fae-39e62012ac15.jpg,https://fulmo-img-server.com/sacoche-sacolla/16003833-07af-42ee-8dbc-1181b7c1be11.jpg,https://fulmo-img-server.com/sacoche-sacolla/e1d2158b-f109-41a8-9f56-bee16b024455.jpg,https://fulmo-img-server.com/sacoche-sacolla/e34ce199-4bdd-4a42-ae1d-3d488570f8f7.jpg,https://fulmo-img-server.com/sacoche-sacolla/9c61cf1e-1a17-4055-b6c5-3738056061b6.jpg,https://fulmo-img-server.com/sacoche-sacolla/059f9360-c776-451e-9153-b646a31d8407.jpg,https://fulmo-img-server.com/sacoche-sacolla/07cc68f0-6cd0-4b3d-b2a4-5a3a75908d56.jpg,https://fulmo-img-server.com/sacoche-sacolla/bcdf4662-ed52-4409-b6b6-571febb73062.jpg,https://fulmo-img-server.com/sacoche-sacolla/be41fbc7-6f6f-454f-9e0c-0772a9b998a4.jpg","","169"
"486","帆布バケツ型サコッシュ 斜めがけショルダーバッグ ハート柄","可愛いハート柄が印象的なキャンバス帆布のバケツ型サコッシュです。 斜めがけスタイルでカジュアルなお出かけにぴったり。 巾着タイプの開閉で使いやすく、軽量で持ち運びも楽々。 ピンクとブルーの2色展開で、コーディネートのアクセントにも最適です。","in stock","new","5440 JPY","https://www.sacoche-sacolla.jp/item/486","https://fulmo-img-server.com/sacoche-sacolla/8ba67aa2-34e0-4454-b64f-fe37801d2586.jpg","sacoche sacolla","https://fulmo-img-server.com/sacoche-sacolla/9f3682dc-a4d9-4079-a3af-b300fb617afb.jpg,https://fulmo-img-server.com/sacoche-sacolla/14002477-d06b-4fef-a369-2db36930b254.jpg,https://fulmo-img-server.com/sacoche-sacolla/a7aa3369-5cfd-49fe-a3d5-0a1a6063677e.jpg,https://fulmo-img-server.com/sacoche-sacolla/991715b6-30f3-4bc2-ab80-bf252bdbffe1.jpg,https://fulmo-img-server.com/sacoche-sacolla/1855cdd3-8b10-472a-8085-988a135fbd71.jpg,https://fulmo-img-server.com/sacoche-sacolla/b4253302-a6d5-4856-a89f-eb1adf7fa292.jpg,https://fulmo-img-server.com/sacoche-sacolla/3e9074d2-c2d1-4fed-8a81-c0238c079a24.jpg","","169"
"487","星型ボアナイロンサコッシュ斜めがけショルダーバッグ","可愛い星型デザインのボアナイロンサコッシュです。 ふわふわのボア素材と軽量ナイロン生地で仕上げた斜めがけバッグ。 通勤やお出かけにぴったりのショルダータイプで、 小さなクマのチャーム付きがポイント。 毎日使いたくなる優しい質感のサコッシュです。","in stock","new","5440 JPY","https://www.sacoche-sacolla.jp/item/487","https://fulmo-img-server.com/sacoche-sacolla/67523fa2-d971-48a9-99c9-57f49cb6b332.jpg","sacoche sacolla","https://fulmo-img-server.com/sacoche-sacolla/31d191d9-57e0-47bb-ad00-9b0c7faa7380.jpg,https://fulmo-img-server.com/sacoche-sacolla/ee2616ae-7b34-47b5-8a32-20ed036dd22c.jpg,https://fulmo-img-server.com/sacoche-sacolla/2ed3d34b-38bb-4a90-b89f-f625c09b2bdc.jpg,https://fulmo-img-server.com/sacoche-sacolla/37be6156-ab5d-43a3-83b3-cfb8a494d60e.jpg,https://fulmo-img-server.com/sacoche-sacolla/9a9fb5e9-897f-4b7f-8619-ae9e24d52005.jpg,https://fulmo-img-server.com/sacoche-sacolla/78cdf098-726d-4391-8bcf-9efc7c6c588e.jpg,https://fulmo-img-server.com/sacoche-sacolla/035a2155-fa10-4404-b198-cf20dc077103.jpg,https://fulmo-img-server.com/sacoche-sacolla/d0901cc1-143e-471e-9b34-7ca47578a9c4.jpg,https://fulmo-img-server.com/sacoche-sacolla/bc104144-a31f-48c9-bb5c-544dff261e79.jpg","","169"
"488","ナイロン素材フェイクファーサコッシュ斜めがけバケツバッグ","ふわふわのフェイクファーが可愛らしいナイロン製サコッシュ。 斜めがけスタイルで両手が自由に使えて便利です。 バケツ型のデザインでコンパクトながらも必需品をしっかり収納。 カラフルな色合いがコーディネートのアクセントになります。","in stock","new","5000 JPY","https://www.sacoche-sacolla.jp/item/488","https://fulmo-img-server.com/sacoche-sacolla/5b7c0db1-7cb0-4005-a10d-3accae1e2987.jpg","sacoche sacolla","https://fulmo-img-server.com/sacoche-sacolla/d7bc15e9-4fb1-46f6-aa9b-c5241cd411ae.jpg,https://fulmo-img-server.com/sacoche-sacolla/286b2b4a-468f-4309-8381-fdbbae40c5b6.jpg,https://fulmo-img-server.com/sacoche-sacolla/31d8d541-e2eb-4b03-82bc-c5a3d45e4d0c.jpg,https://fulmo-img-server.com/sacoche-sacolla/898deef7-3906-4658-a35c-4e72ce017370.jpg,https://fulmo-img-server.com/sacoche-sacolla/cdfc02a3-82b3-4266-b570-6e258ddfaa25.jpg,https://fulmo-img-server.com/sacoche-sacolla/83cf2bb6-726c-4525-a1e2-5c986e84d901.jpg,https://fulmo-img-server.com/sacoche-sacolla/469cc3f0-fff9-4e7f-938f-57cccb9c74db.jpg,https://fulmo-img-server.com/sacoche-sacolla/7d378142-f56a-4f66-948c-7ffcb806def8.jpg,https://fulmo-img-server.com/sacoche-sacolla/f1914cae-cd95-45e9-888b-171cd7b9ad6b.jpg","","169"
"489","ナイロン素材 斜めがけサコッシュ ショルダーバッグ","軽量で丈夫なナイロン素材を使用したサコッシュタイプのショルダーバッグです。 斜めがけや手提げの両方で使える便利なデザインで、日常のお出かけにぴったり。 コンパクトながらも必要な物がしっかり収納でき、カジュアルスタイルを演出します。","in stock","new","6640 JPY","https://www.sacoche-sacolla.jp/item/489","https://fulmo-img-server.com/sacoche-sacolla/28b36c01-053f-426e-9dee-d9904a936364.jpg","sacoche sacolla","https://fulmo-img-server.com/sacoche-sacolla/c194f214-f007-4493-9e24-0b59a6c7c4c5.jpg,https://fulmo-img-server.com/sacoche-sacolla/0a91adee-e11a-4d02-bde3-be90305e6b87.jpg,https://fulmo-img-server.com/sacoche-sacolla/7111bda1-84c1-4772-aa9f-b0ddae09906d.jpg,https://fulmo-img-server.com/sacoche-sacolla/26fa8d6e-27b0-4ab1-936e-8e7688be6bc6.jpg,https://fulmo-img-server.com/sacoche-sacolla/86f09508-e7ae-41c6-8837-bde765c24925.jpg,https://fulmo-img-server.com/sacoche-sacolla/6ab4d236-fbee-41da-843e-e705ce1fa2bf.jpg,https://fulmo-img-server.com/sacoche-sacolla/66bbc93f-d08c-4842-8428-bcae0a1cdd89.jpg,https://fulmo-img-server.com/sacoche-sacolla/4f072ce5-db8d-4c96-9e1b-6f33586bd75c.jpg,https://fulmo-img-server.com/sacoche-sacolla/519fcb66-b72f-499a-8cc3-10dda2d3c1a5.jpg","","169"
"490","ナイロン製巾着型ショルダーバッグ 斜めがけ サコッシュ","軽量で丈夫なナイロン素材を使用した巾着型のサコッシュです。 斜めがけや手提げの２通りで使える便利なショルダーバッグ。 ドット柄がおしゃれで、お出かけやカジュアルスタイルにぴったり。 コンパクトながら必要な物がしっかり入る実用性も魅力です。","in stock","new","6640 JPY","https://www.sacoche-sacolla.jp/item/490","https://fulmo-img-server.com/sacoche-sacolla/a5be95dc-84d2-4ef2-8215-13e513c530c6.jpg","sacoche sacolla","https://fulmo-img-server.com/sacoche-sacolla/36f1b45d-56f7-49a8-8dc1-88afe5e375ce.jpg,https://fulmo-img-server.com/sacoche-sacolla/1c543980-fa89-47d6-a9c5-4db3f7241e64.jpg,https://fulmo-img-server.com/sacoche-sacolla/16568a8e-45c4-4d94-97bf-34239beedf8b.jpg,https://fulmo-img-server.com/sacoche-sacolla/036654b1-5993-4363-9678-c41a19ad5313.jpg,https://fulmo-img-server.com/sacoche-sacolla/be231e03-578d-4a88-9409-79bcb5afa417.jpg,https://fulmo-img-server.com/sacoche-sacolla/67920f4a-e65f-467a-a0b3-74919c5d39c6.jpg,https://fulmo-img-server.com/sacoche-sacolla/e8c6dce8-5793-4ec8-8993-c68cb3ce0b20.jpg,https://fulmo-img-server.com/sacoche-sacolla/28ed9407-6901-4fb3-bed4-3b3188b54b41.jpg,https://fulmo-img-server.com/sacoche-sacolla/7794c7b4-5582-4ad8-9294-94e2dcdf2e0e.jpg","","169"
"491","神秘的デザイン レザーサコッシュ 斜めがけ 手提げ鞄","魔法陣や星座モチーフが印象的なレザーサコッシュです。 斜めがけでも手提げでも使える2way仕様で、お出かけやお散歩に最適。 サコッシュならではのコンパクトさと機能性を兼ね備え、 個性的なデザインでコーディネートのアクセントにもなります。","in stock","new","6640 JPY","https://www.sacoche-sacolla.jp/item/491","https://fulmo-img-server.com/sacoche-sacolla/7e476f42-9769-4932-a9a4-114d35ebffff.jpg","sacoche sacolla","https://fulmo-img-server.com/sacoche-sacolla/7e714c41-ca4a-4571-b188-fe83c6c2e054.jpg,https://fulmo-img-server.com/sacoche-sacolla/5ccaefe2-2402-4aa0-a761-2046e382b72c.jpg,https://fulmo-img-server.com/sacoche-sacolla/b74ed551-f888-4e27-af0e-0b28e9601ca5.jpg,https://fulmo-img-server.com/sacoche-sacolla/60b63e91-98f3-4b1d-8561-d38e20104a50.jpg,https://fulmo-img-server.com/sacoche-sacolla/9ba2ad99-4d6b-4af3-ba46-9b69ad832be4.jpg,https://fulmo-img-server.com/sacoche-sacolla/c35a1985-c581-4c08-a30b-1af1c7f5a32e.jpg,https://fulmo-img-server.com/sacoche-sacolla/37551d7b-d669-4827-a0d0-913f9b1ebdb2.jpg,https://fulmo-img-server.com/sacoche-sacolla/3b24f7e9-fc50-4e79-bc13-6d7775ba43ae.jpg,https://fulmo-img-server.com/sacoche-sacolla/81040bbd-1a0c-4391-8ff1-9060ca33ad1c.jpg","","169"
"492","ナイロン ショルダーバッグ 斜めがけ 手提げ サコッシュ","軽量で丈夫なナイロン素材を使用したショルダーバッグです。 斜めがけと手提げの二通りの使い方ができ、日常のお出かけに最適。 コンパクトなサイズ感でサコッシュとしても活躍します。 シンプルなデザインでどんなスタイルにも合わせやすく、普段使いから旅行まで幅広くお使いいただけます。","in stock","new","8240 JPY","https://www.sacoche-sacolla.jp/item/492","https://fulmo-img-server.com/sacoche-sacolla/a468b986-f4bd-4dea-948d-7980877f6d14.jpg","sacoche sacolla","https://fulmo-img-server.com/sacoche-sacolla/c8d0e7f0-057e-4265-9915-66e34f0f5c99.jpg,https://fulmo-img-server.com/sacoche-sacolla/c8cf6a5f-8296-4ea8-9ae0-3b4f1ce5139b.jpg,https://fulmo-img-server.com/sacoche-sacolla/dd69ee59-48e3-4a59-822c-0555774f68f3.jpg,https://fulmo-img-server.com/sacoche-sacolla/4eb27e3e-4ec9-4a77-afb4-428f1b6c8163.jpg,https://fulmo-img-server.com/sacoche-sacolla/97927100-fed9-408b-8921-f8bc8a1605bd.jpg,https://fulmo-img-server.com/sacoche-sacolla/a5f6b872-d26b-40f5-8136-fef980710f74.jpg,https://fulmo-img-server.com/sacoche-sacolla/4e7da64d-2ae3-4393-88c2-ee8e169b1bce.jpg,https://fulmo-img-server.com/sacoche-sacolla/0cf7cd56-81db-4a75-be87-fa01d492e9b9.jpg,https://fulmo-img-server.com/sacoche-sacolla/f44402a2-1411-4ef1-baac-9094dd3e9e73.jpg","","169"
"493","ナイロン製ヒョウ柄サコッシュ斜めがけショルダーバッグ","軽量で丈夫なナイロン素材を使用したヒョウ柄のサコッシュです。 コンパクトなサイズながら必需品をしっかり収納でき、斜めがけスタイルでお出かけに最適。 上質な合成皮革の縁取りがアクセントになった、おしゃれで実用的なショルダーバッグです。","in stock","new","5400 JPY","https://www.sacoche-sacolla.jp/item/493","https://fulmo-img-server.com/sacoche-sacolla/c5474696-f524-4636-8eed-39a66a5a9cf6.jpg","sacoche sacolla","https://fulmo-img-server.com/sacoche-sacolla/5bc2d48f-0873-42df-b02a-44ab2ad99e37.jpg,https://fulmo-img-server.com/sacoche-sacolla/fffb38f6-e30e-4f06-bfa2-7bc9b72f6141.jpg,https://fulmo-img-server.com/sacoche-sacolla/0da51f48-b023-4e1f-b5af-c725235304c9.jpg,https://fulmo-img-server.com/sacoche-sacolla/233a4772-5e9b-461e-83df-c32587408d91.jpg,https://fulmo-img-server.com/sacoche-sacolla/1c88c09d-3f89-45fa-9f54-78ece80de7a3.jpg,https://fulmo-img-server.com/sacoche-sacolla/4cf5c18b-2def-44e9-98a7-5fe7f6b15a44.jpg,https://fulmo-img-server.com/sacoche-sacolla/088590f4-b9f7-49e6-80be-1a59e4d301c2.jpg","","169"
"494","サコッシュ ナイロン製編み込みハンドル バケツ型ショルダーバッグ","上質なナイロン素材を使用したバケツ型のショルダーバッグです。 編み込みデザインのハンドルがおしゃれなアクセントになっています。 サコッシュのように軽量で持ち運びしやすく、普段のお出かけから ちょっとしたお買い物まで幅広くご利用いただけます。","in stock","new","7640 JPY","https://www.sacoche-sacolla.jp/item/494","https://fulmo-img-server.com/sacoche-sacolla/71d55751-5cfc-4b86-a89e-233415b25c07.jpg","sacoche sacolla","https://fulmo-img-server.com/sacoche-sacolla/4fbc3385-5213-4555-b13f-bd40158852c3.jpg,https://fulmo-img-server.com/sacoche-sacolla/5605ce26-edaa-4b2c-8023-1a659ece1dfb.jpg,https://fulmo-img-server.com/sacoche-sacolla/937e86f5-b9fe-4b4b-879e-3e426f36f1d0.jpg,https://fulmo-img-server.com/sacoche-sacolla/b5e0c686-63fd-4eb5-bb54-bf4fb3d46d71.jpg,https://fulmo-img-server.com/sacoche-sacolla/1e29b9ca-affe-4981-b94c-d313cc317fa2.jpg,https://fulmo-img-server.com/sacoche-sacolla/36a7836a-1b84-4f53-8f04-0a6b82af85af.jpg,https://fulmo-img-server.com/sacoche-sacolla/dd31fde1-cabd-41f6-b2ed-bd45db395775.jpg,https://fulmo-img-server.com/sacoche-sacolla/3a41a04d-1c01-4332-8399-837135e51457.jpg,https://fulmo-img-server.com/sacoche-sacolla/9f43e13d-f66e-4e39-996a-0947c8c6da3a.jpg","","169"
"495","ナイロン素材ショルダーバッグ多機能手提げサコッシュ","軽量で丈夫なナイロン素材を使用したおしゃれなショルダーバッグです。 サコッシュとしても手提げバッグとしても使える2way仕様で、お出かけや通勤通学に最適。 収納力抜群で日常使いからアウトドアまで幅広いシーンで活躍します。","in stock","new","5600 JPY","https://www.sacoche-sacolla.jp/item/495","https://fulmo-img-server.com/sacoche-sacolla/2e056e4d-426a-4376-a771-11e4cb2dfe13.jpg","sacoche sacolla","https://fulmo-img-server.com/sacoche-sacolla/da754837-c3cf-4c12-be3a-fc175ea6cd7c.jpg,https://fulmo-img-server.com/sacoche-sacolla/f92c38cb-25ba-4469-b43b-0f105cfde528.jpg,https://fulmo-img-server.com/sacoche-sacolla/bc4175b6-0980-44e3-96df-f767247cfe9f.jpg,https://fulmo-img-server.com/sacoche-sacolla/44082e45-9a32-47e1-95d9-a8c13b533336.jpg,https://fulmo-img-server.com/sacoche-sacolla/e8991e17-63dc-4a5d-8242-5cdd4bcc1b8e.jpg,https://fulmo-img-server.com/sacoche-sacolla/d3a53885-fe83-460b-b180-51c01724b7db.jpg,https://fulmo-img-server.com/sacoche-sacolla/3d8f8523-cf06-4d21-b93c-18b61cedaf8e.jpg,https://fulmo-img-server.com/sacoche-sacolla/839ac0f9-df36-4fcc-b398-5309982a6fda.jpg,https://fulmo-img-server.com/sacoche-sacolla/1bf12121-d27f-488b-b027-9548deda5689.jpg","","169"
"496","サコッシュ ナイロン切り替えミニショルダーバッグ手提げ鞄","上品なナイロン切り替えデザインが魅力的なミニサイズのショルダーバッグです。 サコッシュとしても手提げ鞄としても使える2way仕様で、お出かけに最適なコンパクトサイズ。 丸いハンドルがアクセントになった、大人可愛いデザインが人気です。","in stock","new","5200 JPY","https://www.sacoche-sacolla.jp/item/496","https://fulmo-img-server.com/sacoche-sacolla/2f4e3123-1270-455e-946f-1ba4845fe249.jpg","sacoche sacolla","https://fulmo-img-server.com/sacoche-sacolla/3f7c0b61-b833-40f6-abc2-8f2bc94efb07.jpg,https://fulmo-img-server.com/sacoche-sacolla/d794a440-6657-4744-a0b8-6108d05ea45d.jpg,https://fulmo-img-server.com/sacoche-sacolla/8f7e9e6c-3ad9-447f-b206-284987e0a0cb.jpg,https://fulmo-img-server.com/sacoche-sacolla/b32eb01e-47f2-4b1f-a3c8-52c008818ea4.jpg,https://fulmo-img-server.com/sacoche-sacolla/70a0833c-2169-4fff-b2e1-cb014a260da5.jpg,https://fulmo-img-server.com/sacoche-sacolla/3f23689e-0ee4-4fb3-b9d6-5907e746552f.jpg,https://fulmo-img-server.com/sacoche-sacolla/5a5b531a-52b3-4a14-aee8-b69fa35e3614.jpg,https://fulmo-img-server.com/sacoche-sacolla/d528c5bd-b780-430a-a3dc-1f6811078c87.jpg,https://fulmo-img-server.com/sacoche-sacolla/36a1e70c-5069-4bd9-91ed-d4b6e87178ce.jpg","","169"
"497","ナイロン チェック柄 サコッシュ 斜めがけ ショルダーバッグ","可愛いチェック柄が特徴的なナイロン製サコッシュです。 軽量で丈夫な素材を使用し、普段使いからお出かけまで幅広く活躍します。 斜めがけや手提げの２通りで使える便利なショルダーバッグ。 コンパクトなサイズ感で必要最低限の荷物をスマートに持ち運べます。","in stock","new","6600 JPY","https://www.sacoche-sacolla.jp/item/497","https://fulmo-img-server.com/sacoche-sacolla/d324671b-8f59-4538-ab8d-b7aea59c0fc0.jpg","sacoche sacolla","https://fulmo-img-server.com/sacoche-sacolla/96f1d6c7-4973-4793-b6c1-a54800801c0f.jpg,https://fulmo-img-server.com/sacoche-sacolla/1b467710-5c3f-4b95-9b3f-f469d181e9a1.jpg,https://fulmo-img-server.com/sacoche-sacolla/410ff7c9-a56c-4607-8c68-723037062789.jpg,https://fulmo-img-server.com/sacoche-sacolla/651ae69a-d9a8-4bf5-b447-99fff9b428e7.jpg,https://fulmo-img-server.com/sacoche-sacolla/50ecd766-023f-45fe-8e2d-71ea9f01e8b6.jpg,https://fulmo-img-server.com/sacoche-sacolla/545ae6f4-0237-42c7-b047-c3ffc41f6ff9.jpg,https://fulmo-img-server.com/sacoche-sacolla/cefbb4b2-c382-432d-a55c-d3cdded191af.jpg,https://fulmo-img-server.com/sacoche-sacolla/586f36c2-f88e-4b49-8320-545cb8c9c5bb.jpg","","169"
"498","ナイロン製ぬいぐるみ付きサコッシュ斜めがけショルダーバッグ","可愛い動物顔のナイロン製サコッシュです。 ふわふわのぬいぐるみチャーム付きで、お出かけが楽しくなります。 軽量で丈夫なナイロン素材を使用し、斜めがけスタイルで両手が自由に使えて便利です。 カジュアルコーデにぴったりな機能性とデザイン性を兼ね備えたショルダーバッグです。","in stock","new","4800 JPY","https://www.sacoche-sacolla.jp/item/498","https://fulmo-img-server.com/sacoche-sacolla/e9cc4042-55dc-431c-8314-5bd536dc9114.jpg","sacoche sacolla","https://fulmo-img-server.com/sacoche-sacolla/f0761d2b-7910-4c45-8f1c-4864b0a08ae7.jpg,https://fulmo-img-server.com/sacoche-sacolla/d5d5e2cd-5336-4b71-bc2a-b23e6715e359.jpg,https://fulmo-img-server.com/sacoche-sacolla/f282713f-6e2f-4384-ac7f-1b1cced28455.jpg,https://fulmo-img-server.com/sacoche-sacolla/21965dac-5cd3-43cf-b63d-b9c5b9a5c411.jpg,https://fulmo-img-server.com/sacoche-sacolla/a75a091c-71c4-4b7b-954a-3ef96cc3bdaa.jpg,https://fulmo-img-server.com/sacoche-sacolla/4f44f7b0-bf46-4aa5-a58d-6eba872c463b.jpg,https://fulmo-img-server.com/sacoche-sacolla/a0e74467-85d6-4db9-b3a3-c6eef4656670.jpg,https://fulmo-img-server.com/sacoche-sacolla/3642677e-065f-4bb9-b235-fe76d10c65b3.jpg,https://fulmo-img-server.com/sacoche-sacolla/6b4231c9-2bfd-461c-b2b1-a714223b22a4.jpg","","169"
"499","帆布ショルダーバッグ 月星柄 斜めがけサコッシュ","可愛い月と星の柄が印象的な帆布素材のショルダーバッグです。 軽量で丈夫なキャンバス生地を使用したサコッシュタイプで、 斜めがけスタイルでカジュアルなお出かけにぴったり。 リボンのアクセントが上品さをプラスし、普段使いから休日のお出かけまで活躍します。","in stock","new","5600 JPY","https://www.sacoche-sacolla.jp/item/499","https://fulmo-img-server.com/sacoche-sacolla/e99089ec-561e-4f9c-96db-e8d3b485a105.jpg","sacoche sacolla","https://fulmo-img-server.com/sacoche-sacolla/6488a670-5bab-4ec6-8de9-922be742b8a1.jpg,https://fulmo-img-server.com/sacoche-sacolla/725a85cc-6472-4da0-9c00-92186b22b40f.jpg,https://fulmo-img-server.com/sacoche-sacolla/ec62feee-11ef-4003-9b3b-1b93360d578c.jpg,https://fulmo-img-server.com/sacoche-sacolla/de621c1f-3ad5-47b5-a155-e03c09af65af.jpg,https://fulmo-img-server.com/sacoche-sacolla/a118abc5-a4a1-4c2a-89b4-6ab492102f80.jpg,https://fulmo-img-server.com/sacoche-sacolla/e7ace8a0-0b94-42f9-b2db-49421c3bf0b6.jpg,https://fulmo-img-server.com/sacoche-sacolla/85aa661c-9243-4fe5-b71e-69b80bf77777.jpg","","169"
"500","ナイロン素材可愛い動物柄サコッシュ斜めがけショルダーバッグ","軽量で丈夫なナイロン素材を使用した可愛らしい動物デザインのサコッシュです。 巾着タイプで荷物の出し入れも簡単、斜めがけスタイルでお出かけにぴったり。 コンパクトながら必需品をしっかり収納でき、カジュアルコーデのアクセントにも最適な鞄です。","in stock","new","4400 JPY","https://www.sacoche-sacolla.jp/item/500","https://fulmo-img-server.com/sacoche-sacolla/88f8de9b-e7cc-4c82-8306-ef83a7f25ce3.jpg","sacoche sacolla","https://fulmo-img-server.com/sacoche-sacolla/22de5257-5f36-40df-adb8-961f6df061ff.jpg,https://fulmo-img-server.com/sacoche-sacolla/f30e02b8-6fd4-42b6-8ce4-8b87dac02ccd.jpg,https://fulmo-img-server.com/sacoche-sacolla/a0488b11-2380-4f39-b583-582d33bc5c59.jpg,https://fulmo-img-server.com/sacoche-sacolla/2376949c-374b-41d4-b188-a1e48259e218.jpg,https://fulmo-img-server.com/sacoche-sacolla/999a1c6c-6b1d-4778-9425-bd023dddee39.jpg,https://fulmo-img-server.com/sacoche-sacolla/d083556a-4580-4a1e-8331-95ef155b8996.jpg","","169"
"501","透明窓付きナイロンサコッシュ斜めがけショルダーバッグ","お出かけに最適な透明窓付きナイロン製サコッシュです。 可愛いキャラクターが見える透明ポケット付きで、お気に入りのぬいぐるみやアクセサリーを飾りながら持ち歩けます。 軽量で丈夫なナイロン素材を使用し、斜めがけスタイルで両手が自由に使える便利なショルダーバッグです。","in stock","new","4800 JPY","https://www.sacoche-sacolla.jp/item/501","https://fulmo-img-server.com/sacoche-sacolla/3030d6d0-25f3-4ed4-b757-7fc6d27e193a.jpg","sacoche sacolla","https://fulmo-img-server.com/sacoche-sacolla/56091f53-851f-4e88-a204-dcee71867e8e.jpg,https://fulmo-img-server.com/sacoche-sacolla/75a89dcc-0b57-4a5e-8438-e42d931b44aa.jpg,https://fulmo-img-server.com/sacoche-sacolla/5520b1cf-8522-49d7-bb09-c92997ac51bb.jpg,https://fulmo-img-server.com/sacoche-sacolla/ba7ded03-29cc-4d34-a671-fa51f70a842e.jpg,https://fulmo-img-server.com/sacoche-sacolla/0427f9de-b922-43c0-8f24-01271f6ba270.jpg,https://fulmo-img-server.com/sacoche-sacolla/23a7bbf8-efa4-46e7-b61d-d702b1bb3478.jpg,https://fulmo-img-server.com/sacoche-sacolla/7d8cff4a-98f8-4b97-be31-dd6612fb95d6.jpg,https://fulmo-img-server.com/sacoche-sacolla/039c9724-702c-43c5-948a-4a97ea72e003.jpg,https://fulmo-img-server.com/sacoche-sacolla/686afb29-95f7-428c-9b79-542f4a49fc1d.jpg","","169"
"502","ナイロン製可愛いサコッシュ斜めがけショルダーバッグ","軽量で丈夫なナイロン素材を使用した可愛らしいサコッシュです。 斜めがけスタイルでお出かけやお散歩に最適な鞄として人気です。 コンパクトながら収納力抜群で、普段使いから旅行まで幅広くご活用いただけます。 リボンなどの装飾が施された上品なデザインが特徴的なナイロンショルダーバッグです。","in stock","new","5600 JPY","https://www.sacoche-sacolla.jp/item/502","https://fulmo-img-server.com/sacoche-sacolla/71212802-6604-4d05-ad91-21db574528af.jpg","sacoche sacolla","https://fulmo-img-server.com/sacoche-sacolla/4d65fc1b-9cc8-488c-b0c2-68948f774b7c.jpg,https://fulmo-img-server.com/sacoche-sacolla/3a72391f-8ee7-4aef-90ad-c5f0ebf9a3ba.jpg,https://fulmo-img-server.com/sacoche-sacolla/0772d5b8-b385-4cf1-9597-e4ecf724cad0.jpg,https://fulmo-img-server.com/sacoche-sacolla/cef70366-fb3d-48b3-baa4-f95c7a303a92.jpg,https://fulmo-img-server.com/sacoche-sacolla/c88d7939-6d44-4d59-960c-476bd12220f5.jpg,https://fulmo-img-server.com/sacoche-sacolla/5e65fb6a-200c-4bf2-b6fa-1793bba3d195.jpg,https://fulmo-img-server.com/sacoche-sacolla/0e957b5a-0728-4a30-affb-20c1d3a94a44.jpg,https://fulmo-img-server.com/sacoche-sacolla/8bd721f0-f3cc-4755-953e-477bca264063.jpg,https://fulmo-img-server.com/sacoche-sacolla/fd182335-1b37-41c0-b613-5eebd54dc888.jpg","","169"
"503","ナイロン素材斜めがけショルダーバッグ多機能サコッシュ","高品質なナイロン素材を使用した多機能ショルダーバッグです。 サコッシュとしても使える便利な斜めがけスタイルで、日常使いに最適。 前面のポケットデザインが収納力を高め、可愛いチャーム付きでおしゃれ度もアップ。 軽量で丈夫なナイロン製なので長時間の使用でも疲れにくく、通勤通学にもおすすめです。","in stock","new","8240 JPY","https://www.sacoche-sacolla.jp/item/503","https://fulmo-img-server.com/sacoche-sacolla/5cf30354-6f94-481f-a475-e415b4647e94.jpg","sacoche sacolla","https://fulmo-img-server.com/sacoche-sacolla/d2970396-1a8f-47b5-80be-52ea576c4b95.jpg,https://fulmo-img-server.com/sacoche-sacolla/0b1cc4ee-721c-4ced-adc9-a3970765768e.jpg,https://fulmo-img-server.com/sacoche-sacolla/5c2ba9d8-11c5-4130-b746-33fc4cba859e.jpg,https://fulmo-img-server.com/sacoche-sacolla/da38da63-0e24-4201-9fab-9d0a3ba94966.jpg,https://fulmo-img-server.com/sacoche-sacolla/c2bd0542-b9c6-4f5c-a6af-65467d9448e9.jpg,https://fulmo-img-server.com/sacoche-sacolla/d4c0d648-4e35-4507-a324-3545629f9998.jpg,https://fulmo-img-server.com/sacoche-sacolla/c7420d93-7e1b-4042-a873-61cd34e37f96.jpg,https://fulmo-img-server.com/sacoche-sacolla/a05bf266-38e2-4596-b413-c2bf6c650f51.jpg,https://fulmo-img-server.com/sacoche-sacolla/b076a2af-07bc-479e-b4d0-a902a82cc044.jpg","","169"
"504","ナイロン素材ボア付きサコッシュ斜めがけショルダーバッグ","温かみのあるボア素材とナイロンを組み合わせたおしゃれなサコッシュです。 斜めがけスタイルで両手が自由に使え、日常使いに最適。 軽量で丈夫なナイロン素材を使用し、コンパクトながら必要な物をしっかり収納できます。 カジュアルコーデにぴったりの実用的なショルダーバッグです。","in stock","new","6000 JPY","https://www.sacoche-sacolla.jp/item/504","https://fulmo-img-server.com/sacoche-sacolla/f71025c3-a6cc-4982-897e-c752d5a858fb.jpg","sacoche sacolla","https://fulmo-img-server.com/sacoche-sacolla/588737a1-ab2b-42bf-9eb4-b179cb7b59d9.jpg,https://fulmo-img-server.com/sacoche-sacolla/18bdba8b-2ef4-4a35-8109-a12868cdbc48.jpg,https://fulmo-img-server.com/sacoche-sacolla/d669ec01-c29e-41d0-a3e2-e9a800794a7b.jpg,https://fulmo-img-server.com/sacoche-sacolla/df3d278a-95da-468e-a6b8-020852363baa.jpg,https://fulmo-img-server.com/sacoche-sacolla/39cba2ca-1f60-44f3-af82-1422386dd733.jpg,https://fulmo-img-server.com/sacoche-sacolla/32d82c4b-896f-4501-9c83-859b4b593a6a.jpg,https://fulmo-img-server.com/sacoche-sacolla/6568d7dd-d0e0-490c-a37d-3db454e788ac.jpg,https://fulmo-img-server.com/sacoche-sacolla/bf79d4a4-4ce0-4044-9521-f90318f07fa5.jpg,https://fulmo-img-server.com/sacoche-sacolla/f8af3419-0e8a-4d6c-a1d8-1c9231ebc462.jpg","","169"
"505","ナイロン製ぬいぐるみサコッシュ斜めがけショルダーバッグ","可愛らしいぬいぐるみデザインのナイロン製サコッシュです。 ふわふわの毛足が特徴的で、カラフルな手足がアクセントになっています。 軽量で持ち運びやすく、普段使いにぴったりのショルダーバッグです。 斜めがけスタイルでおしゃれを楽しめます。","in stock","new","5640 JPY","https://www.sacoche-sacolla.jp/item/505","https://fulmo-img-server.com/sacoche-sacolla/4276915e-79c1-47bd-beab-97c6d6b32892.jpg","sacoche sacolla","https://fulmo-img-server.com/sacoche-sacolla/d6e0e60d-2b2d-48e1-8539-51fe234facd6.jpg,https://fulmo-img-server.com/sacoche-sacolla/5a03c956-055c-41e4-98c5-34181654eeb2.jpg,https://fulmo-img-server.com/sacoche-sacolla/b399a884-58a2-490a-9e01-0a10fb50601a.jpg,https://fulmo-img-server.com/sacoche-sacolla/99a7f541-9f2c-47f6-b8d1-c1d10b6eeb3f.jpg,https://fulmo-img-server.com/sacoche-sacolla/ffaacf80-0979-4a5c-90b2-a463a49dbd46.jpg,https://fulmo-img-server.com/sacoche-sacolla/ce361429-a57f-44bf-8fdf-aaaccf2f90ad.jpg,https://fulmo-img-server.com/sacoche-sacolla/3a70efae-0a29-4af6-ae3f-f2f8e73a21b2.jpg,https://fulmo-img-server.com/sacoche-sacolla/890f9bd5-a751-4cd1-9c37-8d72122176ab.jpg,https://fulmo-img-server.com/sacoche-sacolla/0659dc82-c2f2-466f-8423-bddcb571de6c.jpg","","169"
"506","ナイロン ぬいぐるみ付き サコッシュ 斜めがけ ミニリュック","可愛いぬいぐるみが付いたナイロン製のミニリュック型サコッシュです。 斜めがけスタイルでお出かけが楽しくなる、機能性とデザイン性を兼ね備えた鞄。 コンパクトなサイズながらしっかりとした収納力で、日常使いにぴったりです。","in stock","new","7640 JPY","https://www.sacoche-sacolla.jp/item/506","https://fulmo-img-server.com/sacoche-sacolla/cb7da631-ad74-4e0c-a1ab-17b63c866534.jpg","sacoche sacolla","https://fulmo-img-server.com/sacoche-sacolla/90e7060e-c1ef-4694-ad97-7e70f433c991.jpg,https://fulmo-img-server.com/sacoche-sacolla/adf50825-83dc-4b36-84b4-d5dbb5a164a8.jpg,https://fulmo-img-server.com/sacoche-sacolla/df0a65ad-5349-4ebc-bbad-6c6eddcb5643.jpg,https://fulmo-img-server.com/sacoche-sacolla/e875a81a-c0eb-4845-ae8b-a7d94a8fc653.jpg,https://fulmo-img-server.com/sacoche-sacolla/96a371e7-2b87-4563-8c32-a16fbd0ef9ab.jpg,https://fulmo-img-server.com/sacoche-sacolla/5cfbdcbc-2b5f-48c6-aa43-7997ad5df446.jpg,https://fulmo-img-server.com/sacoche-sacolla/bd6d2bb7-0e75-4c6a-8cc5-c43fdb89723b.jpg,https://fulmo-img-server.com/sacoche-sacolla/b24ef5af-786a-4924-b520-1596e33447eb.jpg,https://fulmo-img-server.com/sacoche-sacolla/25b2e1ad-babd-4429-a3ec-b7690ee01b56.jpg","","169"
"507","くまのぬいぐるみ斜めがけナイロンサコッシュ","可愛いくまのぬいぐるみがサコッシュになったユニークな斜めがけバッグです。 軽量で丈夫なナイロン素材のストラップで、日常使いにも旅行にも最適。 ふわふわの手触りと実用性を兼ね備えた、個性的でおしゃれなショルダーバッグです。","in stock","new","5640 JPY","https://www.sacoche-sacolla.jp/item/507","https://fulmo-img-server.com/sacoche-sacolla/0e33e572-124c-4a05-9916-a05b8c9be6c3.jpg","sacoche sacolla","https://fulmo-img-server.com/sacoche-sacolla/e63a7382-fbf0-4182-ad8b-bb7f3245fc0f.jpg,https://fulmo-img-server.com/sacoche-sacolla/6533ffe7-61ec-4fc4-800e-3bc3d92ade53.jpg,https://fulmo-img-server.com/sacoche-sacolla/a1259a84-750f-4df9-a172-f3bc6ba0552e.jpg,https://fulmo-img-server.com/sacoche-sacolla/9c13a471-827e-41cc-9735-fbbfc8ef62f2.jpg,https://fulmo-img-server.com/sacoche-sacolla/81101583-77b6-44e5-beb8-e6c3ac2ca21d.jpg,https://fulmo-img-server.com/sacoche-sacolla/8b2fd5d0-eab9-4a29-816d-4a53ad7c95eb.jpg,https://fulmo-img-server.com/sacoche-sacolla/6b77f6e4-e269-4dd2-8168-f7fe3f6cf109.jpg","","169"
"508","ナイロン製うさぎぬいぐるみサコッシュ斜めがけショルダーバッグ","可愛いうさぎのぬいぐるみがそのままバッグになった、ナイロン素材のサコッシュです。 軽量で丈夫なナイロン生地を使用し、普段使いからお出かけまで幅広く活用できます。 斜めがけスタイルで両手が自由に使え、実用性とキュートさを兼ね備えた人気のサコッシュバッグです。","in stock","new","5800 JPY","https://www.sacoche-sacolla.jp/item/508","https://fulmo-img-server.com/sacoche-sacolla/574572e8-140e-4273-8c63-c170e874cf64.jpg","sacoche sacolla","https://fulmo-img-server.com/sacoche-sacolla/cb0ec329-1d07-4677-b982-ccf2e7b1f975.jpg,https://fulmo-img-server.com/sacoche-sacolla/294f6a3b-f21a-4d99-9371-0b070b674650.jpg,https://fulmo-img-server.com/sacoche-sacolla/58fb7f92-3f00-469a-b881-495053b43865.jpg,https://fulmo-img-server.com/sacoche-sacolla/e7a84298-2c62-4da3-81ea-ae5cf25f624f.jpg,https://fulmo-img-server.com/sacoche-sacolla/abed2c2a-c965-441a-a6c3-e5aace20dd10.jpg,https://fulmo-img-server.com/sacoche-sacolla/28e594a8-a7d6-490e-b9dd-2923600fed67.jpg,https://fulmo-img-server.com/sacoche-sacolla/32f0f0e1-64a8-46ab-a42c-37ccd284720d.jpg,https://fulmo-img-server.com/sacoche-sacolla/d01f9030-e6e0-4df3-afaf-917ef7f13c77.jpg","","169"
"509","さくらんぼ刺繍レザーサコッシュ フリル付き巾着型ショルダーバッグ","可愛いさくらんぼ刺繍とフリルデザインが魅力のレザーサコッシュです。 巾着型で使いやすく、ショルダーバッグとしても斜め掛けでも楽しめます。 コンパクトなサイズ感で普段使いにぴったり。 上質な合成皮革を使用し、通勤からカジュアルまで幅広いシーンで活躍します。","in stock","new","5800 JPY","https://www.sacoche-sacolla.jp/item/509","https://fulmo-img-server.com/sacoche-sacolla/da480cfe-1161-44c9-95dd-cfcf651e3c48.jpg","sacoche sacolla","https://fulmo-img-server.com/sacoche-sacolla/2c23a40f-e2be-4b05-83d8-016cfc2e0316.jpg,https://fulmo-img-server.com/sacoche-sacolla/2beb319a-3e6c-4de6-9911-a519552be5d1.jpg,https://fulmo-img-server.com/sacoche-sacolla/7fdd8939-da61-46fc-bb20-7b1acb12f621.jpg,https://fulmo-img-server.com/sacoche-sacolla/af5ffc2f-92f6-46f7-991f-c63ab8a8d28b.jpg,https://fulmo-img-server.com/sacoche-sacolla/afd72066-1c34-4ab2-90e2-706cb825a5f7.jpg,https://fulmo-img-server.com/sacoche-sacolla/43a07450-6f2c-44f8-9377-605d5444d76d.jpg,https://fulmo-img-server.com/sacoche-sacolla/43a4c872-d7b8-4a0c-94bf-3f3e99f47ebd.jpg,https://fulmo-img-server.com/sacoche-sacolla/337c92d6-0bd4-4e7f-9da5-76c431fd9457.jpg,https://fulmo-img-server.com/sacoche-sacolla/966e0b2e-33a4-4d89-a450-36003d0b160b.jpg","","169"
"510","ナイロン製豹柄リボンプリント斜めがけサコッシュ","可愛い豹柄リボンが印象的なナイロン製サコッシュです。 軽量で丈夫なナイロン素材を使用し、斜めがけスタイルで日常使いにぴったり。 カジュアルからお出かけまで幅広いシーンで活躍する万能バッグです。 豊富なカラーバリエーションからお気に入りを見つけてください。","in stock","new","4200 JPY","https://www.sacoche-sacolla.jp/item/510","https://fulmo-img-server.com/sacoche-sacolla/3e92f030-1f12-4288-84ed-3210780f64f5.jpg","sacoche sacolla","https://fulmo-img-server.com/sacoche-sacolla/910fc91a-feb6-4521-9364-e9c455862cdb.jpg,https://fulmo-img-server.com/sacoche-sacolla/e31d2f4c-e188-4864-b138-8664e0cd4f91.jpg,https://fulmo-img-server.com/sacoche-sacolla/6c049b08-80b0-4a3d-a85b-c13ed7ea5f56.jpg,https://fulmo-img-server.com/sacoche-sacolla/7f5377d3-dc83-4b03-bf0d-b4ff840256fd.jpg,https://fulmo-img-server.com/sacoche-sacolla/0eec6954-423e-4479-8a1a-9d7a21c5aa91.jpg,https://fulmo-img-server.com/sacoche-sacolla/e165721f-508c-4e67-bf6e-8731c69295a4.jpg,https://fulmo-img-server.com/sacoche-sacolla/970f596b-063f-4f1f-94d9-942bae816d31.jpg,https://fulmo-img-server.com/sacoche-sacolla/d9afe36d-1492-4596-952c-aac35b8ecb27.jpg,https://fulmo-img-server.com/sacoche-sacolla/b7f00c26-6dfe-4bab-a76d-c35dbe144b96.jpg","","169"
"511","ナイロン斜めがけサコッシュ くま付き小物入れ鞄","可愛いくまのぬいぐるみが付いたナイロン製サコッシュです。 コンパクトなサイズで斜めがけスタイルが楽しめる便利な小物入れ鞄。 日常使いからお出かけまで幅広く活躍し、 くまちゃんがアクセントとなって気分を明るくしてくれます。","in stock","new","7440 JPY","https://www.sacoche-sacolla.jp/item/511","https://fulmo-img-server.com/sacoche-sacolla/b64f0120-f7fb-471b-a408-831254323611.jpg","sacoche sacolla","https://fulmo-img-server.com/sacoche-sacolla/b0dfef11-2656-4bbc-8562-18b21a6528f1.jpg,https://fulmo-img-server.com/sacoche-sacolla/d50cf157-7237-41c7-9c83-bcef25aa8d5c.jpg,https://fulmo-img-server.com/sacoche-sacolla/dd38bf98-7005-4009-b551-29bacb5fd516.jpg,https://fulmo-img-server.com/sacoche-sacolla/a5e19e73-5bd7-432a-8a61-1a2c0bc38ce6.jpg,https://fulmo-img-server.com/sacoche-sacolla/79be334d-9760-4863-b97a-395218587a0c.jpg,https://fulmo-img-server.com/sacoche-sacolla/c130866e-1565-4a88-a958-75e7fdf0b415.jpg,https://fulmo-img-server.com/sacoche-sacolla/1eb21297-c011-4523-8628-d5e625b810e4.jpg,https://fulmo-img-server.com/sacoche-sacolla/afcc9e77-ed49-4843-b9bf-6dbedf0cdf38.jpg,https://fulmo-img-server.com/sacoche-sacolla/a325221a-6551-4618-9247-8eb1c3717acb.jpg","","169"
"512","レザーサコッシュ チェーン付き 斜めがけ ショルダーバッグ","上品なレザーサコッシュで、デイリーコーデを格上げ。 金属チェーンとストラップの２ウェイ仕様で、手提げから斜めがけまで自由自在。 コンパクトながら必需品をしっかり収納できる、サコッシュ専門店おすすめの逸品です。","in stock","new","5600 JPY","https://www.sacoche-sacolla.jp/item/512","https://fulmo-img-server.com/sacoche-sacolla/98a8dfaf-e450-4b3a-a384-f8107e4ff413.jpg","sacoche sacolla","https://fulmo-img-server.com/sacoche-sacolla/0d52aa4f-4c6f-4202-9c2b-90fa5cdd57c8.jpg,https://fulmo-img-server.com/sacoche-sacolla/226ad92a-2f37-49f5-950f-a31362865443.jpg,https://fulmo-img-server.com/sacoche-sacolla/a31dd577-c1ea-4c68-b1a0-a616751dd437.jpg,https://fulmo-img-server.com/sacoche-sacolla/6cdd8964-0f1a-40d0-bc15-af40ff459ac1.jpg,https://fulmo-img-server.com/sacoche-sacolla/53d13d07-d868-40b5-8e7c-3048bcfb71bb.jpg,https://fulmo-img-server.com/sacoche-sacolla/1e3dc22d-99fa-4b0d-bd2b-256499354e2a.jpg,https://fulmo-img-server.com/sacoche-sacolla/b138b95c-67c0-4d74-973b-ee055accb3fd.jpg,https://fulmo-img-server.com/sacoche-sacolla/fedacd4f-b1dd-476f-b541-9ff370ef5a18.jpg,https://fulmo-img-server.com/sacoche-sacolla/2571d7d7-4074-4b65-aca7-86d0c7a83ba2.jpg","","169"
"513","ナイロン製フリンジ付きサコッシュ斜めがけショルダーバッグ","スタッズとフリンジがアクセントのおしゃれなナイロン製サコッシュです。 斜めがけスタイルで両手が自由に使え、カジュアルからお出かけまで幅広いシーンで活躍します。 軽量で丈夫なナイロン素材を使用し、長くご愛用いただけるデザインに仕上げました。","in stock","new","7600 JPY","https://www.sacoche-sacolla.jp/item/513","https://fulmo-img-server.com/sacoche-sacolla/74f40227-0590-409c-bb81-d1ffc6bcc69c.jpg","sacoche sacolla","https://fulmo-img-server.com/sacoche-sacolla/8113940a-b268-4b17-95e6-79365204347e.jpg,https://fulmo-img-server.com/sacoche-sacolla/81032bc0-83d3-49f6-b681-0be078c28515.jpg,https://fulmo-img-server.com/sacoche-sacolla/88f19c2b-49a9-4ce6-aad8-40a30b4ee6a8.jpg,https://fulmo-img-server.com/sacoche-sacolla/1ee675fd-eb06-4d8c-80f8-bfb66cd1584b.jpg,https://fulmo-img-server.com/sacoche-sacolla/449f1225-8964-4964-8f3e-b343b560d3ba.jpg,https://fulmo-img-server.com/sacoche-sacolla/02fc2123-22cf-40ad-89be-b90eac6e85c2.jpg,https://fulmo-img-server.com/sacoche-sacolla/88197237-49e0-4af5-b7e3-2465badee178.jpg,https://fulmo-img-server.com/sacoche-sacolla/6a748762-9537-4fa6-bec7-35b3028ee654.jpg,https://fulmo-img-server.com/sacoche-sacolla/3a2f7401-a304-45a9-9261-3d85bb3a8cb8.jpg","","169"
